per_enum_index_show,lte-rrc_UL_DCCH_Message_element_pos,per_extension_bit_showname,per_extension_present_bit_showname,lte-rrc_dedicatedInfoType_size,lte-rrc_UL_DCCH_Message_element_size,per_extension_bit_pos,lte-rrc_c1_showname,lte-rrc_rrc_TransactionIdentifier_value,lte-rrc_c1_show,lte-rrc_ulInformationTransfer_r8_element_size,lte-rrc_criticalExtensions_showname,lte-rrc_selectedPLMN_Identity_value,lte-rrc_phich_Duration_value,lte-rrc_rrc_TransactionIdentifier_pos,per_octet_string_length_show,per_sequence_of_length_pos,lte-rrc_ueCapabilityEnquiry_element_pos,per_enum_index_value,per_octet_string_length_showname,per_enum_index_showname,lte-rrc_DL_DCCH_Message_element_size,lte-rrc_dedicatedInfoNASList_value,lte-rrc_establishmentCause_value,lte-rrc_dedicatedInfoNAS_pos,lte-rrc_drb_ToAddModList_pos,lte-rrc_cellIdentity_pos,lte-rrc_criticalExtensions_value,per_octet_string_length_name,lte-rrc_cellIdentity_showname,per_choice_index_pos,per_sequence_of_length_value,per_enum_index_name,per_choice_index_value,lte-rrc_dedicatedInfoType_value,per_octet_string_length_value,lte-rrc_c1_size,lte-rrc_cqi_ReportConfig_element_pos,lte-rrc_systemInformationBlockType1_element_showname,lte-rrc_dedicatedInfoNAS_show,label
3.0,48.0,4.0,2.0,14.0,14.0,45.0,19.0,28.0,4.0,12.0,6.0,0.0,62.0,40.0,21.0,43.0,42.0,12.0,12.0,3.0,5.0,32.0,19.0,47.0,118.0,34.0,339.0,1.0,2.0,40.0,9.0,0.0,34.0,184.0,9.0,14.0,56.0,1.0,264.0,0
1.0,48.0,4.0,2.0,14.0,14.0,45.0,13.0,28.0,1.0,12.0,6.0,0.0,61.0,40.0,21.0,34.0,42.0,4.0,12.0,1.0,5.0,32.0,19.0,47.0,118.0,34.0,339.0,1.0,0.0,34.0,2.0,0.0,12.0,184.0,9.0,14.0,56.0,0.0,264.0,0
3.0,48.0,4.0,2.0,14.0,14.0,45.0,12.0,28.0,0.0,12.0,5.0,0.0,61.0,40.0,21.0,34.0,42.0,27.0,12.0,5.0,5.0,32.0,19.0,47.0,118.0,34.0,5.0,1.0,2.0,34.0,0.0,1.0,1.0,184.0,9.0,32.0,56.0,1.0,264.0,0
4.0,48.0,4.0,2.0,14.0,14.0,45.0,7.0,28.0,1.0,12.0,3.0,0.0,61.0,40.0,21.0,43.0,42.0,4.0,12.0,4.0,5.0,32.0,2.0,47.0,118.0,34.0,247.0,1.0,2.0,35.0,9.0,0.0,12.0,184.0,9.0,6.0,56.0,1.0,264.0,0
3.0,48.0,2.0,2.0,14.0,14.0,45.0,8.0,60.0,3.0,12.0,0.0,0.0,61.0,44.0,21.0,46.0,42.0,6.0,12.0,3.0,5.0,32.0,19.0,47.0,118.0,34.0,338.0,1.0,2.0,44.0,8.0,0.0,21.0,184.0,9.0,19.0,56.0,1.0,264.0,0
3.0,46.0,4.0,2.0,14.0,34.0,45.0,9.0,20.0,4.0,12.0,0.0,0.0,61.0,46.0,32.0,43.0,42.0,27.0,9.0,5.0,5.0,32.0,19.0,47.0,118.0,34.0,184.0,0.0,2.0,46.0,9.0,1.0,3.0,184.0,1.0,34.0,56.0,1.0,154.0,0
0.0,48.0,1.0,0.0,14.0,14.0,41.0,10.0,30.0,6.0,12.0,0.0,0.0,61.0,40.0,21.0,43.0,42.0,0.0,12.0,0.0,2.0,32.0,19.0,47.0,118.0,34.0,229.0,1.0,2.0,40.0,9.0,0.0,8.0,184.0,9.0,2.0,56.0,1.0,264.0,0
3.0,48.0,4.0,2.0,14.0,1.0,45.0,11.0,28.0,5.0,12.0,4.0,0.0,61.0,48.0,21.0,43.0,42.0,27.0,12.0,5.0,5.0,32.0,19.0,47.0,118.0,34.0,228.0,1.0,2.0,48.0,9.0,1.0,5.0,184.0,9.0,1.0,56.0,1.0,264.0,0
3.0,48.0,4.0,2.0,14.0,14.0,45.0,14.0,38.0,7.0,12.0,0.0,0.0,61.0,40.0,21.0,41.0,40.0,27.0,12.0,5.0,2.0,32.0,19.0,47.0,118.0,34.0,230.0,1.0,2.0,40.0,0.0,1.0,10.0,184.0,9.0,2.0,56.0,1.0,264.0,0
3.0,50.0,4.0,2.0,14.0,14.0,45.0,15.0,38.0,7.0,12.0,0.0,0.0,61.0,50.0,21.0,51.0,42.0,27.0,12.0,5.0,5.0,32.0,19.0,47.0,118.0,34.0,231.0,1.0,2.0,50.0,1.0,1.0,10.0,184.0,9.0,14.0,56.0,1.0,264.0,0
4.0,48.0,3.0,2.0,14.0,14.0,42.0,2.0,20.0,4.0,12.0,0.0,0.0,61.0,40.0,21.0,43.0,42.0,15.0,12.0,4.0,87.0,6.0,19.0,47.0,105.0,34.0,202.0,1.0,2.0,40.0,7.0,0.0,3.0,184.0,9.0,87.0,120.0,1.0,264.0,0
3.0,61.0,4.0,2.0,14.0,15.0,45.0,18.0,28.0,9.0,14.0,0.0,0.0,61.0,40.0,13.0,43.0,42.0,27.0,1.0,5.0,5.0,32.0,19.0,62.0,118.0,34.0,291.0,0.0,2.0,61.0,9.0,1.0,14.0,140.0,2.0,15.0,56.0,1.0,177.0,0
3.0,48.0,4.0,2.0,39.0,14.0,45.0,0.0,8.0,1.0,12.0,0.0,0.0,61.0,40.0,38.0,43.0,42.0,27.0,11.0,5.0,40.0,32.0,19.0,41.0,118.0,34.0,97.0,0.0,2.0,40.0,9.0,1.0,2.0,92.0,2.0,40.0,56.0,1.0,186.0,0
1.0,48.0,4.0,2.0,14.0,14.0,45.0,6.0,28.0,5.0,12.0,0.0,0.0,61.0,40.0,21.0,43.0,42.0,1.0,12.0,1.0,1.0,32.0,19.0,47.0,118.0,34.0,228.0,1.0,2.0,40.0,9.0,0.0,5.0,184.0,9.0,1.0,56.0,1.0,264.0,0
4.0,48.0,4.0,2.0,14.0,14.0,45.0,7.0,28.0,1.0,12.0,3.0,0.0,61.0,40.0,21.0,43.0,42.0,4.0,12.0,4.0,5.0,32.0,2.0,47.0,118.0,34.0,247.0,1.0,2.0,35.0,9.0,0.0,12.0,184.0,9.0,6.0,56.0,1.0,264.0,0
3.0,48.0,2.0,2.0,14.0,14.0,45.0,8.0,60.0,3.0,12.0,0.0,0.0,61.0,44.0,21.0,46.0,42.0,6.0,12.0,3.0,5.0,32.0,19.0,47.0,118.0,34.0,338.0,1.0,2.0,44.0,8.0,0.0,21.0,184.0,9.0,19.0,56.0,1.0,264.0,0
3.0,46.0,4.0,2.0,14.0,30.0,45.0,9.0,20.0,4.0,12.0,0.0,0.0,61.0,46.0,28.0,43.0,42.0,27.0,7.0,5.0,5.0,32.0,19.0,47.0,118.0,34.0,135.0,0.0,2.0,46.0,9.0,1.0,3.0,184.0,1.0,30.0,56.0,1.0,134.0,0
1.0,48.0,4.0,2.0,14.0,14.0,45.0,6.0,28.0,5.0,12.0,0.0,0.0,61.0,40.0,21.0,43.0,42.0,1.0,12.0,1.0,1.0,32.0,19.0,47.0,118.0,34.0,228.0,1.0,2.0,40.0,9.0,0.0,5.0,184.0,9.0,1.0,56.0,1.0,264.0,0
3.0,48.0,4.0,2.0,14.0,14.0,45.0,19.0,28.0,4.0,12.0,6.0,0.0,61.0,40.0,21.0,43.0,42.0,11.0,12.0,3.0,5.0,32.0,19.0,47.0,118.0,34.0,339.0,1.0,2.0,40.0,9.0,0.0,34.0,184.0,9.0,14.0,56.0,1.0,264.0,0
1.0,48.0,4.0,2.0,14.0,14.0,45.0,13.0,28.0,1.0,12.0,6.0,0.0,61.0,40.0,21.0,34.0,42.0,4.0,12.0,1.0,5.0,32.0,19.0,47.0,118.0,34.0,339.0,1.0,0.0,34.0,2.0,0.0,12.0,184.0,9.0,14.0,56.0,0.0,264.0,0
3.0,48.0,4.0,2.0,14.0,14.0,45.0,12.0,28.0,0.0,12.0,5.0,0.0,61.0,40.0,21.0,34.0,42.0,27.0,12.0,5.0,5.0,32.0,19.0,47.0,118.0,34.0,5.0,1.0,2.0,34.0,0.0,1.0,1.0,184.0,9.0,32.0,56.0,1.0,264.0,0
4.0,48.0,4.0,2.0,14.0,14.0,45.0,7.0,28.0,1.0,12.0,3.0,0.0,61.0,40.0,21.0,43.0,42.0,4.0,12.0,4.0,5.0,32.0,2.0,47.0,118.0,34.0,247.0,1.0,2.0,35.0,9.0,0.0,12.0,184.0,9.0,6.0,56.0,1.0,264.0,0
3.0,48.0,2.0,2.0,14.0,14.0,45.0,8.0,60.0,3.0,12.0,0.0,0.0,61.0,44.0,21.0,46.0,42.0,6.0,12.0,3.0,5.0,32.0,19.0,47.0,118.0,34.0,338.0,1.0,2.0,44.0,8.0,0.0,21.0,184.0,9.0,19.0,56.0,1.0,264.0,0
3.0,46.0,4.0,2.0,14.0,34.0,45.0,9.0,20.0,4.0,12.0,0.0,0.0,61.0,46.0,32.0,43.0,42.0,27.0,9.0,5.0,5.0,32.0,19.0,47.0,118.0,34.0,179.0,0.0,2.0,46.0,9.0,1.0,3.0,184.0,1.0,34.0,56.0,1.0,141.0,0
3.0,48.0,4.0,2.0,4.0,14.0,45.0,0.0,8.0,1.0,12.0,0.0,0.0,61.0,40.0,3.0,43.0,42.0,27.0,8.0,5.0,5.0,32.0,19.0,41.0,118.0,34.0,7.0,0.0,2.0,40.0,9.0,1.0,2.0,1.0,1.0,5.0,56.0,1.0,74.0,0
3.0,48.0,4.0,2.0,12.0,13.0,45.0,18.0,28.0,9.0,12.0,0.0,0.0,61.0,40.0,11.0,43.0,42.0,27.0,0.0,5.0,5.0,32.0,19.0,49.0,118.0,34.0,281.0,0.0,2.0,48.0,9.0,1.0,14.0,130.0,2.0,13.0,56.0,1.0,75.0,0
3.0,48.0,4.0,2.0,37.0,14.0,45.0,0.0,8.0,1.0,12.0,0.0,0.0,61.0,40.0,36.0,43.0,42.0,27.0,10.0,5.0,38.0,32.0,19.0,41.0,118.0,34.0,35.0,0.0,2.0,40.0,9.0,1.0,2.0,30.0,2.0,38.0,56.0,1.0,6.0,0
3.0,50.0,4.0,2.0,12.0,13.0,45.0,18.0,28.0,9.0,12.0,0.0,0.0,61.0,40.0,11.0,43.0,42.0,27.0,0.0,5.0,5.0,32.0,19.0,51.0,118.0,34.0,276.0,0.0,2.0,50.0,9.0,1.0,14.0,125.0,2.0,13.0,56.0,1.0,69.0,0
3.0,48.0,4.0,2.0,25.0,14.0,45.0,0.0,8.0,1.0,12.0,0.0,0.0,61.0,40.0,24.0,43.0,42.0,27.0,5.0,5.0,26.0,32.0,19.0,41.0,118.0,34.0,25.0,0.0,2.0,40.0,9.0,1.0,2.0,20.0,1.0,26.0,56.0,1.0,239.0,0
3.0,48.0,4.0,2.0,20.0,21.0,45.0,18.0,28.0,9.0,20.0,0.0,0.0,61.0,40.0,19.0,43.0,42.0,27.0,2.0,5.0,5.0,32.0,19.0,49.0,118.0,34.0,334.0,0.0,2.0,48.0,9.0,1.0,14.0,183.0,3.0,21.0,56.0,1.0,263.0,0
0.0,48.0,1.0,0.0,14.0,14.0,41.0,10.0,30.0,6.0,12.0,0.0,0.0,61.0,40.0,21.0,43.0,42.0,0.0,12.0,0.0,2.0,32.0,19.0,47.0,118.0,34.0,229.0,1.0,2.0,40.0,9.0,0.0,8.0,184.0,9.0,2.0,56.0,1.0,264.0,0
3.0,50.0,4.0,2.0,14.0,1.0,45.0,11.0,28.0,5.0,12.0,4.0,0.0,61.0,50.0,21.0,43.0,42.0,27.0,12.0,5.0,5.0,32.0,19.0,47.0,118.0,34.0,228.0,1.0,2.0,50.0,9.0,1.0,5.0,184.0,9.0,1.0,56.0,1.0,264.0,0
3.0,48.0,4.0,2.0,14.0,14.0,45.0,14.0,38.0,7.0,12.0,0.0,0.0,61.0,44.0,21.0,45.0,44.0,27.0,12.0,5.0,2.0,32.0,19.0,47.0,118.0,34.0,230.0,1.0,2.0,44.0,0.0,1.0,10.0,184.0,9.0,2.0,56.0,1.0,264.0,0
3.0,48.0,4.0,2.0,14.0,14.0,45.0,15.0,38.0,7.0,12.0,0.0,0.0,61.0,48.0,21.0,49.0,42.0,27.0,12.0,5.0,5.0,32.0,19.0,47.0,118.0,34.0,231.0,1.0,2.0,48.0,1.0,1.0,10.0,184.0,9.0,14.0,56.0,1.0,264.0,0
4.0,48.0,3.0,2.0,14.0,14.0,42.0,2.0,20.0,4.0,12.0,0.0,0.0,61.0,40.0,21.0,43.0,42.0,15.0,12.0,4.0,100.0,18.0,19.0,47.0,118.0,34.0,214.0,1.0,2.0,40.0,7.0,0.0,3.0,184.0,9.0,100.0,133.0,1.0,264.0,0
3.0,61.0,4.0,2.0,14.0,15.0,45.0,18.0,28.0,9.0,14.0,0.0,0.0,61.0,40.0,13.0,43.0,42.0,27.0,1.0,5.0,5.0,32.0,19.0,62.0,118.0,34.0,311.0,0.0,2.0,61.0,9.0,1.0,14.0,160.0,2.0,15.0,56.0,1.0,213.0,0
3.0,48.0,4.0,2.0,39.0,14.0,45.0,0.0,8.0,1.0,12.0,0.0,0.0,61.0,42.0,38.0,43.0,42.0,27.0,11.0,5.0,40.0,32.0,19.0,43.0,118.0,34.0,96.0,0.0,2.0,42.0,9.0,1.0,2.0,91.0,2.0,40.0,56.0,1.0,185.0,0
2.0,48.0,4.0,2.0,14.0,14.0,45.0,5.0,28.0,0.0,12.0,2.0,0.0,61.0,40.0,21.0,43.0,42.0,8.0,12.0,2.0,5.0,32.0,19.0,47.0,118.0,34.0,0.0,1.0,2.0,35.0,9.0,0.0,1.0,184.0,9.0,6.0,56.0,1.0,264.0,0
4.0,48.0,4.0,2.0,14.0,14.0,45.0,7.0,28.0,1.0,12.0,3.0,0.0,61.0,40.0,21.0,43.0,42.0,26.0,12.0,4.0,5.0,32.0,18.0,47.0,118.0,34.0,246.0,1.0,2.0,35.0,9.0,0.0,12.0,184.0,9.0,6.0,56.0,1.0,264.0,1
3.0,48.0,2.0,2.0,14.0,14.0,45.0,8.0,60.0,3.0,12.0,0.0,0.0,61.0,44.0,21.0,46.0,42.0,6.0,12.0,3.0,5.0,32.0,19.0,47.0,118.0,34.0,338.0,1.0,2.0,44.0,8.0,0.0,21.0,184.0,9.0,19.0,56.0,1.0,264.0,1
0.0,46.0,4.0,2.0,14.0,31.0,45.0,9.0,20.0,4.0,12.0,0.0,10.0,61.0,46.0,28.0,43.0,42.0,27.0,7.0,0.0,5.0,32.0,19.0,47.0,118.0,34.0,188.0,0.0,2.0,46.0,9.0,0.0,3.0,184.0,5.0,31.0,56.0,1.0,150.0,1
3.0,48.0,4.0,2.0,4.0,14.0,45.0,0.0,8.0,1.0,12.0,0.0,0.0,61.0,40.0,3.0,43.0,42.0,27.0,8.0,5.0,5.0,32.0,19.0,41.0,118.0,34.0,6.0,0.0,2.0,40.0,9.0,1.0,2.0,0.0,1.0,5.0,56.0,1.0,1.0,1
1.0,48.0,4.0,2.0,14.0,14.0,45.0,6.0,28.0,5.0,12.0,0.0,0.0,61.0,40.0,21.0,43.0,42.0,1.0,12.0,1.0,1.0,32.0,19.0,47.0,118.0,34.0,228.0,1.0,2.0,40.0,9.0,0.0,5.0,184.0,9.0,1.0,56.0,1.0,264.0,1
3.0,48.0,4.0,2.0,14.0,14.0,45.0,19.0,28.0,4.0,12.0,6.0,0.0,60.0,40.0,21.0,43.0,42.0,10.0,12.0,3.0,5.0,32.0,19.0,47.0,118.0,34.0,339.0,1.0,2.0,40.0,9.0,0.0,34.0,184.0,9.0,14.0,56.0,1.0,264.0,1
1.0,48.0,4.0,2.0,14.0,14.0,45.0,13.0,28.0,1.0,12.0,6.0,0.0,61.0,40.0,21.0,34.0,42.0,4.0,12.0,1.0,5.0,32.0,19.0,47.0,118.0,34.0,339.0,1.0,1.0,34.0,2.0,0.0,12.0,184.0,9.0,14.0,56.0,0.0,264.0,1
3.0,48.0,4.0,2.0,14.0,14.0,45.0,12.0,28.0,0.0,12.0,5.0,0.0,61.0,40.0,21.0,34.0,42.0,27.0,12.0,5.0,5.0,32.0,19.0,47.0,118.0,34.0,5.0,1.0,2.0,34.0,0.0,1.0,1.0,184.0,9.0,32.0,56.0,1.0,264.0,1
4.0,48.0,4.0,2.0,14.0,14.0,45.0,7.0,28.0,1.0,12.0,3.0,0.0,61.0,40.0,21.0,43.0,42.0,26.0,12.0,4.0,5.0,32.0,18.0,47.0,118.0,34.0,246.0,1.0,2.0,35.0,9.0,0.0,12.0,184.0,9.0,6.0,56.0,1.0,264.0,1
3.0,48.0,2.0,2.0,14.0,14.0,45.0,8.0,60.0,3.0,12.0,0.0,0.0,61.0,44.0,21.0,46.0,42.0,6.0,12.0,3.0,5.0,32.0,19.0,47.0,118.0,34.0,338.0,1.0,2.0,44.0,8.0,0.0,21.0,184.0,9.0,19.0,56.0,1.0,264.0,1
0.0,46.0,4.0,2.0,14.0,35.0,45.0,9.0,20.0,4.0,12.0,0.0,10.0,61.0,46.0,32.0,43.0,42.0,27.0,9.0,0.0,5.0,32.0,19.0,47.0,118.0,34.0,193.0,0.0,2.0,46.0,9.0,0.0,3.0,184.0,5.0,35.0,56.0,1.0,104.0,1
3.0,48.0,4.0,2.0,4.0,14.0,45.0,0.0,8.0,1.0,12.0,0.0,0.0,61.0,40.0,3.0,43.0,42.0,27.0,8.0,5.0,5.0,32.0,19.0,41.0,118.0,34.0,7.0,0.0,2.0,40.0,9.0,1.0,2.0,1.0,1.0,5.0,56.0,1.0,74.0,1
3.0,48.0,4.0,2.0,12.0,13.0,45.0,18.0,28.0,9.0,12.0,0.0,0.0,61.0,40.0,11.0,43.0,42.0,27.0,0.0,5.0,5.0,32.0,19.0,49.0,118.0,34.0,281.0,0.0,2.0,48.0,9.0,1.0,14.0,130.0,2.0,13.0,56.0,1.0,75.0,1
3.0,48.0,4.0,2.0,37.0,14.0,45.0,0.0,8.0,1.0,12.0,0.0,0.0,61.0,40.0,36.0,43.0,42.0,27.0,10.0,5.0,38.0,32.0,19.0,41.0,118.0,34.0,68.0,0.0,2.0,40.0,9.0,1.0,2.0,63.0,2.0,38.0,56.0,1.0,39.0,1
3.0,50.0,4.0,2.0,4.0,5.0,45.0,18.0,28.0,9.0,4.0,0.0,0.0,61.0,40.0,3.0,43.0,42.0,27.0,8.0,5.0,5.0,32.0,19.0,51.0,118.0,34.0,259.0,0.0,2.0,50.0,9.0,1.0,14.0,2.0,1.0,5.0,56.0,1.0,76.0,1
1.0,48.0,4.0,2.0,14.0,14.0,45.0,6.0,28.0,5.0,12.0,0.0,0.0,61.0,40.0,21.0,43.0,42.0,1.0,12.0,1.0,1.0,32.0,19.0,47.0,118.0,34.0,228.0,1.0,2.0,40.0,9.0,0.0,5.0,184.0,9.0,1.0,56.0,1.0,264.0,1
1.0,48.0,4.0,2.0,14.0,14.0,45.0,6.0,28.0,5.0,12.0,0.0,0.0,61.0,40.0,21.0,43.0,42.0,1.0,12.0,1.0,1.0,32.0,19.0,47.0,118.0,34.0,228.0,1.0,2.0,40.0,9.0,0.0,5.0,184.0,9.0,1.0,56.0,1.0,264.0,1
3.0,48.0,4.0,2.0,14.0,14.0,45.0,19.0,28.0,4.0,12.0,6.0,0.0,61.0,40.0,21.0,43.0,42.0,11.0,12.0,3.0,5.0,32.0,19.0,47.0,118.0,34.0,339.0,1.0,2.0,40.0,9.0,0.0,34.0,184.0,9.0,14.0,56.0,1.0,264.0,1
1.0,48.0,4.0,2.0,14.0,14.0,45.0,13.0,28.0,1.0,12.0,6.0,0.0,61.0,40.0,21.0,34.0,42.0,4.0,12.0,1.0,5.0,32.0,19.0,47.0,118.0,34.0,339.0,1.0,1.0,34.0,2.0,0.0,12.0,184.0,9.0,14.0,56.0,0.0,264.0,1
3.0,48.0,4.0,2.0,14.0,14.0,45.0,12.0,28.0,0.0,12.0,5.0,0.0,61.0,40.0,21.0,34.0,42.0,27.0,12.0,5.0,5.0,32.0,19.0,47.0,118.0,34.0,5.0,1.0,2.0,34.0,0.0,1.0,1.0,184.0,9.0,32.0,56.0,1.0,264.0,1
4.0,48.0,4.0,2.0,14.0,14.0,45.0,7.0,28.0,1.0,12.0,3.0,0.0,61.0,40.0,21.0,43.0,42.0,26.0,12.0,4.0,5.0,32.0,18.0,47.0,118.0,34.0,246.0,1.0,2.0,35.0,9.0,0.0,12.0,184.0,9.0,6.0,56.0,1.0,264.0,1
3.0,48.0,2.0,2.0,14.0,14.0,45.0,8.0,60.0,3.0,12.0,0.0,0.0,61.0,44.0,21.0,46.0,42.0,6.0,12.0,3.0,5.0,32.0,19.0,47.0,118.0,34.0,338.0,1.0,2.0,44.0,8.0,0.0,21.0,184.0,9.0,19.0,56.0,1.0,264.0,1
0.0,46.0,4.0,2.0,14.0,35.0,45.0,9.0,20.0,4.0,12.0,0.0,10.0,61.0,46.0,32.0,43.0,42.0,27.0,9.0,0.0,5.0,32.0,19.0,47.0,118.0,34.0,192.0,0.0,2.0,46.0,9.0,0.0,3.0,184.0,5.0,35.0,56.0,1.0,86.0,1
3.0,48.0,4.0,2.0,4.0,14.0,45.0,0.0,8.0,1.0,12.0,0.0,0.0,61.0,40.0,3.0,43.0,42.0,27.0,8.0,5.0,5.0,32.0,19.0,41.0,118.0,34.0,7.0,0.0,2.0,40.0,9.0,1.0,2.0,1.0,1.0,5.0,56.0,1.0,74.0,1
3.0,48.0,4.0,2.0,12.0,13.0,45.0,18.0,28.0,9.0,12.0,0.0,0.0,61.0,40.0,11.0,43.0,42.0,27.0,0.0,5.0,5.0,32.0,19.0,49.0,118.0,34.0,281.0,0.0,2.0,48.0,9.0,1.0,14.0,130.0,2.0,13.0,56.0,1.0,75.0,1
3.0,48.0,4.0,2.0,37.0,14.0,45.0,0.0,8.0,1.0,12.0,0.0,0.0,61.0,40.0,36.0,43.0,42.0,27.0,10.0,5.0,38.0,32.0,19.0,41.0,118.0,34.0,78.0,0.0,2.0,40.0,9.0,1.0,2.0,73.0,2.0,38.0,56.0,1.0,49.0,1
3.0,50.0,4.0,2.0,4.0,5.0,45.0,18.0,28.0,9.0,4.0,0.0,0.0,61.0,40.0,3.0,43.0,42.0,27.0,8.0,5.0,5.0,32.0,19.0,51.0,118.0,34.0,259.0,0.0,2.0,50.0,9.0,1.0,14.0,2.0,1.0,5.0,56.0,1.0,76.0,1
1.0,48.0,4.0,2.0,14.0,14.0,45.0,6.0,28.0,5.0,12.0,0.0,0.0,61.0,40.0,21.0,43.0,42.0,1.0,12.0,1.0,1.0,32.0,19.0,47.0,118.0,34.0,228.0,1.0,2.0,40.0,9.0,0.0,5.0,184.0,9.0,1.0,56.0,1.0,264.0,1
3.0,48.0,4.0,2.0,14.0,14.0,45.0,19.0,28.0,4.0,12.0,6.0,0.0,63.0,40.0,21.0,43.0,42.0,13.0,12.0,3.0,5.0,32.0,19.0,47.0,118.0,34.0,339.0,1.0,2.0,40.0,9.0,0.0,34.0,184.0,9.0,14.0,56.0,1.0,264.0,1
1.0,48.0,4.0,2.0,14.0,14.0,45.0,13.0,28.0,1.0,12.0,6.0,0.0,61.0,40.0,21.0,34.0,42.0,4.0,12.0,1.0,5.0,32.0,19.0,47.0,118.0,34.0,339.0,1.0,1.0,34.0,2.0,0.0,12.0,184.0,9.0,14.0,56.0,0.0,264.0,1
3.0,48.0,4.0,2.0,14.0,14.0,45.0,12.0,28.0,0.0,12.0,5.0,0.0,61.0,40.0,21.0,34.0,42.0,27.0,12.0,5.0,5.0,32.0,19.0,47.0,118.0,34.0,5.0,1.0,2.0,34.0,0.0,1.0,1.0,184.0,9.0,32.0,56.0,1.0,264.0,1
4.0,48.0,4.0,2.0,14.0,14.0,45.0,7.0,28.0,1.0,12.0,3.0,0.0,61.0,40.0,21.0,43.0,42.0,26.0,12.0,4.0,5.0,32.0,18.0,47.0,118.0,34.0,246.0,1.0,2.0,35.0,9.0,0.0,12.0,184.0,9.0,6.0,56.0,1.0,264.0,1
3.0,48.0,2.0,2.0,14.0,14.0,45.0,8.0,60.0,3.0,12.0,0.0,0.0,61.0,44.0,21.0,46.0,42.0,6.0,12.0,3.0,5.0,32.0,19.0,47.0,118.0,34.0,338.0,1.0,2.0,44.0,8.0,0.0,21.0,184.0,9.0,19.0,56.0,1.0,264.0,1
0.0,46.0,4.0,2.0,14.0,35.0,45.0,9.0,20.0,4.0,12.0,0.0,10.0,61.0,46.0,32.0,43.0,42.0,27.0,9.0,0.0,5.0,32.0,19.0,47.0,118.0,34.0,191.0,0.0,2.0,46.0,9.0,0.0,3.0,184.0,5.0,35.0,56.0,1.0,85.0,1
3.0,48.0,4.0,2.0,4.0,14.0,45.0,0.0,8.0,1.0,12.0,0.0,0.0,61.0,40.0,3.0,43.0,42.0,27.0,8.0,5.0,5.0,32.0,19.0,41.0,118.0,34.0,7.0,0.0,2.0,40.0,9.0,1.0,2.0,1.0,1.0,5.0,56.0,1.0,74.0,1
3.0,48.0,4.0,2.0,12.0,13.0,45.0,18.0,28.0,9.0,12.0,0.0,0.0,61.0,40.0,11.0,43.0,42.0,27.0,0.0,5.0,5.0,32.0,19.0,49.0,118.0,34.0,281.0,0.0,2.0,48.0,9.0,1.0,14.0,130.0,2.0,13.0,56.0,1.0,75.0,1
3.0,48.0,4.0,2.0,37.0,14.0,45.0,0.0,8.0,1.0,12.0,0.0,0.0,61.0,40.0,36.0,43.0,42.0,27.0,10.0,5.0,38.0,32.0,19.0,41.0,118.0,34.0,74.0,0.0,2.0,40.0,9.0,1.0,2.0,69.0,2.0,38.0,56.0,1.0,45.0,1
3.0,50.0,4.0,2.0,4.0,5.0,45.0,18.0,28.0,9.0,4.0,0.0,0.0,61.0,40.0,3.0,43.0,42.0,27.0,8.0,5.0,5.0,32.0,19.0,51.0,118.0,34.0,259.0,0.0,2.0,50.0,9.0,1.0,14.0,2.0,1.0,5.0,56.0,1.0,76.0,1
1.0,48.0,4.0,2.0,14.0,14.0,45.0,6.0,28.0,5.0,12.0,0.0,0.0,61.0,40.0,21.0,43.0,42.0,1.0,12.0,1.0,1.0,32.0,19.0,47.0,118.0,34.0,228.0,1.0,2.0,40.0,9.0,0.0,5.0,184.0,9.0,1.0,56.0,1.0,264.0,1
3.0,48.0,4.0,2.0,14.0,14.0,45.0,19.0,28.0,4.0,12.0,6.0,0.0,61.0,40.0,21.0,43.0,42.0,11.0,12.0,3.0,5.0,32.0,19.0,47.0,118.0,34.0,339.0,1.0,2.0,40.0,9.0,0.0,34.0,184.0,9.0,14.0,56.0,1.0,264.0,1
1.0,48.0,4.0,2.0,14.0,14.0,45.0,13.0,28.0,1.0,12.0,6.0,0.0,61.0,40.0,21.0,34.0,42.0,4.0,12.0,1.0,5.0,32.0,19.0,47.0,118.0,34.0,339.0,1.0,1.0,34.0,2.0,0.0,12.0,184.0,9.0,14.0,56.0,0.0,264.0,1
3.0,48.0,4.0,2.0,14.0,14.0,45.0,12.0,28.0,0.0,12.0,5.0,0.0,61.0,40.0,21.0,34.0,42.0,27.0,12.0,5.0,5.0,32.0,19.0,47.0,118.0,34.0,5.0,1.0,2.0,34.0,0.0,1.0,1.0,184.0,9.0,32.0,56.0,1.0,264.0,1
4.0,48.0,4.0,2.0,14.0,14.0,45.0,7.0,28.0,1.0,12.0,3.0,0.0,61.0,40.0,21.0,43.0,42.0,26.0,12.0,4.0,5.0,32.0,18.0,47.0,118.0,34.0,246.0,1.0,2.0,35.0,9.0,0.0,12.0,184.0,9.0,6.0,56.0,1.0,264.0,1
3.0,48.0,2.0,2.0,14.0,14.0,45.0,8.0,60.0,3.0,12.0,0.0,0.0,61.0,44.0,21.0,46.0,42.0,6.0,12.0,3.0,5.0,32.0,19.0,47.0,118.0,34.0,338.0,1.0,2.0,44.0,8.0,0.0,21.0,184.0,9.0,19.0,56.0,1.0,264.0,1
0.0,46.0,4.0,2.0,14.0,35.0,45.0,9.0,20.0,4.0,12.0,0.0,10.0,61.0,46.0,32.0,43.0,42.0,27.0,9.0,0.0,5.0,32.0,19.0,47.0,118.0,34.0,190.0,0.0,2.0,46.0,9.0,0.0,3.0,184.0,5.0,35.0,56.0,1.0,83.0,1
3.0,48.0,4.0,2.0,4.0,14.0,45.0,0.0,8.0,1.0,12.0,0.0,0.0,61.0,40.0,3.0,43.0,42.0,27.0,8.0,5.0,5.0,32.0,19.0,41.0,118.0,34.0,7.0,0.0,2.0,40.0,9.0,1.0,2.0,1.0,1.0,5.0,56.0,1.0,74.0,1
3.0,48.0,4.0,2.0,12.0,13.0,45.0,18.0,28.0,9.0,12.0,0.0,0.0,61.0,40.0,11.0,43.0,42.0,27.0,0.0,5.0,5.0,32.0,19.0,49.0,118.0,34.0,281.0,0.0,2.0,48.0,9.0,1.0,14.0,130.0,2.0,13.0,56.0,1.0,75.0,1
3.0,48.0,4.0,2.0,37.0,14.0,45.0,0.0,8.0,1.0,12.0,0.0,0.0,61.0,40.0,36.0,43.0,42.0,27.0,10.0,5.0,38.0,32.0,19.0,41.0,118.0,34.0,81.0,0.0,2.0,40.0,9.0,1.0,2.0,76.0,2.0,38.0,56.0,1.0,52.0,1
3.0,50.0,4.0,2.0,4.0,5.0,45.0,18.0,28.0,9.0,4.0,0.0,0.0,61.0,40.0,3.0,43.0,42.0,27.0,8.0,5.0,5.0,32.0,19.0,51.0,118.0,34.0,259.0,0.0,2.0,50.0,9.0,1.0,14.0,2.0,1.0,5.0,56.0,1.0,76.0,1
1.0,48.0,4.0,2.0,14.0,14.0,45.0,6.0,28.0,5.0,12.0,0.0,0.0,61.0,40.0,21.0,43.0,42.0,1.0,12.0,1.0,1.0,32.0,19.0,47.0,118.0,34.0,228.0,1.0,2.0,40.0,9.0,0.0,5.0,184.0,9.0,1.0,56.0,1.0,264.0,1
3.0,48.0,4.0,2.0,14.0,14.0,45.0,19.0,28.0,4.0,12.0,6.0,0.0,61.0,40.0,21.0,43.0,42.0,27.0,12.0,5.0,5.0,32.0,19.0,47.0,118.0,34.0,339.0,1.0,2.0,34.0,9.0,1.0,33.0,184.0,9.0,14.0,56.0,1.0,264.0,1
3.0,48.0,4.0,2.0,14.0,14.0,45.0,19.0,28.0,4.0,12.0,6.0,0.0,61.0,40.0,21.0,43.0,42.0,27.0,12.0,5.0,5.0,32.0,19.0,47.0,118.0,34.0,339.0,1.0,2.0,34.0,9.0,1.0,30.0,184.0,9.0,14.0,56.0,1.0,264.0,1
3.0,48.0,4.0,2.0,14.0,14.0,45.0,19.0,28.0,4.0,12.0,6.0,0.0,61.0,40.0,21.0,43.0,42.0,27.0,12.0,5.0,5.0,32.0,19.0,47.0,118.0,34.0,339.0,1.0,2.0,34.0,9.0,1.0,28.0,184.0,9.0,14.0,56.0,1.0,264.0,1
3.0,48.0,4.0,2.0,14.0,14.0,45.0,19.0,28.0,4.0,12.0,6.0,0.0,61.0,40.0,21.0,43.0,42.0,27.0,12.0,5.0,5.0,32.0,19.0,47.0,118.0,34.0,339.0,1.0,2.0,34.0,9.0,1.0,27.0,184.0,9.0,14.0,56.0,1.0,264.0,1
3.0,48.0,4.0,2.0,14.0,14.0,45.0,19.0,28.0,4.0,12.0,6.0,0.0,61.0,40.0,21.0,43.0,42.0,27.0,12.0,5.0,5.0,32.0,19.0,47.0,118.0,34.0,339.0,1.0,2.0,34.0,9.0,1.0,29.0,184.0,9.0,14.0,56.0,1.0,264.0,1
3.0,48.0,4.0,2.0,14.0,14.0,45.0,19.0,28.0,4.0,12.0,6.0,0.0,61.0,40.0,21.0,43.0,42.0,27.0,12.0,5.0,5.0,32.0,19.0,47.0,118.0,34.0,339.0,1.0,2.0,34.0,9.0,1.0,26.0,184.0,9.0,14.0,56.0,1.0,264.0,1
3.0,48.0,4.0,2.0,14.0,14.0,45.0,1.0,28.0,0.0,12.0,6.0,0.0,61.0,40.0,21.0,34.0,42.0,27.0,12.0,5.0,5.0,32.0,19.0,47.0,118.0,34.0,339.0,1.0,2.0,34.0,4.0,1.0,17.0,184.0,9.0,0.0,56.0,1.0,264.0,1
3.0,48.0,4.0,2.0,14.0,14.0,45.0,19.0,28.0,4.0,12.0,6.0,0.0,62.0,40.0,21.0,43.0,42.0,12.0,12.0,3.0,5.0,32.0,19.0,47.0,118.0,34.0,339.0,1.0,2.0,40.0,9.0,0.0,34.0,184.0,9.0,14.0,56.0,1.0,264.0,0
1.0,48.0,4.0,2.0,14.0,14.0,45.0,13.0,28.0,1.0,12.0,6.0,0.0,61.0,40.0,21.0,34.0,42.0,4.0,12.0,1.0,5.0,32.0,19.0,47.0,118.0,34.0,339.0,1.0,0.0,34.0,2.0,0.0,12.0,184.0,9.0,14.0,56.0,0.0,264.0,0
3.0,48.0,4.0,2.0,14.0,14.0,45.0,12.0,28.0,0.0,12.0,5.0,0.0,61.0,40.0,21.0,34.0,42.0,27.0,12.0,5.0,5.0,32.0,19.0,47.0,118.0,34.0,5.0,1.0,2.0,34.0,0.0,1.0,1.0,184.0,9.0,32.0,56.0,1.0,264.0,0
4.0,48.0,4.0,2.0,14.0,14.0,45.0,7.0,28.0,1.0,12.0,3.0,0.0,61.0,40.0,21.0,43.0,42.0,26.0,12.0,4.0,5.0,32.0,18.0,47.0,118.0,34.0,246.0,1.0,2.0,35.0,9.0,0.0,12.0,184.0,9.0,6.0,56.0,1.0,264.0,0
3.0,48.0,2.0,2.0,14.0,14.0,45.0,8.0,60.0,3.0,12.0,0.0,0.0,61.0,44.0,21.0,46.0,42.0,6.0,12.0,3.0,5.0,32.0,19.0,47.0,118.0,34.0,338.0,1.0,2.0,44.0,8.0,0.0,21.0,184.0,9.0,19.0,56.0,1.0,264.0,0
0.0,46.0,4.0,2.0,14.0,24.0,45.0,9.0,20.0,4.0,12.0,0.0,10.0,61.0,46.0,21.0,43.0,42.0,27.0,4.0,0.0,5.0,32.0,19.0,47.0,118.0,34.0,186.0,0.0,2.0,46.0,9.0,0.0,3.0,184.0,5.0,24.0,56.0,1.0,0.0,0
3.0,48.0,4.0,2.0,37.0,14.0,45.0,0.0,8.0,1.0,12.0,0.0,0.0,61.0,40.0,36.0,43.0,42.0,27.0,10.0,5.0,38.0,32.0,19.0,41.0,118.0,34.0,34.0,0.0,2.0,40.0,9.0,1.0,2.0,29.0,2.0,38.0,56.0,1.0,5.0,0
3.0,48.0,4.0,2.0,12.0,13.0,45.0,18.0,28.0,9.0,12.0,0.0,0.0,61.0,40.0,11.0,43.0,42.0,27.0,0.0,5.0,5.0,32.0,19.0,49.0,118.0,34.0,280.0,0.0,2.0,48.0,9.0,1.0,14.0,129.0,2.0,13.0,56.0,1.0,73.0,0
3.0,48.0,4.0,2.0,25.0,14.0,45.0,0.0,8.0,1.0,12.0,0.0,0.0,61.0,40.0,24.0,43.0,42.0,27.0,5.0,5.0,26.0,32.0,19.0,41.0,118.0,34.0,27.0,0.0,2.0,40.0,9.0,1.0,2.0,22.0,1.0,26.0,56.0,1.0,241.0,0
3.0,50.0,4.0,2.0,20.0,21.0,45.0,18.0,28.0,9.0,20.0,0.0,0.0,61.0,40.0,19.0,43.0,42.0,27.0,2.0,5.0,5.0,32.0,19.0,51.0,118.0,34.0,321.0,0.0,2.0,50.0,9.0,1.0,14.0,170.0,3.0,21.0,56.0,1.0,250.0,0
0.0,48.0,1.0,0.0,14.0,14.0,41.0,10.0,30.0,6.0,12.0,0.0,0.0,61.0,40.0,21.0,43.0,42.0,0.0,12.0,0.0,2.0,32.0,19.0,47.0,118.0,34.0,229.0,1.0,2.0,40.0,9.0,0.0,8.0,184.0,9.0,2.0,56.0,1.0,264.0,0
3.0,48.0,4.0,2.0,14.0,1.0,45.0,11.0,28.0,5.0,12.0,4.0,0.0,61.0,48.0,21.0,43.0,42.0,27.0,12.0,5.0,5.0,32.0,19.0,47.0,118.0,34.0,228.0,1.0,2.0,48.0,9.0,1.0,5.0,184.0,9.0,1.0,56.0,1.0,264.0,0
3.0,48.0,4.0,2.0,14.0,14.0,45.0,14.0,38.0,7.0,12.0,0.0,0.0,61.0,40.0,21.0,41.0,40.0,27.0,12.0,5.0,2.0,32.0,19.0,47.0,118.0,34.0,230.0,1.0,2.0,40.0,0.0,1.0,10.0,184.0,9.0,2.0,56.0,1.0,264.0,0
3.0,50.0,4.0,2.0,14.0,14.0,45.0,15.0,38.0,7.0,12.0,0.0,0.0,61.0,50.0,21.0,51.0,42.0,27.0,12.0,5.0,5.0,32.0,19.0,47.0,118.0,34.0,231.0,1.0,2.0,50.0,1.0,1.0,10.0,184.0,9.0,14.0,56.0,1.0,264.0,0
4.0,48.0,3.0,2.0,14.0,14.0,42.0,2.0,20.0,4.0,12.0,0.0,0.0,61.0,40.0,21.0,43.0,42.0,15.0,12.0,4.0,100.0,13.0,19.0,47.0,118.0,34.0,209.0,1.0,2.0,40.0,7.0,0.0,3.0,184.0,9.0,100.0,133.0,1.0,264.0,0
3.0,61.0,4.0,2.0,14.0,15.0,45.0,18.0,28.0,9.0,14.0,0.0,0.0,61.0,40.0,13.0,43.0,42.0,27.0,1.0,5.0,5.0,32.0,19.0,62.0,118.0,34.0,313.0,0.0,2.0,61.0,9.0,1.0,14.0,162.0,2.0,15.0,56.0,1.0,221.0,0
3.0,48.0,4.0,2.0,14.0,14.0,45.0,16.0,48.0,9.0,12.0,0.0,0.0,61.0,44.0,21.0,43.0,42.0,27.0,12.0,5.0,1.0,32.0,19.0,47.0,118.0,34.0,258.0,1.0,2.0,44.0,9.0,1.0,14.0,184.0,9.0,1.0,56.0,1.0,264.0,0
0.0,48.0,0.0,1.0,14.0,19.0,49.0,17.0,58.0,11.0,12.0,0.0,0.0,61.0,48.0,21.0,56.0,42.0,0.0,12.0,0.0,5.0,32.0,19.0,47.0,118.0,54.0,335.0,1.0,0.0,48.0,7.0,0.0,18.0,184.0,9.0,19.0,56.0,1.0,264.0,0
3.0,48.0,4.0,2.0,39.0,14.0,45.0,0.0,8.0,1.0,12.0,0.0,0.0,61.0,40.0,38.0,43.0,42.0,27.0,11.0,5.0,40.0,32.0,19.0,41.0,118.0,34.0,89.0,0.0,2.0,40.0,9.0,1.0,2.0,84.0,2.0,40.0,56.0,1.0,167.0,0
1.0,48.0,4.0,2.0,14.0,14.0,45.0,6.0,28.0,5.0,12.0,0.0,0.0,61.0,40.0,21.0,43.0,42.0,1.0,12.0,1.0,1.0,32.0,19.0,47.0,118.0,34.0,228.0,1.0,2.0,40.0,9.0,0.0,5.0,184.0,9.0,1.0,56.0,1.0,264.0,0
4.0,48.0,4.0,2.0,14.0,14.0,45.0,7.0,28.0,1.0,12.0,3.0,0.0,61.0,40.0,21.0,43.0,42.0,20.0,12.0,4.0,5.0,32.0,12.0,47.0,118.0,34.0,250.0,1.0,2.0,35.0,9.0,0.0,12.0,184.0,9.0,6.0,56.0,1.0,264.0,0
3.0,48.0,2.0,2.0,14.0,14.0,45.0,8.0,60.0,3.0,12.0,0.0,0.0,61.0,44.0,21.0,46.0,42.0,6.0,12.0,3.0,5.0,32.0,19.0,47.0,118.0,34.0,338.0,1.0,2.0,44.0,8.0,0.0,21.0,184.0,9.0,19.0,56.0,1.0,264.0,0
3.0,46.0,4.0,2.0,14.0,30.0,45.0,9.0,20.0,4.0,12.0,0.0,0.0,61.0,46.0,28.0,43.0,42.0,27.0,7.0,5.0,5.0,32.0,19.0,47.0,118.0,34.0,131.0,0.0,2.0,46.0,9.0,1.0,3.0,184.0,1.0,30.0,56.0,1.0,120.0,0
1.0,48.0,4.0,2.0,14.0,14.0,45.0,6.0,28.0,5.0,12.0,0.0,0.0,61.0,40.0,21.0,43.0,42.0,1.0,12.0,1.0,1.0,32.0,19.0,47.0,118.0,34.0,228.0,1.0,2.0,40.0,9.0,0.0,5.0,184.0,9.0,1.0,56.0,1.0,264.0,0
3.0,48.0,4.0,2.0,14.0,14.0,45.0,19.0,28.0,4.0,12.0,6.0,0.0,62.0,40.0,21.0,43.0,42.0,12.0,12.0,3.0,5.0,32.0,19.0,47.0,118.0,34.0,339.0,1.0,2.0,40.0,9.0,0.0,34.0,184.0,9.0,14.0,56.0,1.0,264.0,0
1.0,48.0,4.0,2.0,14.0,14.0,45.0,13.0,28.0,1.0,12.0,6.0,0.0,61.0,40.0,21.0,34.0,42.0,4.0,12.0,1.0,5.0,32.0,19.0,47.0,118.0,34.0,339.0,1.0,0.0,34.0,2.0,0.0,12.0,184.0,9.0,14.0,56.0,0.0,264.0,0
3.0,48.0,4.0,2.0,14.0,14.0,45.0,12.0,28.0,0.0,12.0,5.0,0.0,61.0,40.0,21.0,34.0,42.0,27.0,12.0,5.0,5.0,32.0,19.0,47.0,118.0,34.0,5.0,1.0,2.0,34.0,0.0,1.0,1.0,184.0,9.0,32.0,56.0,1.0,264.0,0
4.0,48.0,4.0,2.0,14.0,14.0,45.0,7.0,28.0,1.0,12.0,3.0,0.0,61.0,40.0,21.0,43.0,42.0,20.0,12.0,4.0,5.0,32.0,12.0,47.0,118.0,34.0,250.0,1.0,2.0,35.0,9.0,0.0,12.0,184.0,9.0,6.0,56.0,1.0,264.0,0
3.0,48.0,2.0,2.0,14.0,14.0,45.0,8.0,60.0,3.0,12.0,0.0,0.0,61.0,44.0,21.0,46.0,42.0,6.0,12.0,3.0,5.0,32.0,19.0,47.0,118.0,34.0,338.0,1.0,2.0,44.0,8.0,0.0,21.0,184.0,9.0,19.0,56.0,1.0,264.0,0
3.0,46.0,4.0,2.0,14.0,34.0,45.0,9.0,20.0,4.0,12.0,0.0,0.0,61.0,46.0,32.0,43.0,42.0,27.0,9.0,5.0,5.0,32.0,19.0,47.0,118.0,34.0,154.0,0.0,2.0,46.0,9.0,1.0,3.0,184.0,1.0,34.0,56.0,1.0,96.0,0
3.0,48.0,4.0,2.0,4.0,14.0,45.0,0.0,8.0,1.0,12.0,0.0,0.0,61.0,40.0,3.0,43.0,42.0,27.0,8.0,5.0,5.0,32.0,19.0,41.0,118.0,34.0,7.0,0.0,2.0,40.0,9.0,1.0,2.0,1.0,1.0,5.0,56.0,1.0,74.0,0
3.0,48.0,4.0,2.0,12.0,13.0,45.0,18.0,28.0,9.0,12.0,0.0,0.0,61.0,40.0,11.0,43.0,42.0,27.0,0.0,5.0,5.0,32.0,19.0,49.0,118.0,34.0,281.0,0.0,2.0,48.0,9.0,1.0,14.0,130.0,2.0,13.0,56.0,1.0,75.0,0
3.0,48.0,4.0,2.0,37.0,14.0,45.0,0.0,8.0,1.0,12.0,0.0,0.0,61.0,40.0,36.0,43.0,42.0,27.0,10.0,5.0,38.0,32.0,19.0,41.0,118.0,34.0,50.0,0.0,2.0,40.0,9.0,1.0,2.0,45.0,2.0,38.0,56.0,1.0,21.0,0
3.0,50.0,4.0,2.0,12.0,13.0,45.0,18.0,28.0,9.0,12.0,0.0,0.0,61.0,40.0,11.0,43.0,42.0,27.0,0.0,5.0,5.0,32.0,19.0,51.0,118.0,34.0,267.0,0.0,2.0,50.0,9.0,1.0,14.0,116.0,2.0,13.0,56.0,1.0,60.0,0
3.0,48.0,4.0,2.0,25.0,14.0,45.0,0.0,8.0,1.0,12.0,0.0,0.0,61.0,40.0,24.0,43.0,42.0,27.0,5.0,5.0,26.0,32.0,19.0,41.0,118.0,34.0,16.0,0.0,2.0,40.0,9.0,1.0,2.0,11.0,1.0,26.0,56.0,1.0,230.0,0
3.0,48.0,4.0,2.0,20.0,21.0,45.0,18.0,28.0,9.0,20.0,0.0,0.0,61.0,40.0,19.0,43.0,42.0,27.0,2.0,5.0,5.0,32.0,19.0,49.0,118.0,34.0,317.0,0.0,2.0,48.0,9.0,1.0,14.0,166.0,3.0,21.0,56.0,1.0,246.0,0
0.0,48.0,1.0,0.0,14.0,14.0,41.0,10.0,30.0,6.0,12.0,0.0,0.0,61.0,40.0,21.0,43.0,42.0,0.0,12.0,0.0,2.0,32.0,19.0,47.0,118.0,34.0,229.0,1.0,2.0,40.0,9.0,0.0,8.0,184.0,9.0,2.0,56.0,1.0,264.0,0
3.0,50.0,4.0,2.0,14.0,1.0,45.0,11.0,28.0,5.0,12.0,4.0,0.0,61.0,50.0,21.0,43.0,42.0,27.0,12.0,5.0,5.0,32.0,19.0,47.0,118.0,34.0,228.0,1.0,2.0,50.0,9.0,1.0,5.0,184.0,9.0,1.0,56.0,1.0,264.0,0
3.0,48.0,4.0,2.0,14.0,14.0,45.0,14.0,38.0,7.0,12.0,0.0,0.0,61.0,44.0,21.0,45.0,44.0,27.0,12.0,5.0,2.0,32.0,19.0,47.0,118.0,34.0,230.0,1.0,2.0,44.0,0.0,1.0,10.0,184.0,9.0,2.0,56.0,1.0,264.0,0
3.0,48.0,4.0,2.0,14.0,14.0,45.0,15.0,38.0,7.0,12.0,0.0,0.0,61.0,48.0,21.0,49.0,42.0,27.0,12.0,5.0,5.0,32.0,19.0,47.0,118.0,34.0,231.0,1.0,2.0,48.0,1.0,1.0,10.0,184.0,9.0,14.0,56.0,1.0,264.0,0
4.0,48.0,3.0,2.0,14.0,14.0,42.0,2.0,20.0,4.0,12.0,0.0,0.0,61.0,40.0,21.0,43.0,42.0,15.0,12.0,4.0,100.0,23.0,19.0,47.0,118.0,34.0,219.0,1.0,2.0,40.0,7.0,0.0,3.0,184.0,9.0,100.0,133.0,1.0,264.0,0
3.0,61.0,4.0,2.0,14.0,15.0,45.0,18.0,28.0,9.0,14.0,0.0,0.0,61.0,40.0,13.0,43.0,42.0,27.0,1.0,5.0,5.0,32.0,19.0,62.0,118.0,34.0,293.0,0.0,2.0,61.0,9.0,1.0,14.0,142.0,2.0,15.0,56.0,1.0,181.0,0
3.0,48.0,4.0,2.0,39.0,14.0,45.0,0.0,8.0,1.0,12.0,0.0,0.0,61.0,40.0,38.0,43.0,42.0,27.0,11.0,5.0,40.0,32.0,19.0,41.0,118.0,34.0,108.0,0.0,2.0,40.0,9.0,1.0,2.0,103.0,2.0,40.0,56.0,1.0,214.0,0
1.0,48.0,4.0,2.0,14.0,14.0,45.0,6.0,28.0,5.0,12.0,0.0,0.0,61.0,40.0,21.0,43.0,42.0,1.0,12.0,1.0,1.0,32.0,19.0,47.0,118.0,34.0,228.0,1.0,2.0,40.0,9.0,0.0,5.0,184.0,9.0,1.0,56.0,1.0,264.0,0
4.0,48.0,4.0,2.0,14.0,14.0,45.0,7.0,28.0,1.0,12.0,3.0,0.0,61.0,40.0,21.0,43.0,42.0,7.0,12.0,4.0,5.0,32.0,4.0,47.0,118.0,34.0,257.0,1.0,2.0,35.0,9.0,0.0,12.0,184.0,9.0,6.0,56.0,1.0,264.0,1
3.0,48.0,2.0,2.0,14.0,14.0,45.0,8.0,60.0,3.0,12.0,0.0,0.0,61.0,44.0,21.0,46.0,42.0,6.0,12.0,3.0,5.0,32.0,19.0,47.0,118.0,34.0,338.0,1.0,2.0,44.0,8.0,0.0,21.0,184.0,9.0,19.0,56.0,1.0,264.0,1
3.0,46.0,4.0,2.0,14.0,30.0,45.0,9.0,20.0,4.0,12.0,0.0,0.0,61.0,46.0,28.0,43.0,42.0,27.0,7.0,5.0,5.0,32.0,19.0,47.0,118.0,34.0,133.0,0.0,2.0,46.0,9.0,1.0,3.0,184.0,1.0,30.0,56.0,1.0,127.0,1
1.0,48.0,4.0,2.0,14.0,14.0,45.0,6.0,28.0,5.0,12.0,0.0,0.0,61.0,40.0,21.0,43.0,42.0,1.0,12.0,1.0,1.0,32.0,19.0,47.0,118.0,34.0,228.0,1.0,2.0,40.0,9.0,0.0,5.0,184.0,9.0,1.0,56.0,1.0,264.0,1
3.0,48.0,4.0,2.0,14.0,14.0,45.0,19.0,28.0,4.0,12.0,6.0,0.0,60.0,40.0,21.0,43.0,42.0,10.0,12.0,3.0,5.0,32.0,19.0,47.0,118.0,34.0,339.0,1.0,2.0,40.0,9.0,0.0,34.0,184.0,9.0,14.0,56.0,1.0,264.0,1
1.0,48.0,4.0,2.0,14.0,14.0,45.0,13.0,28.0,1.0,12.0,6.0,0.0,61.0,40.0,21.0,34.0,42.0,4.0,12.0,1.0,5.0,32.0,19.0,47.0,118.0,34.0,339.0,1.0,1.0,34.0,2.0,0.0,12.0,184.0,9.0,14.0,56.0,0.0,264.0,1
3.0,48.0,4.0,2.0,14.0,14.0,45.0,12.0,28.0,0.0,12.0,5.0,0.0,61.0,40.0,21.0,34.0,42.0,27.0,12.0,5.0,5.0,32.0,19.0,47.0,118.0,34.0,5.0,1.0,2.0,34.0,0.0,1.0,1.0,184.0,9.0,32.0,56.0,1.0,264.0,1
4.0,48.0,4.0,2.0,14.0,14.0,45.0,7.0,28.0,1.0,12.0,3.0,0.0,61.0,40.0,21.0,43.0,42.0,7.0,12.0,4.0,5.0,32.0,4.0,47.0,118.0,34.0,257.0,1.0,2.0,35.0,9.0,0.0,12.0,184.0,9.0,6.0,56.0,1.0,264.0,1
3.0,48.0,2.0,2.0,14.0,14.0,45.0,8.0,60.0,3.0,12.0,0.0,0.0,61.0,44.0,21.0,46.0,42.0,6.0,12.0,3.0,5.0,32.0,19.0,47.0,118.0,34.0,338.0,1.0,2.0,44.0,8.0,0.0,21.0,184.0,9.0,19.0,56.0,1.0,264.0,1
3.0,46.0,4.0,2.0,14.0,34.0,45.0,9.0,20.0,4.0,12.0,0.0,0.0,61.0,46.0,32.0,43.0,42.0,27.0,9.0,5.0,5.0,32.0,19.0,47.0,118.0,34.0,145.0,0.0,2.0,46.0,9.0,1.0,3.0,184.0,1.0,34.0,56.0,1.0,78.0,1
3.0,48.0,4.0,2.0,4.0,14.0,45.0,0.0,8.0,1.0,12.0,0.0,0.0,61.0,40.0,3.0,43.0,42.0,27.0,8.0,5.0,5.0,32.0,19.0,41.0,118.0,34.0,7.0,0.0,2.0,40.0,9.0,1.0,2.0,1.0,1.0,5.0,56.0,1.0,74.0,1
3.0,48.0,4.0,2.0,12.0,13.0,45.0,18.0,28.0,9.0,12.0,0.0,0.0,61.0,40.0,11.0,43.0,42.0,27.0,0.0,5.0,5.0,32.0,19.0,49.0,118.0,34.0,281.0,0.0,2.0,48.0,9.0,1.0,14.0,130.0,2.0,13.0,56.0,1.0,75.0,1
3.0,48.0,4.0,2.0,37.0,14.0,45.0,0.0,8.0,1.0,12.0,0.0,0.0,61.0,40.0,36.0,43.0,42.0,27.0,10.0,5.0,38.0,32.0,19.0,41.0,118.0,34.0,73.0,0.0,2.0,40.0,9.0,1.0,2.0,68.0,2.0,38.0,56.0,1.0,44.0,1
3.0,50.0,4.0,2.0,4.0,5.0,45.0,18.0,28.0,9.0,4.0,0.0,0.0,61.0,40.0,3.0,43.0,42.0,27.0,8.0,5.0,5.0,32.0,19.0,51.0,118.0,34.0,259.0,0.0,2.0,50.0,9.0,1.0,14.0,2.0,1.0,5.0,56.0,1.0,76.0,1
1.0,48.0,4.0,2.0,14.0,14.0,45.0,6.0,28.0,5.0,12.0,0.0,0.0,61.0,40.0,21.0,43.0,42.0,1.0,12.0,1.0,1.0,32.0,19.0,47.0,118.0,34.0,228.0,1.0,2.0,40.0,9.0,0.0,5.0,184.0,9.0,1.0,56.0,1.0,264.0,1
3.0,48.0,4.0,2.0,14.0,14.0,45.0,19.0,28.0,4.0,12.0,6.0,0.0,62.0,40.0,21.0,43.0,42.0,12.0,12.0,3.0,5.0,32.0,19.0,47.0,118.0,34.0,339.0,1.0,2.0,40.0,9.0,0.0,34.0,184.0,9.0,14.0,56.0,1.0,264.0,1
1.0,48.0,4.0,2.0,14.0,14.0,45.0,13.0,28.0,1.0,12.0,6.0,0.0,61.0,40.0,21.0,34.0,42.0,4.0,12.0,1.0,5.0,32.0,19.0,47.0,118.0,34.0,339.0,1.0,1.0,34.0,2.0,0.0,12.0,184.0,9.0,14.0,56.0,0.0,264.0,1
3.0,48.0,4.0,2.0,14.0,14.0,45.0,12.0,28.0,0.0,12.0,5.0,0.0,61.0,40.0,21.0,34.0,42.0,27.0,12.0,5.0,5.0,32.0,19.0,47.0,118.0,34.0,5.0,1.0,2.0,34.0,0.0,1.0,1.0,184.0,9.0,32.0,56.0,1.0,264.0,1
4.0,48.0,4.0,2.0,14.0,14.0,45.0,7.0,28.0,1.0,12.0,3.0,0.0,61.0,40.0,21.0,43.0,42.0,7.0,12.0,4.0,5.0,32.0,4.0,47.0,118.0,34.0,257.0,1.0,2.0,35.0,9.0,0.0,12.0,184.0,9.0,6.0,56.0,1.0,264.0,1
3.0,48.0,2.0,2.0,14.0,14.0,45.0,8.0,60.0,3.0,12.0,0.0,0.0,61.0,44.0,21.0,46.0,42.0,6.0,12.0,3.0,5.0,32.0,19.0,47.0,118.0,34.0,338.0,1.0,2.0,44.0,8.0,0.0,21.0,184.0,9.0,19.0,56.0,1.0,264.0,1
3.0,46.0,4.0,2.0,14.0,34.0,45.0,9.0,20.0,4.0,12.0,0.0,0.0,61.0,46.0,32.0,43.0,42.0,27.0,9.0,5.0,5.0,32.0,19.0,47.0,118.0,34.0,156.0,0.0,2.0,46.0,9.0,1.0,3.0,184.0,1.0,34.0,56.0,1.0,99.0,1
3.0,48.0,4.0,2.0,4.0,14.0,45.0,0.0,8.0,1.0,12.0,0.0,0.0,61.0,40.0,3.0,43.0,42.0,27.0,8.0,5.0,5.0,32.0,19.0,41.0,118.0,34.0,7.0,0.0,2.0,40.0,9.0,1.0,2.0,1.0,1.0,5.0,56.0,1.0,74.0,1
3.0,48.0,4.0,2.0,12.0,13.0,45.0,18.0,28.0,9.0,12.0,0.0,0.0,61.0,40.0,11.0,43.0,42.0,27.0,0.0,5.0,5.0,32.0,19.0,49.0,118.0,34.0,281.0,0.0,2.0,48.0,9.0,1.0,14.0,130.0,2.0,13.0,56.0,1.0,75.0,1
3.0,48.0,4.0,2.0,37.0,14.0,45.0,0.0,8.0,1.0,12.0,0.0,0.0,61.0,40.0,36.0,43.0,42.0,27.0,10.0,5.0,38.0,32.0,19.0,41.0,118.0,34.0,63.0,0.0,2.0,40.0,9.0,1.0,2.0,58.0,2.0,38.0,56.0,1.0,34.0,1
3.0,50.0,4.0,2.0,4.0,5.0,45.0,18.0,28.0,9.0,4.0,0.0,0.0,61.0,40.0,3.0,43.0,42.0,27.0,8.0,5.0,5.0,32.0,19.0,51.0,118.0,34.0,259.0,0.0,2.0,50.0,9.0,1.0,14.0,2.0,1.0,5.0,56.0,1.0,76.0,1
1.0,48.0,4.0,2.0,14.0,14.0,45.0,6.0,28.0,5.0,12.0,0.0,0.0,61.0,40.0,21.0,43.0,42.0,1.0,12.0,1.0,1.0,32.0,19.0,47.0,118.0,34.0,228.0,1.0,2.0,40.0,9.0,0.0,5.0,184.0,9.0,1.0,56.0,1.0,264.0,1
3.0,48.0,4.0,2.0,14.0,14.0,45.0,19.0,28.0,4.0,12.0,6.0,0.0,63.0,40.0,21.0,43.0,42.0,13.0,12.0,3.0,5.0,32.0,19.0,47.0,118.0,34.0,339.0,1.0,2.0,40.0,9.0,0.0,34.0,184.0,9.0,14.0,56.0,1.0,264.0,1
1.0,48.0,4.0,2.0,14.0,14.0,45.0,13.0,28.0,1.0,12.0,6.0,0.0,61.0,40.0,21.0,34.0,42.0,4.0,12.0,1.0,5.0,32.0,19.0,47.0,118.0,34.0,339.0,1.0,1.0,34.0,2.0,0.0,12.0,184.0,9.0,14.0,56.0,0.0,264.0,1
3.0,48.0,4.0,2.0,14.0,14.0,45.0,12.0,28.0,0.0,12.0,5.0,0.0,61.0,40.0,21.0,34.0,42.0,27.0,12.0,5.0,5.0,32.0,19.0,47.0,118.0,34.0,5.0,1.0,2.0,34.0,0.0,1.0,1.0,184.0,9.0,32.0,56.0,1.0,264.0,1
4.0,48.0,4.0,2.0,14.0,14.0,45.0,7.0,28.0,1.0,12.0,3.0,0.0,61.0,40.0,21.0,43.0,42.0,7.0,12.0,4.0,5.0,32.0,4.0,47.0,118.0,34.0,257.0,1.0,2.0,35.0,9.0,0.0,12.0,184.0,9.0,6.0,56.0,1.0,264.0,1
3.0,48.0,2.0,2.0,14.0,14.0,45.0,8.0,60.0,3.0,12.0,0.0,0.0,61.0,44.0,21.0,46.0,42.0,6.0,12.0,3.0,5.0,32.0,19.0,47.0,118.0,34.0,338.0,1.0,2.0,44.0,8.0,0.0,21.0,184.0,9.0,19.0,56.0,1.0,264.0,1
3.0,46.0,4.0,2.0,14.0,34.0,45.0,9.0,20.0,4.0,12.0,0.0,0.0,61.0,46.0,32.0,43.0,42.0,27.0,9.0,5.0,5.0,32.0,19.0,47.0,118.0,34.0,181.0,0.0,2.0,46.0,9.0,1.0,3.0,184.0,1.0,34.0,56.0,1.0,147.0,1
3.0,48.0,4.0,2.0,4.0,14.0,45.0,0.0,8.0,1.0,12.0,0.0,0.0,61.0,40.0,3.0,43.0,42.0,27.0,8.0,5.0,5.0,32.0,19.0,41.0,118.0,34.0,7.0,0.0,2.0,40.0,9.0,1.0,2.0,1.0,1.0,5.0,56.0,1.0,74.0,1
3.0,48.0,4.0,2.0,12.0,13.0,45.0,18.0,28.0,9.0,12.0,0.0,0.0,61.0,40.0,11.0,43.0,42.0,27.0,0.0,5.0,5.0,32.0,19.0,49.0,118.0,34.0,281.0,0.0,2.0,48.0,9.0,1.0,14.0,130.0,2.0,13.0,56.0,1.0,75.0,1
3.0,48.0,4.0,2.0,37.0,14.0,45.0,0.0,8.0,1.0,12.0,0.0,0.0,61.0,40.0,36.0,43.0,42.0,27.0,10.0,5.0,38.0,32.0,19.0,41.0,118.0,34.0,38.0,0.0,2.0,40.0,9.0,1.0,2.0,33.0,2.0,38.0,56.0,1.0,9.0,1
3.0,50.0,4.0,2.0,4.0,5.0,45.0,18.0,28.0,9.0,4.0,0.0,0.0,61.0,40.0,3.0,43.0,42.0,27.0,8.0,5.0,5.0,32.0,19.0,51.0,118.0,34.0,259.0,0.0,2.0,50.0,9.0,1.0,14.0,2.0,1.0,5.0,56.0,1.0,76.0,1
1.0,48.0,4.0,2.0,14.0,14.0,45.0,6.0,28.0,5.0,12.0,0.0,0.0,61.0,40.0,21.0,43.0,42.0,1.0,12.0,1.0,1.0,32.0,19.0,47.0,118.0,34.0,228.0,1.0,2.0,40.0,9.0,0.0,5.0,184.0,9.0,1.0,56.0,1.0,264.0,1
3.0,48.0,4.0,2.0,14.0,14.0,45.0,19.0,28.0,4.0,12.0,6.0,0.0,61.0,40.0,21.0,43.0,42.0,11.0,12.0,3.0,5.0,32.0,19.0,47.0,118.0,34.0,339.0,1.0,2.0,40.0,9.0,0.0,34.0,184.0,9.0,14.0,56.0,1.0,264.0,1
1.0,48.0,4.0,2.0,14.0,14.0,45.0,13.0,28.0,1.0,12.0,6.0,0.0,61.0,40.0,21.0,34.0,42.0,4.0,12.0,1.0,5.0,32.0,19.0,47.0,118.0,34.0,339.0,1.0,1.0,34.0,2.0,0.0,12.0,184.0,9.0,14.0,56.0,0.0,264.0,1
3.0,48.0,4.0,2.0,14.0,14.0,45.0,12.0,28.0,0.0,12.0,5.0,0.0,61.0,40.0,21.0,34.0,42.0,27.0,12.0,5.0,5.0,32.0,19.0,47.0,118.0,34.0,5.0,1.0,2.0,34.0,0.0,1.0,1.0,184.0,9.0,32.0,56.0,1.0,264.0,1
4.0,48.0,4.0,2.0,14.0,14.0,45.0,7.0,28.0,1.0,12.0,3.0,0.0,61.0,40.0,21.0,43.0,42.0,7.0,12.0,4.0,5.0,32.0,4.0,47.0,118.0,34.0,257.0,1.0,2.0,35.0,9.0,0.0,12.0,184.0,9.0,6.0,56.0,1.0,264.0,1
3.0,48.0,2.0,2.0,14.0,14.0,45.0,8.0,60.0,3.0,12.0,0.0,0.0,61.0,44.0,21.0,46.0,42.0,6.0,12.0,3.0,5.0,32.0,19.0,47.0,118.0,34.0,338.0,1.0,2.0,44.0,8.0,0.0,21.0,184.0,9.0,19.0,56.0,1.0,264.0,1
3.0,46.0,4.0,2.0,14.0,34.0,45.0,9.0,20.0,4.0,12.0,0.0,0.0,61.0,46.0,32.0,43.0,42.0,27.0,9.0,5.0,5.0,32.0,19.0,47.0,118.0,34.0,167.0,0.0,2.0,46.0,9.0,1.0,3.0,184.0,1.0,34.0,56.0,1.0,115.0,1
3.0,48.0,4.0,2.0,4.0,14.0,45.0,0.0,8.0,1.0,12.0,0.0,0.0,61.0,40.0,3.0,43.0,42.0,27.0,8.0,5.0,5.0,32.0,19.0,41.0,118.0,34.0,7.0,0.0,2.0,40.0,9.0,1.0,2.0,1.0,1.0,5.0,56.0,1.0,74.0,1
3.0,48.0,4.0,2.0,12.0,13.0,45.0,18.0,28.0,9.0,12.0,0.0,0.0,61.0,40.0,11.0,43.0,42.0,27.0,0.0,5.0,5.0,32.0,19.0,49.0,118.0,34.0,281.0,0.0,2.0,48.0,9.0,1.0,14.0,130.0,2.0,13.0,56.0,1.0,75.0,1
3.0,48.0,4.0,2.0,37.0,14.0,45.0,0.0,8.0,1.0,12.0,0.0,0.0,61.0,40.0,36.0,43.0,42.0,27.0,10.0,5.0,38.0,32.0,19.0,41.0,118.0,34.0,53.0,0.0,2.0,40.0,9.0,1.0,2.0,48.0,2.0,38.0,56.0,1.0,24.0,1
3.0,50.0,4.0,2.0,4.0,5.0,45.0,18.0,28.0,9.0,4.0,0.0,0.0,61.0,40.0,3.0,43.0,42.0,27.0,8.0,5.0,5.0,32.0,19.0,51.0,118.0,34.0,259.0,0.0,2.0,50.0,9.0,1.0,14.0,2.0,1.0,5.0,56.0,1.0,76.0,1
1.0,48.0,4.0,2.0,14.0,14.0,45.0,6.0,28.0,5.0,12.0,0.0,0.0,61.0,40.0,21.0,43.0,42.0,1.0,12.0,1.0,1.0,32.0,19.0,47.0,118.0,34.0,228.0,1.0,2.0,40.0,9.0,0.0,5.0,184.0,9.0,1.0,56.0,1.0,264.0,1
3.0,48.0,4.0,2.0,14.0,14.0,45.0,19.0,28.0,4.0,12.0,6.0,0.0,63.0,40.0,21.0,43.0,42.0,13.0,12.0,3.0,5.0,32.0,19.0,47.0,118.0,34.0,339.0,1.0,2.0,40.0,9.0,0.0,34.0,184.0,9.0,14.0,56.0,1.0,264.0,0
1.0,48.0,4.0,2.0,14.0,14.0,45.0,13.0,28.0,1.0,12.0,6.0,0.0,61.0,40.0,21.0,34.0,42.0,4.0,12.0,1.0,5.0,32.0,19.0,47.0,118.0,34.0,339.0,1.0,0.0,34.0,2.0,0.0,12.0,184.0,9.0,14.0,56.0,0.0,264.0,0
3.0,48.0,4.0,2.0,14.0,14.0,45.0,12.0,28.0,0.0,12.0,5.0,0.0,61.0,40.0,21.0,34.0,42.0,27.0,12.0,5.0,5.0,32.0,19.0,47.0,118.0,34.0,5.0,1.0,2.0,34.0,0.0,1.0,1.0,184.0,9.0,32.0,56.0,1.0,264.0,0
4.0,48.0,4.0,2.0,14.0,14.0,45.0,7.0,28.0,1.0,12.0,3.0,0.0,61.0,40.0,21.0,43.0,42.0,7.0,12.0,4.0,5.0,32.0,4.0,47.0,118.0,34.0,257.0,1.0,2.0,35.0,9.0,0.0,12.0,184.0,9.0,6.0,56.0,1.0,264.0,0
3.0,48.0,2.0,2.0,14.0,14.0,45.0,8.0,60.0,3.0,12.0,0.0,0.0,61.0,44.0,21.0,46.0,42.0,6.0,12.0,3.0,5.0,32.0,19.0,47.0,118.0,34.0,338.0,1.0,2.0,44.0,8.0,0.0,21.0,184.0,9.0,19.0,56.0,1.0,264.0,0
3.0,46.0,4.0,2.0,14.0,23.0,45.0,9.0,20.0,4.0,12.0,0.0,0.0,61.0,46.0,21.0,43.0,42.0,27.0,4.0,5.0,5.0,32.0,19.0,47.0,118.0,34.0,115.0,0.0,2.0,46.0,9.0,1.0,3.0,184.0,1.0,23.0,56.0,1.0,0.0,0
3.0,48.0,4.0,2.0,37.0,14.0,45.0,0.0,8.0,1.0,12.0,0.0,0.0,61.0,40.0,36.0,43.0,42.0,27.0,10.0,5.0,38.0,32.0,19.0,41.0,118.0,34.0,71.0,0.0,2.0,40.0,9.0,1.0,2.0,66.0,2.0,38.0,56.0,1.0,42.0,0
3.0,48.0,4.0,2.0,12.0,13.0,45.0,18.0,28.0,9.0,12.0,0.0,0.0,61.0,40.0,11.0,43.0,42.0,27.0,0.0,5.0,5.0,32.0,19.0,49.0,118.0,34.0,268.0,0.0,2.0,48.0,9.0,1.0,14.0,117.0,2.0,13.0,56.0,1.0,61.0,0
3.0,48.0,4.0,2.0,25.0,14.0,45.0,0.0,8.0,1.0,12.0,0.0,0.0,61.0,40.0,24.0,43.0,42.0,27.0,5.0,5.0,26.0,32.0,19.0,41.0,118.0,34.0,24.0,0.0,2.0,40.0,9.0,1.0,2.0,19.0,1.0,26.0,56.0,1.0,238.0,0
3.0,50.0,4.0,2.0,20.0,21.0,45.0,18.0,28.0,9.0,20.0,0.0,0.0,61.0,40.0,19.0,43.0,42.0,27.0,2.0,5.0,5.0,32.0,19.0,51.0,118.0,34.0,315.0,0.0,2.0,50.0,9.0,1.0,14.0,164.0,3.0,21.0,56.0,1.0,244.0,0
0.0,48.0,1.0,0.0,14.0,14.0,41.0,10.0,30.0,6.0,12.0,0.0,0.0,61.0,40.0,21.0,43.0,42.0,0.0,12.0,0.0,2.0,32.0,19.0,47.0,118.0,34.0,229.0,1.0,2.0,40.0,9.0,0.0,8.0,184.0,9.0,2.0,56.0,1.0,264.0,0
3.0,48.0,4.0,2.0,14.0,1.0,45.0,11.0,28.0,5.0,12.0,4.0,0.0,61.0,48.0,21.0,43.0,42.0,27.0,12.0,5.0,5.0,32.0,19.0,47.0,118.0,34.0,228.0,1.0,2.0,48.0,9.0,1.0,5.0,184.0,9.0,1.0,56.0,1.0,264.0,0
3.0,48.0,4.0,2.0,14.0,14.0,45.0,14.0,38.0,7.0,12.0,0.0,0.0,61.0,40.0,21.0,41.0,40.0,27.0,12.0,5.0,2.0,32.0,19.0,47.0,118.0,34.0,230.0,1.0,2.0,40.0,0.0,1.0,10.0,184.0,9.0,2.0,56.0,1.0,264.0,0
3.0,50.0,4.0,2.0,14.0,14.0,45.0,15.0,38.0,7.0,12.0,0.0,0.0,61.0,50.0,21.0,51.0,42.0,27.0,12.0,5.0,5.0,32.0,19.0,47.0,118.0,34.0,231.0,1.0,2.0,50.0,1.0,1.0,10.0,184.0,9.0,14.0,56.0,1.0,264.0,0
4.0,48.0,3.0,2.0,14.0,14.0,42.0,2.0,20.0,4.0,12.0,0.0,0.0,61.0,40.0,21.0,43.0,42.0,15.0,12.0,4.0,100.0,22.0,19.0,47.0,118.0,34.0,218.0,1.0,2.0,40.0,7.0,0.0,3.0,184.0,9.0,100.0,133.0,1.0,264.0,0
3.0,61.0,4.0,2.0,14.0,15.0,45.0,18.0,28.0,9.0,14.0,0.0,0.0,61.0,40.0,13.0,43.0,42.0,27.0,1.0,5.0,5.0,32.0,19.0,62.0,118.0,34.0,297.0,0.0,2.0,61.0,9.0,1.0,14.0,146.0,2.0,15.0,56.0,1.0,188.0,0
3.0,48.0,4.0,2.0,39.0,14.0,45.0,0.0,8.0,1.0,12.0,0.0,0.0,61.0,40.0,38.0,43.0,42.0,27.0,11.0,5.0,40.0,32.0,19.0,41.0,118.0,34.0,95.0,0.0,2.0,40.0,9.0,1.0,2.0,90.0,2.0,40.0,56.0,1.0,182.0,0
1.0,48.0,4.0,2.0,14.0,14.0,45.0,6.0,28.0,5.0,12.0,0.0,0.0,61.0,40.0,21.0,43.0,42.0,1.0,12.0,1.0,1.0,32.0,19.0,47.0,118.0,34.0,228.0,1.0,2.0,40.0,9.0,0.0,5.0,184.0,9.0,1.0,56.0,1.0,264.0,0
4.0,48.0,4.0,2.0,14.0,14.0,45.0,7.0,28.0,1.0,12.0,3.0,0.0,61.0,40.0,21.0,43.0,42.0,20.0,12.0,4.0,5.0,32.0,12.0,47.0,118.0,34.0,241.0,1.0,2.0,35.0,9.0,0.0,12.0,184.0,9.0,6.0,56.0,1.0,264.0,0
3.0,48.0,2.0,2.0,14.0,14.0,45.0,8.0,60.0,3.0,12.0,0.0,0.0,61.0,44.0,21.0,46.0,42.0,6.0,12.0,3.0,5.0,32.0,19.0,47.0,118.0,34.0,338.0,1.0,2.0,44.0,8.0,0.0,21.0,184.0,9.0,19.0,56.0,1.0,264.0,0
3.0,46.0,4.0,2.0,14.0,30.0,45.0,9.0,20.0,4.0,12.0,0.0,0.0,61.0,46.0,28.0,43.0,42.0,27.0,7.0,5.0,5.0,32.0,19.0,47.0,118.0,34.0,136.0,0.0,2.0,46.0,9.0,1.0,3.0,184.0,1.0,30.0,56.0,1.0,135.0,0
3.0,48.0,4.0,2.0,26.0,14.0,45.0,0.0,8.0,1.0,12.0,0.0,0.0,61.0,40.0,25.0,43.0,42.0,27.0,6.0,5.0,27.0,32.0,19.0,41.0,118.0,34.0,29.0,0.0,2.0,40.0,9.0,1.0,2.0,24.0,1.0,27.0,56.0,1.0,166.0,0
1.0,48.0,4.0,2.0,14.0,14.0,45.0,6.0,28.0,5.0,12.0,0.0,0.0,61.0,40.0,21.0,43.0,42.0,1.0,12.0,1.0,1.0,32.0,19.0,47.0,118.0,34.0,228.0,1.0,2.0,40.0,9.0,0.0,5.0,184.0,9.0,1.0,56.0,1.0,264.0,0
3.0,48.0,4.0,2.0,14.0,14.0,45.0,19.0,28.0,4.0,12.0,6.0,0.0,60.0,40.0,21.0,43.0,42.0,10.0,12.0,3.0,5.0,32.0,19.0,47.0,118.0,34.0,339.0,1.0,2.0,40.0,9.0,0.0,34.0,184.0,9.0,14.0,56.0,1.0,264.0,0
3.0,48.0,4.0,2.0,14.0,14.0,45.0,19.0,28.0,4.0,12.0,6.0,0.0,60.0,40.0,21.0,43.0,42.0,10.0,12.0,3.0,5.0,32.0,19.0,47.0,118.0,34.0,339.0,1.0,2.0,40.0,9.0,0.0,34.0,184.0,9.0,14.0,56.0,1.0,264.0,0
1.0,48.0,4.0,2.0,14.0,14.0,45.0,13.0,28.0,1.0,12.0,6.0,0.0,61.0,40.0,21.0,34.0,42.0,4.0,12.0,1.0,5.0,32.0,19.0,47.0,118.0,34.0,339.0,1.0,0.0,34.0,2.0,0.0,12.0,184.0,9.0,14.0,56.0,0.0,264.0,0
3.0,48.0,4.0,2.0,14.0,14.0,45.0,12.0,28.0,0.0,12.0,5.0,0.0,61.0,40.0,21.0,34.0,42.0,27.0,12.0,5.0,5.0,32.0,19.0,47.0,118.0,34.0,5.0,1.0,2.0,34.0,0.0,1.0,1.0,184.0,9.0,32.0,56.0,1.0,264.0,0
4.0,48.0,4.0,2.0,14.0,14.0,45.0,7.0,28.0,1.0,12.0,3.0,0.0,61.0,40.0,21.0,43.0,42.0,20.0,12.0,4.0,5.0,32.0,12.0,47.0,118.0,34.0,241.0,1.0,2.0,35.0,9.0,0.0,12.0,184.0,9.0,6.0,56.0,1.0,264.0,0
3.0,48.0,2.0,2.0,14.0,14.0,45.0,8.0,60.0,3.0,12.0,0.0,0.0,61.0,44.0,21.0,46.0,42.0,6.0,12.0,3.0,5.0,32.0,19.0,47.0,118.0,34.0,338.0,1.0,2.0,44.0,8.0,0.0,21.0,184.0,9.0,19.0,56.0,1.0,264.0,0
3.0,46.0,4.0,2.0,14.0,34.0,45.0,9.0,20.0,4.0,12.0,0.0,0.0,61.0,46.0,32.0,43.0,42.0,27.0,9.0,5.0,5.0,32.0,19.0,47.0,118.0,34.0,177.0,0.0,2.0,46.0,9.0,1.0,3.0,184.0,1.0,34.0,56.0,1.0,137.0,0
0.0,48.0,1.0,0.0,14.0,14.0,41.0,10.0,30.0,6.0,12.0,0.0,0.0,61.0,40.0,21.0,43.0,42.0,0.0,12.0,0.0,2.0,32.0,19.0,47.0,118.0,34.0,229.0,1.0,2.0,40.0,9.0,0.0,8.0,184.0,9.0,2.0,56.0,1.0,264.0,0
3.0,48.0,4.0,2.0,14.0,1.0,45.0,11.0,28.0,5.0,12.0,4.0,0.0,61.0,48.0,21.0,43.0,42.0,27.0,12.0,5.0,5.0,32.0,19.0,47.0,118.0,34.0,228.0,1.0,2.0,48.0,9.0,1.0,5.0,184.0,9.0,1.0,56.0,1.0,264.0,0
3.0,48.0,4.0,2.0,14.0,14.0,45.0,14.0,38.0,7.0,12.0,0.0,0.0,61.0,44.0,21.0,45.0,44.0,27.0,12.0,5.0,2.0,32.0,19.0,47.0,118.0,34.0,230.0,1.0,2.0,44.0,0.0,1.0,10.0,184.0,9.0,2.0,56.0,1.0,264.0,0
3.0,50.0,4.0,2.0,14.0,14.0,45.0,15.0,38.0,7.0,12.0,0.0,0.0,61.0,50.0,21.0,51.0,42.0,27.0,12.0,5.0,5.0,32.0,19.0,47.0,118.0,34.0,231.0,1.0,2.0,50.0,1.0,1.0,10.0,184.0,9.0,14.0,56.0,1.0,264.0,0
4.0,48.0,3.0,2.0,14.0,14.0,42.0,2.0,20.0,4.0,12.0,0.0,0.0,61.0,40.0,21.0,43.0,42.0,15.0,12.0,4.0,87.0,10.0,19.0,47.0,105.0,34.0,206.0,1.0,2.0,40.0,7.0,0.0,3.0,184.0,9.0,87.0,120.0,1.0,264.0,0
3.0,61.0,4.0,2.0,14.0,15.0,45.0,18.0,28.0,9.0,14.0,0.0,0.0,61.0,40.0,13.0,43.0,42.0,27.0,1.0,5.0,5.0,32.0,19.0,62.0,118.0,34.0,298.0,0.0,2.0,61.0,9.0,1.0,14.0,147.0,2.0,15.0,56.0,1.0,189.0,0
3.0,48.0,4.0,2.0,39.0,14.0,45.0,0.0,8.0,1.0,12.0,0.0,0.0,61.0,40.0,38.0,43.0,42.0,27.0,11.0,5.0,40.0,32.0,19.0,41.0,118.0,34.0,93.0,0.0,2.0,40.0,9.0,1.0,2.0,88.0,2.0,40.0,56.0,1.0,178.0,0
1.0,48.0,4.0,2.0,14.0,14.0,45.0,6.0,28.0,5.0,12.0,0.0,0.0,61.0,40.0,21.0,43.0,42.0,1.0,12.0,1.0,1.0,32.0,19.0,47.0,118.0,34.0,228.0,1.0,2.0,40.0,9.0,0.0,5.0,184.0,9.0,1.0,56.0,1.0,264.0,0
4.0,48.0,4.0,2.0,14.0,14.0,45.0,7.0,28.0,1.0,12.0,3.0,0.0,61.0,40.0,21.0,43.0,42.0,20.0,12.0,4.0,5.0,32.0,12.0,47.0,118.0,34.0,241.0,1.0,2.0,35.0,9.0,0.0,12.0,184.0,9.0,6.0,56.0,1.0,264.0,0
3.0,48.0,2.0,2.0,14.0,14.0,45.0,8.0,60.0,3.0,12.0,0.0,0.0,61.0,44.0,21.0,46.0,42.0,6.0,12.0,3.0,5.0,32.0,19.0,47.0,118.0,34.0,338.0,1.0,2.0,44.0,8.0,0.0,21.0,184.0,9.0,19.0,56.0,1.0,264.0,0
3.0,46.0,4.0,2.0,14.0,30.0,45.0,9.0,20.0,4.0,12.0,0.0,0.0,61.0,46.0,28.0,43.0,42.0,27.0,7.0,5.0,5.0,32.0,19.0,47.0,118.0,34.0,121.0,0.0,2.0,46.0,9.0,1.0,3.0,184.0,1.0,30.0,56.0,1.0,77.0,0
1.0,48.0,4.0,2.0,14.0,14.0,45.0,6.0,28.0,5.0,12.0,0.0,0.0,61.0,40.0,21.0,43.0,42.0,1.0,12.0,1.0,1.0,32.0,19.0,47.0,118.0,34.0,228.0,1.0,2.0,40.0,9.0,0.0,5.0,184.0,9.0,1.0,56.0,1.0,264.0,0
3.0,48.0,4.0,2.0,14.0,14.0,45.0,19.0,28.0,4.0,12.0,6.0,0.0,60.0,40.0,21.0,43.0,42.0,10.0,12.0,3.0,5.0,32.0,19.0,47.0,118.0,34.0,339.0,1.0,2.0,40.0,9.0,0.0,34.0,184.0,9.0,14.0,56.0,1.0,264.0,0
1.0,48.0,4.0,2.0,14.0,14.0,45.0,13.0,28.0,1.0,12.0,6.0,0.0,61.0,40.0,21.0,34.0,42.0,4.0,12.0,1.0,5.0,32.0,19.0,47.0,118.0,34.0,339.0,1.0,0.0,34.0,2.0,0.0,12.0,184.0,9.0,14.0,56.0,0.0,264.0,0
3.0,48.0,4.0,2.0,14.0,14.0,45.0,12.0,28.0,0.0,12.0,5.0,0.0,61.0,40.0,21.0,34.0,42.0,27.0,12.0,5.0,5.0,32.0,19.0,47.0,118.0,34.0,5.0,1.0,2.0,34.0,0.0,1.0,1.0,184.0,9.0,32.0,56.0,1.0,264.0,0
4.0,48.0,4.0,2.0,14.0,14.0,45.0,7.0,28.0,1.0,12.0,3.0,0.0,61.0,40.0,21.0,43.0,42.0,20.0,12.0,4.0,5.0,32.0,12.0,47.0,118.0,34.0,241.0,1.0,2.0,35.0,9.0,0.0,12.0,184.0,9.0,6.0,56.0,1.0,264.0,0
3.0,48.0,2.0,2.0,14.0,14.0,45.0,8.0,60.0,3.0,12.0,0.0,0.0,61.0,44.0,21.0,46.0,42.0,6.0,12.0,3.0,5.0,32.0,19.0,47.0,118.0,34.0,338.0,1.0,2.0,44.0,8.0,0.0,21.0,184.0,9.0,19.0,56.0,1.0,264.0,0
3.0,46.0,4.0,2.0,14.0,34.0,45.0,9.0,20.0,4.0,12.0,0.0,0.0,61.0,46.0,32.0,43.0,42.0,27.0,9.0,5.0,5.0,32.0,19.0,47.0,118.0,34.0,174.0,0.0,2.0,46.0,9.0,1.0,3.0,184.0,1.0,34.0,56.0,1.0,129.0,0
0.0,48.0,1.0,0.0,14.0,14.0,41.0,10.0,30.0,6.0,12.0,0.0,0.0,61.0,40.0,21.0,43.0,42.0,0.0,12.0,0.0,2.0,32.0,19.0,47.0,118.0,34.0,229.0,1.0,2.0,40.0,9.0,0.0,8.0,184.0,9.0,2.0,56.0,1.0,264.0,0
3.0,48.0,4.0,2.0,14.0,1.0,45.0,11.0,28.0,5.0,12.0,4.0,0.0,61.0,48.0,21.0,43.0,42.0,27.0,12.0,5.0,5.0,32.0,19.0,47.0,118.0,34.0,228.0,1.0,2.0,48.0,9.0,1.0,5.0,184.0,9.0,1.0,56.0,1.0,264.0,0
3.0,48.0,4.0,2.0,14.0,14.0,45.0,14.0,38.0,7.0,12.0,0.0,0.0,61.0,40.0,21.0,41.0,40.0,27.0,12.0,5.0,2.0,32.0,19.0,47.0,118.0,34.0,230.0,1.0,2.0,40.0,0.0,1.0,10.0,184.0,9.0,2.0,56.0,1.0,264.0,0
3.0,50.0,4.0,2.0,14.0,14.0,45.0,15.0,38.0,7.0,12.0,0.0,0.0,61.0,50.0,21.0,51.0,42.0,27.0,12.0,5.0,5.0,32.0,19.0,47.0,118.0,34.0,231.0,1.0,2.0,50.0,1.0,1.0,10.0,184.0,9.0,14.0,56.0,1.0,264.0,0
4.0,48.0,3.0,2.0,14.0,14.0,42.0,2.0,20.0,4.0,12.0,0.0,0.0,61.0,40.0,21.0,43.0,42.0,15.0,12.0,4.0,87.0,7.0,19.0,47.0,105.0,34.0,203.0,1.0,2.0,40.0,7.0,0.0,3.0,184.0,9.0,87.0,120.0,1.0,264.0,0
3.0,61.0,4.0,2.0,14.0,15.0,45.0,18.0,28.0,9.0,14.0,0.0,0.0,61.0,40.0,13.0,43.0,42.0,27.0,1.0,5.0,5.0,32.0,19.0,62.0,118.0,34.0,304.0,0.0,2.0,61.0,9.0,1.0,14.0,153.0,2.0,15.0,56.0,1.0,204.0,0
3.0,48.0,4.0,2.0,39.0,14.0,45.0,0.0,8.0,1.0,12.0,0.0,0.0,61.0,40.0,38.0,43.0,42.0,27.0,11.0,5.0,40.0,32.0,19.0,41.0,118.0,34.0,105.0,0.0,2.0,40.0,9.0,1.0,2.0,100.0,2.0,40.0,56.0,1.0,200.0,0
1.0,48.0,4.0,2.0,14.0,14.0,45.0,6.0,28.0,5.0,12.0,0.0,0.0,61.0,40.0,21.0,43.0,42.0,1.0,12.0,1.0,1.0,32.0,19.0,47.0,118.0,34.0,228.0,1.0,2.0,40.0,9.0,0.0,5.0,184.0,9.0,1.0,56.0,1.0,264.0,0
4.0,48.0,4.0,2.0,14.0,14.0,45.0,7.0,28.0,1.0,12.0,3.0,0.0,61.0,40.0,21.0,43.0,42.0,20.0,12.0,4.0,5.0,32.0,12.0,47.0,118.0,34.0,241.0,1.0,2.0,35.0,9.0,0.0,12.0,184.0,9.0,6.0,56.0,1.0,264.0,1
3.0,48.0,2.0,2.0,14.0,14.0,45.0,8.0,60.0,3.0,12.0,0.0,0.0,61.0,44.0,21.0,46.0,42.0,6.0,12.0,3.0,5.0,32.0,19.0,47.0,118.0,34.0,338.0,1.0,2.0,44.0,8.0,0.0,21.0,184.0,9.0,19.0,56.0,1.0,264.0,1
3.0,46.0,4.0,2.0,14.0,30.0,45.0,9.0,20.0,4.0,12.0,0.0,0.0,61.0,46.0,28.0,43.0,42.0,27.0,7.0,5.0,5.0,32.0,19.0,47.0,118.0,34.0,139.0,0.0,2.0,46.0,9.0,1.0,3.0,184.0,1.0,30.0,56.0,1.0,142.0,1
1.0,48.0,4.0,2.0,14.0,14.0,45.0,6.0,28.0,5.0,12.0,0.0,0.0,61.0,40.0,21.0,43.0,42.0,1.0,12.0,1.0,1.0,32.0,19.0,47.0,118.0,34.0,228.0,1.0,2.0,40.0,9.0,0.0,5.0,184.0,9.0,1.0,56.0,1.0,264.0,1
3.0,48.0,4.0,2.0,14.0,14.0,45.0,19.0,28.0,4.0,12.0,6.0,0.0,63.0,40.0,21.0,43.0,42.0,13.0,12.0,3.0,5.0,32.0,19.0,47.0,118.0,34.0,339.0,1.0,2.0,40.0,9.0,0.0,34.0,184.0,9.0,14.0,56.0,1.0,264.0,1
1.0,48.0,4.0,2.0,14.0,14.0,45.0,13.0,28.0,1.0,12.0,6.0,0.0,61.0,40.0,21.0,34.0,42.0,4.0,12.0,1.0,5.0,32.0,19.0,47.0,118.0,34.0,339.0,1.0,1.0,34.0,2.0,0.0,12.0,184.0,9.0,14.0,56.0,0.0,264.0,1
3.0,48.0,4.0,2.0,14.0,14.0,45.0,12.0,28.0,0.0,12.0,5.0,0.0,61.0,40.0,21.0,34.0,42.0,27.0,12.0,5.0,5.0,32.0,19.0,47.0,118.0,34.0,5.0,1.0,2.0,34.0,0.0,1.0,1.0,184.0,9.0,32.0,56.0,1.0,264.0,1
4.0,48.0,4.0,2.0,14.0,14.0,45.0,7.0,28.0,1.0,12.0,3.0,0.0,61.0,40.0,21.0,43.0,42.0,20.0,12.0,4.0,5.0,32.0,12.0,47.0,118.0,34.0,241.0,1.0,2.0,35.0,9.0,0.0,12.0,184.0,9.0,6.0,56.0,1.0,264.0,1
3.0,48.0,2.0,2.0,14.0,14.0,45.0,8.0,60.0,3.0,12.0,0.0,0.0,61.0,44.0,21.0,46.0,42.0,6.0,12.0,3.0,5.0,32.0,19.0,47.0,118.0,34.0,338.0,1.0,2.0,44.0,8.0,0.0,21.0,184.0,9.0,19.0,56.0,1.0,264.0,1
3.0,46.0,4.0,2.0,14.0,34.0,45.0,9.0,20.0,4.0,12.0,0.0,0.0,61.0,46.0,32.0,43.0,42.0,27.0,9.0,5.0,5.0,32.0,19.0,47.0,118.0,34.0,160.0,0.0,2.0,46.0,9.0,1.0,3.0,184.0,1.0,34.0,56.0,1.0,105.0,1
3.0,48.0,4.0,2.0,4.0,14.0,45.0,0.0,8.0,1.0,12.0,0.0,0.0,61.0,40.0,3.0,43.0,42.0,27.0,8.0,5.0,5.0,32.0,19.0,41.0,118.0,34.0,7.0,0.0,2.0,40.0,9.0,1.0,2.0,1.0,1.0,5.0,56.0,1.0,74.0,1
3.0,48.0,4.0,2.0,12.0,13.0,45.0,18.0,28.0,9.0,12.0,0.0,0.0,61.0,40.0,11.0,43.0,42.0,27.0,0.0,5.0,5.0,32.0,19.0,49.0,118.0,34.0,281.0,0.0,2.0,48.0,9.0,1.0,14.0,130.0,2.0,13.0,56.0,1.0,75.0,1
3.0,48.0,4.0,2.0,37.0,14.0,45.0,0.0,8.0,1.0,12.0,0.0,0.0,61.0,40.0,36.0,43.0,42.0,27.0,10.0,5.0,38.0,32.0,19.0,41.0,118.0,34.0,79.0,0.0,2.0,40.0,9.0,1.0,2.0,74.0,2.0,38.0,56.0,1.0,50.0,1
3.0,50.0,4.0,2.0,4.0,5.0,45.0,18.0,28.0,9.0,4.0,0.0,0.0,61.0,40.0,3.0,43.0,42.0,27.0,8.0,5.0,5.0,32.0,19.0,51.0,118.0,34.0,259.0,0.0,2.0,50.0,9.0,1.0,14.0,2.0,1.0,5.0,56.0,1.0,76.0,1
1.0,48.0,4.0,2.0,14.0,14.0,45.0,6.0,28.0,5.0,12.0,0.0,0.0,61.0,40.0,21.0,43.0,42.0,1.0,12.0,1.0,1.0,32.0,19.0,47.0,118.0,34.0,228.0,1.0,2.0,40.0,9.0,0.0,5.0,184.0,9.0,1.0,56.0,1.0,264.0,1
3.0,48.0,4.0,2.0,14.0,14.0,45.0,19.0,28.0,4.0,12.0,6.0,0.0,61.0,40.0,21.0,43.0,42.0,11.0,12.0,3.0,5.0,32.0,19.0,47.0,118.0,34.0,339.0,1.0,2.0,40.0,9.0,0.0,34.0,184.0,9.0,14.0,56.0,1.0,264.0,1
1.0,48.0,4.0,2.0,14.0,14.0,45.0,13.0,28.0,1.0,12.0,6.0,0.0,61.0,40.0,21.0,34.0,42.0,4.0,12.0,1.0,5.0,32.0,19.0,47.0,118.0,34.0,339.0,1.0,1.0,34.0,2.0,0.0,12.0,184.0,9.0,14.0,56.0,0.0,264.0,1
3.0,48.0,4.0,2.0,14.0,14.0,45.0,12.0,28.0,0.0,12.0,5.0,0.0,61.0,40.0,21.0,34.0,42.0,27.0,12.0,5.0,5.0,32.0,19.0,47.0,118.0,34.0,5.0,1.0,2.0,34.0,0.0,1.0,1.0,184.0,9.0,32.0,56.0,1.0,264.0,1
4.0,48.0,4.0,2.0,14.0,14.0,45.0,7.0,28.0,1.0,12.0,3.0,0.0,61.0,40.0,21.0,43.0,42.0,20.0,12.0,4.0,5.0,32.0,12.0,47.0,118.0,34.0,241.0,1.0,2.0,35.0,9.0,0.0,12.0,184.0,9.0,6.0,56.0,1.0,264.0,1
3.0,48.0,2.0,2.0,14.0,14.0,45.0,8.0,60.0,3.0,12.0,0.0,0.0,61.0,44.0,21.0,46.0,42.0,6.0,12.0,3.0,5.0,32.0,19.0,47.0,118.0,34.0,338.0,1.0,2.0,44.0,8.0,0.0,21.0,184.0,9.0,19.0,56.0,1.0,264.0,1
3.0,46.0,4.0,2.0,14.0,34.0,45.0,9.0,20.0,4.0,12.0,0.0,0.0,61.0,46.0,32.0,43.0,42.0,27.0,9.0,5.0,5.0,32.0,19.0,47.0,118.0,34.0,147.0,0.0,2.0,46.0,9.0,1.0,3.0,184.0,1.0,34.0,56.0,1.0,81.0,1
3.0,48.0,4.0,2.0,4.0,14.0,45.0,0.0,8.0,1.0,12.0,0.0,0.0,61.0,40.0,3.0,43.0,42.0,27.0,8.0,5.0,5.0,32.0,19.0,41.0,118.0,34.0,7.0,0.0,2.0,40.0,9.0,1.0,2.0,1.0,1.0,5.0,56.0,1.0,74.0,1
3.0,48.0,4.0,2.0,12.0,13.0,45.0,18.0,28.0,9.0,12.0,0.0,0.0,61.0,40.0,11.0,43.0,42.0,27.0,0.0,5.0,5.0,32.0,19.0,49.0,118.0,34.0,281.0,0.0,2.0,48.0,9.0,1.0,14.0,130.0,2.0,13.0,56.0,1.0,75.0,1
3.0,48.0,4.0,2.0,37.0,14.0,45.0,0.0,8.0,1.0,12.0,0.0,0.0,61.0,40.0,36.0,43.0,42.0,27.0,10.0,5.0,38.0,32.0,19.0,41.0,118.0,34.0,52.0,0.0,2.0,40.0,9.0,1.0,2.0,47.0,2.0,38.0,56.0,1.0,23.0,1
3.0,50.0,4.0,2.0,4.0,5.0,45.0,18.0,28.0,9.0,4.0,0.0,0.0,61.0,40.0,3.0,43.0,42.0,27.0,8.0,5.0,5.0,32.0,19.0,51.0,118.0,34.0,259.0,0.0,2.0,50.0,9.0,1.0,14.0,2.0,1.0,5.0,56.0,1.0,76.0,1
1.0,48.0,4.0,2.0,14.0,14.0,45.0,6.0,28.0,5.0,12.0,0.0,0.0,61.0,40.0,21.0,43.0,42.0,1.0,12.0,1.0,1.0,32.0,19.0,47.0,118.0,34.0,228.0,1.0,2.0,40.0,9.0,0.0,5.0,184.0,9.0,1.0,56.0,1.0,264.0,1
3.0,48.0,4.0,2.0,14.0,14.0,45.0,19.0,28.0,4.0,12.0,6.0,0.0,63.0,40.0,21.0,43.0,42.0,13.0,12.0,3.0,5.0,32.0,19.0,47.0,118.0,34.0,339.0,1.0,2.0,40.0,9.0,0.0,34.0,184.0,9.0,14.0,56.0,1.0,264.0,1
1.0,48.0,4.0,2.0,14.0,14.0,45.0,13.0,28.0,1.0,12.0,6.0,0.0,61.0,40.0,21.0,34.0,42.0,4.0,12.0,1.0,5.0,32.0,19.0,47.0,118.0,34.0,339.0,1.0,1.0,34.0,2.0,0.0,12.0,184.0,9.0,14.0,56.0,0.0,264.0,1
3.0,48.0,4.0,2.0,14.0,14.0,45.0,12.0,28.0,0.0,12.0,5.0,0.0,61.0,40.0,21.0,34.0,42.0,27.0,12.0,5.0,5.0,32.0,19.0,47.0,118.0,34.0,5.0,1.0,2.0,34.0,0.0,1.0,1.0,184.0,9.0,32.0,56.0,1.0,264.0,1
4.0,48.0,4.0,2.0,14.0,14.0,45.0,7.0,28.0,1.0,12.0,3.0,0.0,61.0,40.0,21.0,43.0,42.0,20.0,12.0,4.0,5.0,32.0,12.0,47.0,118.0,34.0,241.0,1.0,2.0,35.0,9.0,0.0,12.0,184.0,9.0,6.0,56.0,1.0,264.0,1
3.0,48.0,2.0,2.0,14.0,14.0,45.0,8.0,60.0,3.0,12.0,0.0,0.0,61.0,44.0,21.0,46.0,42.0,6.0,12.0,3.0,5.0,32.0,19.0,47.0,118.0,34.0,338.0,1.0,2.0,44.0,8.0,0.0,21.0,184.0,9.0,19.0,56.0,1.0,264.0,1
3.0,46.0,4.0,2.0,14.0,34.0,45.0,9.0,20.0,4.0,12.0,0.0,0.0,61.0,46.0,32.0,43.0,42.0,27.0,9.0,5.0,5.0,32.0,19.0,47.0,118.0,34.0,146.0,0.0,2.0,46.0,9.0,1.0,3.0,184.0,1.0,34.0,56.0,1.0,79.0,1
3.0,48.0,4.0,2.0,4.0,14.0,45.0,0.0,8.0,1.0,12.0,0.0,0.0,61.0,40.0,3.0,43.0,42.0,27.0,8.0,5.0,5.0,32.0,19.0,41.0,118.0,34.0,7.0,0.0,2.0,40.0,9.0,1.0,2.0,1.0,1.0,5.0,56.0,1.0,74.0,1
3.0,48.0,4.0,2.0,12.0,13.0,45.0,18.0,28.0,9.0,12.0,0.0,0.0,61.0,40.0,11.0,43.0,42.0,27.0,0.0,5.0,5.0,32.0,19.0,49.0,118.0,34.0,281.0,0.0,2.0,48.0,9.0,1.0,14.0,130.0,2.0,13.0,56.0,1.0,75.0,1
3.0,48.0,4.0,2.0,37.0,14.0,45.0,0.0,8.0,1.0,12.0,0.0,0.0,61.0,40.0,36.0,43.0,42.0,27.0,10.0,5.0,38.0,32.0,19.0,41.0,118.0,34.0,45.0,0.0,2.0,40.0,9.0,1.0,2.0,40.0,2.0,38.0,56.0,1.0,16.0,1
3.0,50.0,4.0,2.0,4.0,5.0,45.0,18.0,28.0,9.0,4.0,0.0,0.0,61.0,40.0,3.0,43.0,42.0,27.0,8.0,5.0,5.0,32.0,19.0,51.0,118.0,34.0,259.0,0.0,2.0,50.0,9.0,1.0,14.0,2.0,1.0,5.0,56.0,1.0,76.0,1
1.0,48.0,4.0,2.0,14.0,14.0,45.0,6.0,28.0,5.0,12.0,0.0,0.0,61.0,40.0,21.0,43.0,42.0,1.0,12.0,1.0,1.0,32.0,19.0,47.0,118.0,34.0,228.0,1.0,2.0,40.0,9.0,0.0,5.0,184.0,9.0,1.0,56.0,1.0,264.0,1
3.0,48.0,4.0,2.0,14.0,14.0,45.0,19.0,28.0,4.0,12.0,6.0,0.0,61.0,40.0,21.0,43.0,42.0,11.0,12.0,3.0,5.0,32.0,19.0,47.0,118.0,34.0,339.0,1.0,2.0,40.0,9.0,0.0,34.0,184.0,9.0,14.0,56.0,1.0,264.0,1
1.0,48.0,4.0,2.0,14.0,14.0,45.0,13.0,28.0,1.0,12.0,6.0,0.0,61.0,40.0,21.0,34.0,42.0,4.0,12.0,1.0,5.0,32.0,19.0,47.0,118.0,34.0,339.0,1.0,1.0,34.0,2.0,0.0,12.0,184.0,9.0,14.0,56.0,0.0,264.0,1
3.0,48.0,4.0,2.0,14.0,14.0,45.0,12.0,28.0,0.0,12.0,5.0,0.0,61.0,40.0,21.0,34.0,42.0,27.0,12.0,5.0,5.0,32.0,19.0,47.0,118.0,34.0,5.0,1.0,2.0,34.0,0.0,1.0,1.0,184.0,9.0,32.0,56.0,1.0,264.0,1
4.0,48.0,4.0,2.0,14.0,14.0,45.0,7.0,28.0,1.0,12.0,3.0,0.0,61.0,40.0,21.0,43.0,42.0,20.0,12.0,4.0,5.0,32.0,12.0,47.0,118.0,34.0,241.0,1.0,2.0,35.0,9.0,0.0,12.0,184.0,9.0,6.0,56.0,1.0,264.0,1
3.0,48.0,2.0,2.0,14.0,14.0,45.0,8.0,60.0,3.0,12.0,0.0,0.0,61.0,44.0,21.0,46.0,42.0,6.0,12.0,3.0,5.0,32.0,19.0,47.0,118.0,34.0,338.0,1.0,2.0,44.0,8.0,0.0,21.0,184.0,9.0,19.0,56.0,1.0,264.0,1
3.0,46.0,4.0,2.0,14.0,34.0,45.0,9.0,20.0,4.0,12.0,0.0,0.0,61.0,46.0,32.0,43.0,42.0,27.0,9.0,5.0,5.0,32.0,19.0,47.0,118.0,34.0,176.0,0.0,2.0,46.0,9.0,1.0,3.0,184.0,1.0,34.0,56.0,1.0,131.0,1
3.0,48.0,4.0,2.0,4.0,14.0,45.0,0.0,8.0,1.0,12.0,0.0,0.0,61.0,40.0,3.0,43.0,42.0,27.0,8.0,5.0,5.0,32.0,19.0,41.0,118.0,34.0,7.0,0.0,2.0,40.0,9.0,1.0,2.0,1.0,1.0,5.0,56.0,1.0,74.0,1
3.0,48.0,4.0,2.0,12.0,13.0,45.0,18.0,28.0,9.0,12.0,0.0,0.0,61.0,40.0,11.0,43.0,42.0,27.0,0.0,5.0,5.0,32.0,19.0,49.0,118.0,34.0,281.0,0.0,2.0,48.0,9.0,1.0,14.0,130.0,2.0,13.0,56.0,1.0,75.0,1
3.0,48.0,4.0,2.0,37.0,14.0,45.0,0.0,8.0,1.0,12.0,0.0,0.0,61.0,40.0,36.0,43.0,42.0,27.0,10.0,5.0,38.0,32.0,19.0,41.0,118.0,34.0,59.0,0.0,2.0,40.0,9.0,1.0,2.0,54.0,2.0,38.0,56.0,1.0,30.0,1
3.0,50.0,4.0,2.0,4.0,5.0,45.0,18.0,28.0,9.0,4.0,0.0,0.0,61.0,40.0,3.0,43.0,42.0,27.0,8.0,5.0,5.0,32.0,19.0,51.0,118.0,34.0,259.0,0.0,2.0,50.0,9.0,1.0,14.0,2.0,1.0,5.0,56.0,1.0,76.0,1
1.0,48.0,4.0,2.0,14.0,14.0,45.0,6.0,28.0,5.0,12.0,0.0,0.0,61.0,40.0,21.0,43.0,42.0,1.0,12.0,1.0,1.0,32.0,19.0,47.0,118.0,34.0,228.0,1.0,2.0,40.0,9.0,0.0,5.0,184.0,9.0,1.0,56.0,1.0,264.0,1
3.0,48.0,4.0,2.0,14.0,14.0,45.0,19.0,28.0,4.0,12.0,6.0,0.0,63.0,40.0,21.0,43.0,42.0,13.0,12.0,3.0,5.0,32.0,19.0,47.0,118.0,34.0,339.0,1.0,2.0,40.0,9.0,0.0,34.0,184.0,9.0,14.0,56.0,1.0,264.0,1
1.0,48.0,4.0,2.0,14.0,14.0,45.0,13.0,28.0,1.0,12.0,6.0,0.0,61.0,40.0,21.0,34.0,42.0,4.0,12.0,1.0,5.0,32.0,19.0,47.0,118.0,34.0,339.0,1.0,1.0,34.0,2.0,0.0,12.0,184.0,9.0,14.0,56.0,0.0,264.0,1
3.0,48.0,4.0,2.0,14.0,14.0,45.0,12.0,28.0,0.0,12.0,5.0,0.0,61.0,40.0,21.0,34.0,42.0,27.0,12.0,5.0,5.0,32.0,19.0,47.0,118.0,34.0,5.0,1.0,2.0,34.0,0.0,1.0,1.0,184.0,9.0,32.0,56.0,1.0,264.0,1
4.0,48.0,4.0,2.0,14.0,14.0,45.0,7.0,28.0,1.0,12.0,3.0,0.0,61.0,40.0,21.0,43.0,42.0,20.0,12.0,4.0,5.0,32.0,12.0,47.0,118.0,34.0,241.0,1.0,2.0,35.0,9.0,0.0,12.0,184.0,9.0,6.0,56.0,1.0,264.0,1
3.0,48.0,2.0,2.0,14.0,14.0,45.0,8.0,60.0,3.0,12.0,0.0,0.0,61.0,44.0,21.0,46.0,42.0,6.0,12.0,3.0,5.0,32.0,19.0,47.0,118.0,34.0,338.0,1.0,2.0,44.0,8.0,0.0,21.0,184.0,9.0,19.0,56.0,1.0,264.0,1
3.0,46.0,4.0,2.0,14.0,23.0,45.0,9.0,20.0,4.0,12.0,0.0,0.0,61.0,46.0,21.0,43.0,42.0,27.0,4.0,5.0,5.0,32.0,19.0,47.0,118.0,34.0,115.0,0.0,2.0,46.0,9.0,1.0,3.0,184.0,1.0,23.0,56.0,1.0,0.0,1
3.0,48.0,4.0,2.0,37.0,14.0,45.0,0.0,8.0,1.0,12.0,0.0,0.0,61.0,40.0,36.0,43.0,42.0,27.0,10.0,5.0,38.0,32.0,19.0,41.0,118.0,34.0,56.0,0.0,2.0,40.0,9.0,1.0,2.0,51.0,2.0,38.0,56.0,1.0,27.0,1
3.0,48.0,4.0,2.0,4.0,5.0,45.0,18.0,28.0,9.0,4.0,0.0,0.0,61.0,40.0,3.0,43.0,42.0,27.0,8.0,5.0,5.0,32.0,19.0,49.0,118.0,34.0,259.0,0.0,2.0,48.0,9.0,1.0,14.0,2.0,1.0,5.0,56.0,1.0,76.0,1
1.0,48.0,4.0,2.0,14.0,14.0,45.0,6.0,28.0,5.0,12.0,0.0,0.0,61.0,40.0,21.0,43.0,42.0,1.0,12.0,1.0,1.0,32.0,19.0,47.0,118.0,34.0,228.0,1.0,2.0,40.0,9.0,0.0,5.0,184.0,9.0,1.0,56.0,1.0,264.0,1
3.0,48.0,4.0,2.0,14.0,14.0,45.0,19.0,28.0,4.0,12.0,6.0,0.0,61.0,40.0,21.0,43.0,42.0,11.0,12.0,3.0,5.0,32.0,19.0,47.0,118.0,34.0,339.0,1.0,2.0,40.0,9.0,0.0,34.0,184.0,9.0,14.0,56.0,1.0,264.0,1
1.0,48.0,4.0,2.0,14.0,14.0,45.0,13.0,28.0,1.0,12.0,6.0,0.0,61.0,40.0,21.0,34.0,42.0,4.0,12.0,1.0,5.0,32.0,19.0,47.0,118.0,34.0,339.0,1.0,1.0,34.0,2.0,0.0,12.0,184.0,9.0,14.0,56.0,0.0,264.0,1
3.0,48.0,4.0,2.0,14.0,14.0,45.0,12.0,28.0,0.0,12.0,5.0,0.0,61.0,40.0,21.0,34.0,42.0,27.0,12.0,5.0,5.0,32.0,19.0,47.0,118.0,34.0,5.0,1.0,2.0,34.0,0.0,1.0,1.0,184.0,9.0,32.0,56.0,1.0,264.0,1
4.0,48.0,4.0,2.0,14.0,14.0,45.0,7.0,28.0,1.0,12.0,3.0,0.0,61.0,40.0,21.0,43.0,42.0,20.0,12.0,4.0,5.0,32.0,12.0,47.0,118.0,34.0,241.0,1.0,2.0,35.0,9.0,0.0,12.0,184.0,9.0,6.0,56.0,1.0,264.0,1
3.0,48.0,2.0,2.0,14.0,14.0,45.0,8.0,60.0,3.0,12.0,0.0,0.0,61.0,44.0,21.0,46.0,42.0,6.0,12.0,3.0,5.0,32.0,19.0,47.0,118.0,34.0,338.0,1.0,2.0,44.0,8.0,0.0,21.0,184.0,9.0,19.0,56.0,1.0,264.0,1
3.0,46.0,4.0,2.0,14.0,23.0,45.0,9.0,20.0,4.0,12.0,0.0,0.0,61.0,46.0,21.0,43.0,42.0,27.0,4.0,5.0,5.0,32.0,19.0,47.0,118.0,34.0,115.0,0.0,2.0,46.0,9.0,1.0,3.0,184.0,1.0,23.0,56.0,1.0,0.0,1
3.0,48.0,4.0,2.0,37.0,14.0,45.0,0.0,8.0,1.0,12.0,0.0,0.0,61.0,40.0,36.0,43.0,42.0,27.0,10.0,5.0,38.0,32.0,19.0,41.0,118.0,34.0,75.0,0.0,2.0,40.0,9.0,1.0,2.0,70.0,2.0,38.0,56.0,1.0,46.0,1
3.0,48.0,4.0,2.0,4.0,5.0,45.0,18.0,28.0,9.0,4.0,0.0,0.0,61.0,40.0,3.0,43.0,42.0,27.0,8.0,5.0,5.0,32.0,19.0,49.0,118.0,34.0,259.0,0.0,2.0,48.0,9.0,1.0,14.0,2.0,1.0,5.0,56.0,1.0,76.0,1
1.0,48.0,4.0,2.0,14.0,14.0,45.0,6.0,28.0,5.0,12.0,0.0,0.0,61.0,40.0,21.0,43.0,42.0,1.0,12.0,1.0,1.0,32.0,19.0,47.0,118.0,34.0,228.0,1.0,2.0,40.0,9.0,0.0,5.0,184.0,9.0,1.0,56.0,1.0,264.0,1
3.0,48.0,4.0,2.0,14.0,14.0,45.0,19.0,28.0,4.0,12.0,6.0,0.0,63.0,40.0,21.0,43.0,42.0,13.0,12.0,3.0,5.0,32.0,19.0,47.0,118.0,34.0,339.0,1.0,2.0,40.0,9.0,0.0,34.0,184.0,9.0,14.0,56.0,1.0,264.0,1
1.0,48.0,4.0,2.0,14.0,14.0,45.0,13.0,28.0,1.0,12.0,6.0,0.0,61.0,40.0,21.0,34.0,42.0,4.0,12.0,1.0,5.0,32.0,19.0,47.0,118.0,34.0,339.0,1.0,1.0,34.0,2.0,0.0,12.0,184.0,9.0,14.0,56.0,0.0,264.0,1
3.0,48.0,4.0,2.0,14.0,14.0,45.0,12.0,28.0,0.0,12.0,5.0,0.0,61.0,40.0,21.0,34.0,42.0,27.0,12.0,5.0,5.0,32.0,19.0,47.0,118.0,34.0,5.0,1.0,2.0,34.0,0.0,1.0,1.0,184.0,9.0,32.0,56.0,1.0,264.0,1
4.0,48.0,4.0,2.0,14.0,14.0,45.0,7.0,28.0,1.0,12.0,3.0,0.0,61.0,40.0,21.0,43.0,42.0,20.0,12.0,4.0,5.0,32.0,12.0,47.0,118.0,34.0,241.0,1.0,2.0,35.0,9.0,0.0,12.0,184.0,9.0,6.0,56.0,1.0,264.0,1
3.0,48.0,2.0,2.0,14.0,14.0,45.0,8.0,60.0,3.0,12.0,0.0,0.0,61.0,44.0,21.0,46.0,42.0,6.0,12.0,3.0,5.0,32.0,19.0,47.0,118.0,34.0,338.0,1.0,2.0,44.0,8.0,0.0,21.0,184.0,9.0,19.0,56.0,1.0,264.0,1
3.0,46.0,4.0,2.0,14.0,23.0,45.0,9.0,20.0,4.0,12.0,0.0,0.0,61.0,46.0,21.0,43.0,42.0,27.0,4.0,5.0,5.0,32.0,19.0,47.0,118.0,34.0,115.0,0.0,2.0,46.0,9.0,1.0,3.0,184.0,1.0,23.0,56.0,1.0,0.0,1
3.0,48.0,4.0,2.0,37.0,14.0,45.0,0.0,8.0,1.0,12.0,0.0,0.0,61.0,40.0,36.0,43.0,42.0,27.0,10.0,5.0,38.0,32.0,19.0,41.0,118.0,34.0,37.0,0.0,2.0,40.0,9.0,1.0,2.0,32.0,2.0,38.0,56.0,1.0,8.0,1
3.0,48.0,4.0,2.0,4.0,5.0,45.0,18.0,28.0,9.0,4.0,0.0,0.0,61.0,40.0,3.0,43.0,42.0,27.0,8.0,5.0,5.0,32.0,19.0,49.0,118.0,34.0,259.0,0.0,2.0,48.0,9.0,1.0,14.0,2.0,1.0,5.0,56.0,1.0,76.0,1
1.0,48.0,4.0,2.0,14.0,14.0,45.0,6.0,28.0,5.0,12.0,0.0,0.0,61.0,40.0,21.0,43.0,42.0,1.0,12.0,1.0,1.0,32.0,19.0,47.0,118.0,34.0,228.0,1.0,2.0,40.0,9.0,0.0,5.0,184.0,9.0,1.0,56.0,1.0,264.0,1
3.0,48.0,4.0,2.0,14.0,14.0,45.0,19.0,28.0,4.0,12.0,6.0,0.0,61.0,40.0,21.0,43.0,42.0,11.0,12.0,3.0,5.0,32.0,19.0,47.0,118.0,34.0,339.0,1.0,2.0,40.0,9.0,0.0,34.0,184.0,9.0,14.0,56.0,1.0,264.0,1
1.0,48.0,4.0,2.0,14.0,14.0,45.0,13.0,28.0,1.0,12.0,6.0,0.0,61.0,40.0,21.0,34.0,42.0,4.0,12.0,1.0,5.0,32.0,19.0,47.0,118.0,34.0,339.0,1.0,1.0,34.0,2.0,0.0,12.0,184.0,9.0,14.0,56.0,0.0,264.0,1
3.0,48.0,4.0,2.0,14.0,14.0,45.0,12.0,28.0,0.0,12.0,5.0,0.0,61.0,40.0,21.0,34.0,42.0,27.0,12.0,5.0,5.0,32.0,19.0,47.0,118.0,34.0,5.0,1.0,2.0,34.0,0.0,1.0,1.0,184.0,9.0,32.0,56.0,1.0,264.0,1
4.0,48.0,4.0,2.0,14.0,14.0,45.0,7.0,28.0,1.0,12.0,3.0,0.0,61.0,40.0,21.0,43.0,42.0,20.0,12.0,4.0,5.0,32.0,12.0,47.0,118.0,34.0,241.0,1.0,2.0,35.0,9.0,0.0,12.0,184.0,9.0,6.0,56.0,1.0,264.0,1
3.0,48.0,2.0,2.0,14.0,14.0,45.0,8.0,60.0,3.0,12.0,0.0,0.0,61.0,44.0,21.0,46.0,42.0,6.0,12.0,3.0,5.0,32.0,19.0,47.0,118.0,34.0,338.0,1.0,2.0,44.0,8.0,0.0,21.0,184.0,9.0,19.0,56.0,1.0,264.0,1
3.0,46.0,4.0,2.0,14.0,23.0,45.0,9.0,20.0,4.0,12.0,0.0,0.0,61.0,46.0,21.0,43.0,42.0,27.0,4.0,5.0,5.0,32.0,19.0,47.0,118.0,34.0,115.0,0.0,2.0,46.0,9.0,1.0,3.0,184.0,1.0,23.0,56.0,1.0,0.0,1
3.0,48.0,4.0,2.0,37.0,14.0,45.0,0.0,8.0,1.0,12.0,0.0,0.0,61.0,40.0,36.0,43.0,42.0,27.0,10.0,5.0,38.0,32.0,19.0,41.0,118.0,34.0,64.0,0.0,2.0,40.0,9.0,1.0,2.0,59.0,2.0,38.0,56.0,1.0,35.0,1
3.0,48.0,4.0,2.0,4.0,5.0,45.0,18.0,28.0,9.0,4.0,0.0,0.0,61.0,40.0,3.0,43.0,42.0,27.0,8.0,5.0,5.0,32.0,19.0,49.0,118.0,34.0,259.0,0.0,2.0,48.0,9.0,1.0,14.0,2.0,1.0,5.0,56.0,1.0,76.0,1
1.0,48.0,4.0,2.0,14.0,14.0,45.0,6.0,28.0,5.0,12.0,0.0,0.0,61.0,40.0,21.0,43.0,42.0,1.0,12.0,1.0,1.0,32.0,19.0,47.0,118.0,34.0,228.0,1.0,2.0,40.0,9.0,0.0,5.0,184.0,9.0,1.0,56.0,1.0,264.0,1
3.0,48.0,4.0,2.0,14.0,14.0,45.0,19.0,28.0,4.0,12.0,6.0,0.0,63.0,40.0,21.0,43.0,42.0,13.0,12.0,3.0,5.0,32.0,19.0,47.0,118.0,34.0,339.0,1.0,2.0,40.0,9.0,0.0,34.0,184.0,9.0,14.0,56.0,1.0,264.0,1
1.0,48.0,4.0,2.0,14.0,14.0,45.0,13.0,28.0,1.0,12.0,6.0,0.0,61.0,40.0,21.0,34.0,42.0,4.0,12.0,1.0,5.0,32.0,19.0,47.0,118.0,34.0,339.0,1.0,1.0,34.0,2.0,0.0,12.0,184.0,9.0,14.0,56.0,0.0,264.0,1
3.0,48.0,4.0,2.0,14.0,14.0,45.0,12.0,28.0,0.0,12.0,5.0,0.0,61.0,40.0,21.0,34.0,42.0,27.0,12.0,5.0,5.0,32.0,19.0,47.0,118.0,34.0,5.0,1.0,2.0,34.0,0.0,1.0,1.0,184.0,9.0,32.0,56.0,1.0,264.0,1
4.0,48.0,4.0,2.0,14.0,14.0,45.0,7.0,28.0,1.0,12.0,3.0,0.0,61.0,40.0,21.0,43.0,42.0,20.0,12.0,4.0,5.0,32.0,12.0,47.0,118.0,34.0,241.0,1.0,2.0,35.0,9.0,0.0,12.0,184.0,9.0,6.0,56.0,1.0,264.0,1
3.0,48.0,2.0,2.0,14.0,14.0,45.0,8.0,60.0,3.0,12.0,0.0,0.0,61.0,44.0,21.0,46.0,42.0,6.0,12.0,3.0,5.0,32.0,19.0,47.0,118.0,34.0,338.0,1.0,2.0,44.0,8.0,0.0,21.0,184.0,9.0,19.0,56.0,1.0,264.0,1
3.0,46.0,4.0,2.0,14.0,23.0,45.0,9.0,20.0,4.0,12.0,0.0,0.0,61.0,46.0,21.0,43.0,42.0,27.0,4.0,5.0,5.0,32.0,19.0,47.0,118.0,34.0,115.0,0.0,2.0,46.0,9.0,1.0,3.0,184.0,1.0,23.0,56.0,1.0,0.0,1
3.0,48.0,4.0,2.0,37.0,14.0,45.0,0.0,8.0,1.0,12.0,0.0,0.0,61.0,40.0,36.0,43.0,42.0,27.0,10.0,5.0,38.0,32.0,19.0,41.0,118.0,34.0,41.0,0.0,2.0,40.0,9.0,1.0,2.0,36.0,2.0,38.0,56.0,1.0,12.0,1
3.0,48.0,4.0,2.0,4.0,5.0,45.0,18.0,28.0,9.0,4.0,0.0,0.0,61.0,40.0,3.0,43.0,42.0,27.0,8.0,5.0,5.0,32.0,19.0,49.0,118.0,34.0,259.0,0.0,2.0,48.0,9.0,1.0,14.0,2.0,1.0,5.0,56.0,1.0,76.0,1
1.0,48.0,4.0,2.0,14.0,14.0,45.0,6.0,28.0,5.0,12.0,0.0,0.0,61.0,40.0,21.0,43.0,42.0,1.0,12.0,1.0,1.0,32.0,19.0,47.0,118.0,34.0,228.0,1.0,2.0,40.0,9.0,0.0,5.0,184.0,9.0,1.0,56.0,1.0,264.0,1
3.0,48.0,4.0,2.0,14.0,14.0,45.0,19.0,28.0,4.0,12.0,6.0,0.0,61.0,40.0,21.0,43.0,42.0,11.0,12.0,3.0,5.0,32.0,19.0,47.0,118.0,34.0,339.0,1.0,2.0,40.0,9.0,0.0,34.0,184.0,9.0,14.0,56.0,1.0,264.0,1
1.0,48.0,4.0,2.0,14.0,14.0,45.0,13.0,28.0,1.0,12.0,6.0,0.0,61.0,40.0,21.0,34.0,42.0,4.0,12.0,1.0,5.0,32.0,19.0,47.0,118.0,34.0,339.0,1.0,1.0,34.0,2.0,0.0,12.0,184.0,9.0,14.0,56.0,0.0,264.0,1
3.0,48.0,4.0,2.0,14.0,14.0,45.0,12.0,28.0,0.0,12.0,5.0,0.0,61.0,40.0,21.0,34.0,42.0,27.0,12.0,5.0,5.0,32.0,19.0,47.0,118.0,34.0,5.0,1.0,2.0,34.0,0.0,1.0,1.0,184.0,9.0,32.0,56.0,1.0,264.0,1
4.0,48.0,4.0,2.0,14.0,14.0,45.0,7.0,28.0,1.0,12.0,3.0,0.0,61.0,40.0,21.0,43.0,42.0,20.0,12.0,4.0,5.0,32.0,12.0,47.0,118.0,34.0,241.0,1.0,2.0,35.0,9.0,0.0,12.0,184.0,9.0,6.0,56.0,1.0,264.0,1
3.0,48.0,2.0,2.0,14.0,14.0,45.0,8.0,60.0,3.0,12.0,0.0,0.0,61.0,44.0,21.0,46.0,42.0,6.0,12.0,3.0,5.0,32.0,19.0,47.0,118.0,34.0,338.0,1.0,2.0,44.0,8.0,0.0,21.0,184.0,9.0,19.0,56.0,1.0,264.0,1
3.0,46.0,4.0,2.0,14.0,23.0,45.0,9.0,20.0,4.0,12.0,0.0,0.0,61.0,46.0,21.0,43.0,42.0,27.0,4.0,5.0,5.0,32.0,19.0,47.0,118.0,34.0,115.0,0.0,2.0,46.0,9.0,1.0,3.0,184.0,1.0,23.0,56.0,1.0,0.0,1
3.0,48.0,4.0,2.0,37.0,14.0,45.0,0.0,8.0,1.0,12.0,0.0,0.0,61.0,40.0,36.0,43.0,42.0,27.0,10.0,5.0,38.0,32.0,19.0,41.0,118.0,34.0,57.0,0.0,2.0,40.0,9.0,1.0,2.0,52.0,2.0,38.0,56.0,1.0,28.0,1
3.0,48.0,4.0,2.0,4.0,5.0,45.0,18.0,28.0,9.0,4.0,0.0,0.0,61.0,40.0,3.0,43.0,42.0,27.0,8.0,5.0,5.0,32.0,19.0,49.0,118.0,34.0,259.0,0.0,2.0,48.0,9.0,1.0,14.0,2.0,1.0,5.0,56.0,1.0,76.0,1
1.0,48.0,4.0,2.0,14.0,14.0,45.0,6.0,28.0,5.0,12.0,0.0,0.0,61.0,40.0,21.0,43.0,42.0,1.0,12.0,1.0,1.0,32.0,19.0,47.0,118.0,34.0,228.0,1.0,2.0,40.0,9.0,0.0,5.0,184.0,9.0,1.0,56.0,1.0,264.0,1
3.0,48.0,4.0,2.0,14.0,14.0,45.0,19.0,28.0,4.0,12.0,6.0,0.0,63.0,40.0,21.0,43.0,42.0,13.0,12.0,3.0,5.0,32.0,19.0,47.0,118.0,34.0,339.0,1.0,2.0,40.0,9.0,0.0,34.0,184.0,9.0,14.0,56.0,1.0,264.0,1
1.0,48.0,4.0,2.0,14.0,14.0,45.0,13.0,28.0,1.0,12.0,6.0,0.0,61.0,40.0,21.0,34.0,42.0,4.0,12.0,1.0,5.0,32.0,19.0,47.0,118.0,34.0,339.0,1.0,1.0,34.0,2.0,0.0,12.0,184.0,9.0,14.0,56.0,0.0,264.0,1
3.0,48.0,4.0,2.0,14.0,14.0,45.0,12.0,28.0,0.0,12.0,5.0,0.0,61.0,40.0,21.0,34.0,42.0,27.0,12.0,5.0,5.0,32.0,19.0,47.0,118.0,34.0,5.0,1.0,2.0,34.0,0.0,1.0,1.0,184.0,9.0,32.0,56.0,1.0,264.0,1
4.0,48.0,4.0,2.0,14.0,14.0,45.0,7.0,28.0,1.0,12.0,3.0,0.0,61.0,40.0,21.0,43.0,42.0,20.0,12.0,4.0,5.0,32.0,12.0,47.0,118.0,34.0,241.0,1.0,2.0,35.0,9.0,0.0,12.0,184.0,9.0,6.0,56.0,1.0,264.0,1
3.0,48.0,2.0,2.0,14.0,14.0,45.0,8.0,60.0,3.0,12.0,0.0,0.0,61.0,44.0,21.0,46.0,42.0,6.0,12.0,3.0,5.0,32.0,19.0,47.0,118.0,34.0,338.0,1.0,2.0,44.0,8.0,0.0,21.0,184.0,9.0,19.0,56.0,1.0,264.0,1
3.0,46.0,4.0,2.0,14.0,23.0,45.0,9.0,20.0,4.0,12.0,0.0,0.0,61.0,46.0,21.0,43.0,42.0,27.0,4.0,5.0,5.0,32.0,19.0,47.0,118.0,34.0,115.0,0.0,2.0,46.0,9.0,1.0,3.0,184.0,1.0,23.0,56.0,1.0,0.0,1
3.0,48.0,4.0,2.0,37.0,14.0,45.0,0.0,8.0,1.0,12.0,0.0,0.0,61.0,40.0,36.0,43.0,42.0,27.0,10.0,5.0,38.0,32.0,19.0,41.0,118.0,34.0,70.0,0.0,2.0,40.0,9.0,1.0,2.0,65.0,2.0,38.0,56.0,1.0,41.0,1
3.0,48.0,4.0,2.0,4.0,5.0,45.0,18.0,28.0,9.0,4.0,0.0,0.0,61.0,40.0,3.0,43.0,42.0,27.0,8.0,5.0,5.0,32.0,19.0,49.0,118.0,34.0,259.0,0.0,2.0,48.0,9.0,1.0,14.0,2.0,1.0,5.0,56.0,1.0,76.0,1
1.0,48.0,4.0,2.0,14.0,14.0,45.0,6.0,28.0,5.0,12.0,0.0,0.0,61.0,40.0,21.0,43.0,42.0,1.0,12.0,1.0,1.0,32.0,19.0,47.0,118.0,34.0,228.0,1.0,2.0,40.0,9.0,0.0,5.0,184.0,9.0,1.0,56.0,1.0,264.0,1
3.0,48.0,4.0,2.0,14.0,14.0,45.0,19.0,28.0,4.0,12.0,6.0,0.0,61.0,40.0,21.0,43.0,42.0,11.0,12.0,3.0,5.0,32.0,19.0,47.0,118.0,34.0,339.0,1.0,2.0,40.0,9.0,0.0,34.0,184.0,9.0,14.0,56.0,1.0,264.0,1
1.0,48.0,4.0,2.0,14.0,14.0,45.0,13.0,28.0,1.0,12.0,6.0,0.0,61.0,40.0,21.0,34.0,42.0,4.0,12.0,1.0,5.0,32.0,19.0,47.0,118.0,34.0,339.0,1.0,1.0,34.0,2.0,0.0,12.0,184.0,9.0,14.0,56.0,0.0,264.0,1
3.0,48.0,4.0,2.0,14.0,14.0,45.0,12.0,28.0,0.0,12.0,5.0,0.0,61.0,40.0,21.0,34.0,42.0,27.0,12.0,5.0,5.0,32.0,19.0,47.0,118.0,34.0,5.0,1.0,2.0,34.0,0.0,1.0,1.0,184.0,9.0,32.0,56.0,1.0,264.0,1
4.0,48.0,4.0,2.0,14.0,14.0,45.0,7.0,28.0,1.0,12.0,3.0,0.0,61.0,40.0,21.0,43.0,42.0,20.0,12.0,4.0,5.0,32.0,12.0,47.0,118.0,34.0,241.0,1.0,2.0,35.0,9.0,0.0,12.0,184.0,9.0,6.0,56.0,1.0,264.0,1
3.0,48.0,2.0,2.0,14.0,14.0,45.0,8.0,60.0,3.0,12.0,0.0,0.0,61.0,44.0,21.0,46.0,42.0,6.0,12.0,3.0,5.0,32.0,19.0,47.0,118.0,34.0,338.0,1.0,2.0,44.0,8.0,0.0,21.0,184.0,9.0,19.0,56.0,1.0,264.0,1
3.0,46.0,4.0,2.0,14.0,23.0,45.0,9.0,20.0,4.0,12.0,0.0,0.0,61.0,46.0,21.0,43.0,42.0,27.0,4.0,5.0,5.0,32.0,19.0,47.0,118.0,34.0,115.0,0.0,2.0,46.0,9.0,1.0,3.0,184.0,1.0,23.0,56.0,1.0,0.0,1
3.0,48.0,4.0,2.0,37.0,14.0,45.0,0.0,8.0,1.0,12.0,0.0,0.0,61.0,40.0,36.0,43.0,42.0,27.0,10.0,5.0,38.0,32.0,19.0,41.0,118.0,34.0,33.0,0.0,2.0,40.0,9.0,1.0,2.0,28.0,2.0,38.0,56.0,1.0,4.0,1
3.0,48.0,4.0,2.0,4.0,5.0,45.0,18.0,28.0,9.0,4.0,0.0,0.0,61.0,40.0,3.0,43.0,42.0,27.0,8.0,5.0,5.0,32.0,19.0,49.0,118.0,34.0,259.0,0.0,2.0,48.0,9.0,1.0,14.0,2.0,1.0,5.0,56.0,1.0,76.0,1
1.0,48.0,4.0,2.0,14.0,14.0,45.0,6.0,28.0,5.0,12.0,0.0,0.0,61.0,40.0,21.0,43.0,42.0,1.0,12.0,1.0,1.0,32.0,19.0,47.0,118.0,34.0,228.0,1.0,2.0,40.0,9.0,0.0,5.0,184.0,9.0,1.0,56.0,1.0,264.0,1
3.0,48.0,4.0,2.0,14.0,14.0,45.0,19.0,28.0,4.0,12.0,6.0,0.0,63.0,40.0,21.0,43.0,42.0,13.0,12.0,3.0,5.0,32.0,19.0,47.0,118.0,34.0,339.0,1.0,2.0,40.0,9.0,0.0,34.0,184.0,9.0,14.0,56.0,1.0,264.0,1
1.0,48.0,4.0,2.0,14.0,14.0,45.0,13.0,28.0,1.0,12.0,6.0,0.0,61.0,40.0,21.0,34.0,42.0,4.0,12.0,1.0,5.0,32.0,19.0,47.0,118.0,34.0,339.0,1.0,1.0,34.0,2.0,0.0,12.0,184.0,9.0,14.0,56.0,0.0,264.0,1
3.0,48.0,4.0,2.0,14.0,14.0,45.0,12.0,28.0,0.0,12.0,5.0,0.0,61.0,40.0,21.0,34.0,42.0,27.0,12.0,5.0,5.0,32.0,19.0,47.0,118.0,34.0,5.0,1.0,2.0,34.0,0.0,1.0,1.0,184.0,9.0,32.0,56.0,1.0,264.0,1
4.0,48.0,4.0,2.0,14.0,14.0,45.0,7.0,28.0,1.0,12.0,3.0,0.0,61.0,40.0,21.0,43.0,42.0,20.0,12.0,4.0,5.0,32.0,12.0,47.0,118.0,34.0,241.0,1.0,2.0,35.0,9.0,0.0,12.0,184.0,9.0,6.0,56.0,1.0,264.0,1
3.0,48.0,2.0,2.0,14.0,14.0,45.0,8.0,60.0,3.0,12.0,0.0,0.0,61.0,44.0,21.0,46.0,42.0,6.0,12.0,3.0,5.0,32.0,19.0,47.0,118.0,34.0,338.0,1.0,2.0,44.0,8.0,0.0,21.0,184.0,9.0,19.0,56.0,1.0,264.0,1
3.0,46.0,4.0,2.0,14.0,23.0,45.0,9.0,20.0,4.0,12.0,0.0,0.0,61.0,46.0,21.0,43.0,42.0,27.0,4.0,5.0,5.0,32.0,19.0,47.0,118.0,34.0,115.0,0.0,2.0,46.0,9.0,1.0,3.0,184.0,1.0,23.0,56.0,1.0,0.0,1
3.0,48.0,4.0,2.0,37.0,14.0,45.0,0.0,8.0,1.0,12.0,0.0,0.0,61.0,40.0,36.0,43.0,42.0,27.0,10.0,5.0,38.0,32.0,19.0,41.0,118.0,34.0,62.0,0.0,2.0,40.0,9.0,1.0,2.0,57.0,2.0,38.0,56.0,1.0,33.0,1
3.0,48.0,4.0,2.0,4.0,5.0,45.0,18.0,28.0,9.0,4.0,0.0,0.0,61.0,40.0,3.0,43.0,42.0,27.0,8.0,5.0,5.0,32.0,19.0,49.0,118.0,34.0,259.0,0.0,2.0,48.0,9.0,1.0,14.0,2.0,1.0,5.0,56.0,1.0,76.0,1
1.0,48.0,4.0,2.0,14.0,14.0,45.0,6.0,28.0,5.0,12.0,0.0,0.0,61.0,40.0,21.0,43.0,42.0,1.0,12.0,1.0,1.0,32.0,19.0,47.0,118.0,34.0,228.0,1.0,2.0,40.0,9.0,0.0,5.0,184.0,9.0,1.0,56.0,1.0,264.0,1
3.0,48.0,4.0,2.0,14.0,14.0,45.0,19.0,28.0,4.0,12.0,6.0,0.0,60.0,40.0,21.0,43.0,42.0,10.0,12.0,3.0,5.0,32.0,19.0,47.0,118.0,34.0,339.0,1.0,2.0,40.0,9.0,0.0,34.0,184.0,9.0,14.0,56.0,1.0,264.0,1
1.0,48.0,4.0,2.0,14.0,14.0,45.0,13.0,28.0,1.0,12.0,6.0,0.0,61.0,40.0,21.0,34.0,42.0,4.0,12.0,1.0,5.0,32.0,19.0,47.0,118.0,34.0,339.0,1.0,1.0,34.0,2.0,0.0,12.0,184.0,9.0,14.0,56.0,0.0,264.0,1
3.0,48.0,4.0,2.0,14.0,14.0,45.0,12.0,28.0,0.0,12.0,5.0,0.0,61.0,40.0,21.0,34.0,42.0,27.0,12.0,5.0,5.0,32.0,19.0,47.0,118.0,34.0,5.0,1.0,2.0,34.0,0.0,1.0,1.0,184.0,9.0,32.0,56.0,1.0,264.0,1
4.0,48.0,4.0,2.0,14.0,14.0,45.0,7.0,28.0,1.0,12.0,3.0,0.0,61.0,40.0,21.0,43.0,42.0,20.0,12.0,4.0,5.0,32.0,12.0,47.0,118.0,34.0,241.0,1.0,2.0,35.0,9.0,0.0,12.0,184.0,9.0,6.0,56.0,1.0,264.0,1
3.0,48.0,2.0,2.0,14.0,14.0,45.0,8.0,60.0,3.0,12.0,0.0,0.0,61.0,44.0,21.0,46.0,42.0,6.0,12.0,3.0,5.0,32.0,19.0,47.0,118.0,34.0,338.0,1.0,2.0,44.0,8.0,0.0,21.0,184.0,9.0,19.0,56.0,1.0,264.0,1
3.0,46.0,4.0,2.0,14.0,23.0,45.0,9.0,20.0,4.0,12.0,0.0,0.0,61.0,46.0,21.0,43.0,42.0,27.0,4.0,5.0,5.0,32.0,19.0,47.0,118.0,34.0,115.0,0.0,2.0,46.0,9.0,1.0,3.0,184.0,1.0,23.0,56.0,1.0,0.0,1
3.0,48.0,4.0,2.0,37.0,14.0,45.0,0.0,8.0,1.0,12.0,0.0,0.0,61.0,40.0,36.0,43.0,42.0,27.0,10.0,5.0,38.0,32.0,19.0,41.0,118.0,34.0,46.0,0.0,2.0,40.0,9.0,1.0,2.0,41.0,2.0,38.0,56.0,1.0,17.0,1
3.0,48.0,4.0,2.0,4.0,5.0,45.0,18.0,28.0,9.0,4.0,0.0,0.0,61.0,40.0,3.0,43.0,42.0,27.0,8.0,5.0,5.0,32.0,19.0,49.0,118.0,34.0,259.0,0.0,2.0,48.0,9.0,1.0,14.0,2.0,1.0,5.0,56.0,1.0,76.0,1
1.0,48.0,4.0,2.0,14.0,14.0,45.0,6.0,28.0,5.0,12.0,0.0,0.0,61.0,40.0,21.0,43.0,42.0,1.0,12.0,1.0,1.0,32.0,19.0,47.0,118.0,34.0,228.0,1.0,2.0,40.0,9.0,0.0,5.0,184.0,9.0,1.0,56.0,1.0,264.0,1
3.0,48.0,4.0,2.0,14.0,14.0,45.0,19.0,28.0,4.0,12.0,6.0,0.0,61.0,40.0,21.0,43.0,42.0,27.0,12.0,5.0,5.0,32.0,19.0,47.0,118.0,34.0,339.0,1.0,2.0,34.0,9.0,1.0,25.0,184.0,9.0,14.0,56.0,1.0,264.0,0
3.0,48.0,4.0,2.0,14.0,14.0,45.0,1.0,28.0,0.0,12.0,6.0,0.0,61.0,40.0,21.0,34.0,42.0,27.0,12.0,5.0,5.0,32.0,19.0,47.0,118.0,34.0,339.0,1.0,2.0,34.0,6.0,1.0,23.0,184.0,9.0,0.0,56.0,1.0,264.0,0
3.0,48.0,4.0,2.0,14.0,14.0,45.0,1.0,28.0,0.0,12.0,6.0,0.0,61.0,40.0,21.0,34.0,42.0,27.0,12.0,5.0,5.0,32.0,19.0,47.0,118.0,34.0,339.0,1.0,2.0,34.0,3.0,1.0,16.0,184.0,9.0,0.0,56.0,1.0,264.0,0
0.0,48.0,4.0,2.0,14.0,14.0,45.0,1.0,28.0,0.0,12.0,6.0,0.0,61.0,40.0,2.0,43.0,42.0,27.0,3.0,0.0,5.0,32.0,19.0,47.0,118.0,34.0,339.0,0.0,2.0,34.0,9.0,0.0,7.0,184.0,8.0,5.0,56.0,1.0,264.0,0
3.0,48.0,4.0,2.0,14.0,14.0,45.0,19.0,28.0,4.0,12.0,6.0,0.0,62.0,40.0,21.0,43.0,42.0,12.0,12.0,3.0,5.0,32.0,19.0,47.0,118.0,34.0,339.0,1.0,2.0,40.0,9.0,0.0,34.0,184.0,9.0,14.0,56.0,1.0,264.0,0
1.0,48.0,4.0,2.0,14.0,14.0,45.0,13.0,28.0,1.0,12.0,6.0,0.0,61.0,40.0,21.0,34.0,42.0,4.0,12.0,1.0,5.0,32.0,19.0,47.0,118.0,34.0,339.0,1.0,0.0,34.0,2.0,0.0,12.0,184.0,9.0,14.0,56.0,0.0,264.0,0
3.0,48.0,4.0,2.0,14.0,14.0,45.0,12.0,28.0,0.0,12.0,5.0,0.0,61.0,40.0,21.0,34.0,42.0,27.0,12.0,5.0,5.0,32.0,19.0,47.0,118.0,34.0,5.0,1.0,2.0,34.0,0.0,1.0,1.0,184.0,9.0,32.0,56.0,1.0,264.0,0
4.0,48.0,4.0,2.0,14.0,14.0,45.0,7.0,28.0,1.0,12.0,3.0,0.0,61.0,40.0,21.0,43.0,42.0,20.0,12.0,4.0,5.0,32.0,12.0,47.0,118.0,34.0,241.0,1.0,2.0,35.0,9.0,0.0,12.0,184.0,9.0,6.0,56.0,1.0,264.0,0
3.0,48.0,2.0,2.0,14.0,14.0,45.0,8.0,60.0,3.0,12.0,0.0,0.0,61.0,44.0,21.0,46.0,42.0,6.0,12.0,3.0,5.0,32.0,19.0,47.0,118.0,34.0,338.0,1.0,2.0,44.0,8.0,0.0,21.0,184.0,9.0,19.0,56.0,1.0,264.0,0
3.0,46.0,4.0,2.0,14.0,23.0,45.0,9.0,20.0,4.0,12.0,0.0,0.0,61.0,46.0,21.0,43.0,42.0,27.0,4.0,5.0,5.0,32.0,19.0,47.0,118.0,34.0,115.0,0.0,2.0,46.0,9.0,1.0,3.0,184.0,1.0,23.0,56.0,1.0,0.0,0
3.0,48.0,4.0,2.0,37.0,14.0,45.0,0.0,8.0,1.0,12.0,0.0,0.0,61.0,40.0,36.0,43.0,42.0,27.0,10.0,5.0,38.0,32.0,19.0,41.0,118.0,34.0,43.0,0.0,2.0,40.0,9.0,1.0,2.0,38.0,2.0,38.0,56.0,1.0,14.0,0
3.0,48.0,4.0,2.0,12.0,13.0,45.0,18.0,28.0,9.0,12.0,0.0,0.0,61.0,40.0,11.0,43.0,42.0,27.0,0.0,5.0,5.0,32.0,19.0,49.0,118.0,34.0,261.0,0.0,2.0,48.0,9.0,1.0,14.0,110.0,2.0,13.0,56.0,1.0,54.0,0
3.0,48.0,4.0,2.0,25.0,14.0,45.0,0.0,8.0,1.0,12.0,0.0,0.0,61.0,40.0,24.0,43.0,42.0,27.0,5.0,5.0,26.0,32.0,19.0,41.0,118.0,34.0,22.0,0.0,2.0,40.0,9.0,1.0,2.0,17.0,1.0,26.0,56.0,1.0,236.0,0
3.0,50.0,4.0,2.0,20.0,21.0,45.0,18.0,28.0,9.0,20.0,0.0,0.0,61.0,40.0,19.0,43.0,42.0,27.0,2.0,5.0,5.0,32.0,19.0,51.0,118.0,34.0,322.0,0.0,2.0,50.0,9.0,1.0,14.0,171.0,3.0,21.0,56.0,1.0,251.0,0
0.0,48.0,1.0,0.0,14.0,14.0,41.0,10.0,30.0,6.0,12.0,0.0,0.0,61.0,40.0,21.0,43.0,42.0,0.0,12.0,0.0,2.0,32.0,19.0,47.0,118.0,34.0,229.0,1.0,2.0,40.0,9.0,0.0,8.0,184.0,9.0,2.0,56.0,1.0,264.0,0
3.0,48.0,4.0,2.0,14.0,1.0,45.0,11.0,28.0,5.0,12.0,4.0,0.0,61.0,48.0,21.0,43.0,42.0,27.0,12.0,5.0,5.0,32.0,19.0,47.0,118.0,34.0,228.0,1.0,2.0,48.0,9.0,1.0,5.0,184.0,9.0,1.0,56.0,1.0,264.0,0
3.0,48.0,4.0,2.0,14.0,14.0,45.0,14.0,38.0,7.0,12.0,0.0,0.0,61.0,40.0,21.0,41.0,40.0,27.0,12.0,5.0,2.0,32.0,19.0,47.0,118.0,34.0,230.0,1.0,2.0,40.0,0.0,1.0,10.0,184.0,9.0,2.0,56.0,1.0,264.0,0
3.0,50.0,4.0,2.0,14.0,14.0,45.0,15.0,38.0,7.0,12.0,0.0,0.0,61.0,50.0,21.0,51.0,42.0,27.0,12.0,5.0,5.0,32.0,19.0,47.0,118.0,34.0,231.0,1.0,2.0,50.0,1.0,1.0,10.0,184.0,9.0,14.0,56.0,1.0,264.0,0
4.0,48.0,3.0,2.0,14.0,14.0,42.0,2.0,20.0,4.0,12.0,0.0,0.0,61.0,40.0,21.0,43.0,42.0,15.0,12.0,4.0,100.0,14.0,19.0,47.0,118.0,34.0,210.0,1.0,2.0,40.0,7.0,0.0,3.0,184.0,9.0,100.0,133.0,1.0,264.0,0
3.0,61.0,4.0,2.0,14.0,15.0,45.0,18.0,28.0,9.0,14.0,0.0,0.0,61.0,40.0,13.0,43.0,42.0,27.0,1.0,5.0,5.0,32.0,19.0,62.0,118.0,34.0,290.0,0.0,2.0,61.0,9.0,1.0,14.0,139.0,2.0,15.0,56.0,1.0,175.0,0
3.0,48.0,4.0,2.0,39.0,14.0,45.0,0.0,8.0,1.0,12.0,0.0,0.0,61.0,40.0,38.0,43.0,42.0,27.0,11.0,5.0,40.0,32.0,19.0,41.0,118.0,34.0,92.0,0.0,2.0,40.0,9.0,1.0,2.0,87.0,2.0,40.0,56.0,1.0,176.0,0
1.0,48.0,4.0,2.0,14.0,14.0,45.0,6.0,28.0,5.0,12.0,0.0,0.0,61.0,40.0,21.0,43.0,42.0,1.0,12.0,1.0,1.0,32.0,19.0,47.0,118.0,34.0,228.0,1.0,2.0,40.0,9.0,0.0,5.0,184.0,9.0,1.0,56.0,1.0,264.0,0
3.0,48.0,4.0,2.0,14.0,14.0,45.0,7.0,28.0,1.0,12.0,3.0,0.0,61.0,40.0,21.0,43.0,42.0,22.0,12.0,3.0,5.0,32.0,14.0,47.0,118.0,34.0,254.0,1.0,2.0,35.0,9.0,0.0,12.0,184.0,9.0,6.0,56.0,1.0,264.0,0
3.0,48.0,2.0,2.0,14.0,14.0,45.0,8.0,60.0,3.0,12.0,0.0,0.0,61.0,44.0,21.0,46.0,42.0,6.0,12.0,3.0,5.0,32.0,19.0,47.0,118.0,34.0,338.0,1.0,2.0,44.0,8.0,0.0,21.0,184.0,9.0,19.0,56.0,1.0,264.0,0
3.0,46.0,4.0,2.0,14.0,23.0,45.0,9.0,20.0,4.0,12.0,0.0,0.0,61.0,46.0,21.0,43.0,42.0,27.0,4.0,5.0,5.0,32.0,19.0,47.0,118.0,34.0,118.0,0.0,2.0,46.0,9.0,1.0,3.0,184.0,1.0,23.0,56.0,1.0,101.0,0
1.0,48.0,4.0,2.0,14.0,14.0,45.0,6.0,28.0,5.0,12.0,0.0,0.0,61.0,40.0,21.0,43.0,42.0,1.0,12.0,1.0,1.0,32.0,19.0,47.0,118.0,34.0,228.0,1.0,2.0,40.0,9.0,0.0,5.0,184.0,9.0,1.0,56.0,1.0,264.0,0
3.0,48.0,4.0,2.0,14.0,14.0,45.0,19.0,28.0,4.0,12.0,6.0,0.0,61.0,40.0,21.0,43.0,42.0,11.0,12.0,3.0,5.0,32.0,19.0,47.0,118.0,34.0,339.0,1.0,2.0,40.0,9.0,0.0,34.0,184.0,9.0,14.0,56.0,1.0,264.0,0
1.0,48.0,4.0,2.0,14.0,14.0,45.0,13.0,28.0,1.0,12.0,6.0,0.0,61.0,40.0,21.0,34.0,42.0,4.0,12.0,1.0,5.0,32.0,19.0,47.0,118.0,34.0,339.0,1.0,0.0,34.0,2.0,0.0,12.0,184.0,9.0,14.0,56.0,0.0,264.0,0
3.0,48.0,4.0,2.0,14.0,14.0,45.0,12.0,28.0,0.0,12.0,5.0,0.0,61.0,40.0,21.0,34.0,42.0,27.0,12.0,5.0,5.0,32.0,19.0,47.0,118.0,34.0,5.0,1.0,2.0,34.0,0.0,1.0,1.0,184.0,9.0,32.0,56.0,1.0,264.0,0
4.0,48.0,4.0,2.0,14.0,14.0,45.0,7.0,28.0,1.0,12.0,3.0,0.0,61.0,40.0,21.0,43.0,42.0,23.0,12.0,4.0,5.0,32.0,15.0,47.0,118.0,34.0,255.0,1.0,2.0,35.0,9.0,0.0,12.0,184.0,9.0,6.0,56.0,1.0,264.0,0
3.0,48.0,2.0,2.0,14.0,14.0,45.0,8.0,60.0,3.0,12.0,0.0,0.0,61.0,44.0,21.0,46.0,42.0,6.0,12.0,3.0,5.0,32.0,19.0,47.0,118.0,34.0,338.0,1.0,2.0,44.0,8.0,0.0,21.0,184.0,9.0,19.0,56.0,1.0,264.0,0
3.0,46.0,4.0,2.0,14.0,34.0,45.0,9.0,20.0,4.0,12.0,0.0,0.0,61.0,46.0,32.0,43.0,42.0,27.0,9.0,5.0,5.0,32.0,19.0,47.0,118.0,34.0,158.0,0.0,2.0,46.0,9.0,1.0,3.0,184.0,0.0,34.0,56.0,1.0,102.0,0
0.0,48.0,1.0,0.0,14.0,14.0,41.0,10.0,30.0,6.0,12.0,0.0,0.0,61.0,40.0,21.0,43.0,42.0,0.0,12.0,0.0,2.0,32.0,19.0,47.0,118.0,34.0,229.0,1.0,2.0,40.0,9.0,0.0,8.0,184.0,9.0,2.0,56.0,1.0,264.0,0
3.0,48.0,4.0,2.0,14.0,1.0,45.0,11.0,28.0,5.0,12.0,4.0,0.0,61.0,48.0,21.0,43.0,42.0,27.0,12.0,5.0,5.0,32.0,19.0,47.0,118.0,34.0,228.0,1.0,2.0,48.0,9.0,1.0,5.0,184.0,9.0,1.0,56.0,1.0,264.0,0
3.0,48.0,4.0,2.0,14.0,14.0,45.0,14.0,38.0,7.0,12.0,0.0,0.0,61.0,44.0,21.0,45.0,44.0,27.0,12.0,5.0,2.0,32.0,19.0,47.0,118.0,34.0,230.0,1.0,2.0,44.0,0.0,1.0,10.0,184.0,9.0,2.0,56.0,1.0,264.0,0
3.0,50.0,4.0,2.0,14.0,14.0,45.0,15.0,38.0,7.0,12.0,0.0,0.0,61.0,50.0,21.0,51.0,42.0,27.0,12.0,5.0,5.0,32.0,19.0,47.0,118.0,34.0,231.0,1.0,2.0,50.0,1.0,1.0,10.0,184.0,9.0,14.0,56.0,1.0,264.0,0
4.0,48.0,3.0,2.0,14.0,14.0,42.0,2.0,20.0,4.0,12.0,0.0,0.0,61.0,40.0,21.0,43.0,42.0,15.0,12.0,4.0,87.0,1.0,19.0,47.0,105.0,34.0,197.0,1.0,2.0,40.0,7.0,0.0,3.0,184.0,9.0,87.0,120.0,1.0,264.0,0
3.0,61.0,4.0,2.0,14.0,15.0,45.0,18.0,28.0,9.0,14.0,0.0,0.0,61.0,40.0,13.0,43.0,42.0,27.0,1.0,5.0,5.0,32.0,19.0,62.0,118.0,34.0,307.0,0.0,2.0,61.0,9.0,1.0,14.0,156.0,4.0,15.0,56.0,1.0,207.0,0
3.0,48.0,4.0,2.0,39.0,14.0,45.0,0.0,8.0,1.0,12.0,0.0,0.0,61.0,40.0,38.0,43.0,42.0,27.0,11.0,5.0,40.0,32.0,19.0,41.0,118.0,34.0,99.0,0.0,2.0,40.0,9.0,1.0,2.0,94.0,4.0,40.0,56.0,1.0,191.0,0
1.0,48.0,4.0,2.0,14.0,14.0,45.0,6.0,28.0,5.0,12.0,0.0,0.0,61.0,40.0,21.0,43.0,42.0,1.0,12.0,1.0,1.0,32.0,19.0,47.0,118.0,34.0,228.0,1.0,2.0,40.0,9.0,0.0,5.0,184.0,9.0,1.0,56.0,1.0,264.0,0
4.0,48.0,4.0,2.0,14.0,14.0,45.0,7.0,28.0,1.0,12.0,3.0,0.0,61.0,40.0,21.0,43.0,42.0,23.0,12.0,4.0,5.0,32.0,15.0,47.0,118.0,34.0,255.0,1.0,2.0,35.0,9.0,0.0,12.0,184.0,9.0,6.0,56.0,1.0,264.0,0
3.0,48.0,2.0,2.0,14.0,14.0,45.0,8.0,60.0,3.0,12.0,0.0,0.0,61.0,44.0,21.0,46.0,42.0,6.0,12.0,3.0,5.0,32.0,19.0,47.0,118.0,34.0,338.0,1.0,2.0,44.0,8.0,0.0,21.0,184.0,9.0,19.0,56.0,1.0,264.0,0
3.0,46.0,4.0,2.0,14.0,30.0,45.0,9.0,20.0,4.0,12.0,0.0,0.0,61.0,46.0,28.0,43.0,42.0,27.0,7.0,5.0,5.0,32.0,19.0,47.0,118.0,34.0,143.0,0.0,2.0,46.0,9.0,1.0,3.0,184.0,0.0,30.0,56.0,1.0,152.0,0
1.0,48.0,4.0,2.0,14.0,14.0,45.0,6.0,28.0,5.0,12.0,0.0,0.0,61.0,40.0,21.0,43.0,42.0,1.0,12.0,1.0,1.0,32.0,19.0,47.0,118.0,34.0,228.0,1.0,2.0,40.0,9.0,0.0,5.0,184.0,9.0,1.0,56.0,1.0,264.0,0
3.0,48.0,4.0,2.0,14.0,14.0,45.0,19.0,28.0,4.0,12.0,6.0,0.0,61.0,40.0,21.0,43.0,42.0,11.0,12.0,3.0,5.0,32.0,19.0,47.0,118.0,34.0,339.0,1.0,2.0,40.0,9.0,0.0,34.0,184.0,9.0,14.0,56.0,1.0,264.0,0
1.0,48.0,4.0,2.0,14.0,14.0,45.0,13.0,28.0,1.0,12.0,6.0,0.0,61.0,40.0,21.0,34.0,42.0,4.0,12.0,1.0,5.0,32.0,19.0,47.0,118.0,34.0,339.0,1.0,0.0,34.0,2.0,0.0,12.0,184.0,9.0,14.0,56.0,0.0,264.0,0
3.0,48.0,4.0,2.0,14.0,14.0,45.0,12.0,28.0,0.0,12.0,5.0,0.0,61.0,40.0,21.0,34.0,42.0,27.0,12.0,5.0,5.0,32.0,19.0,47.0,118.0,34.0,5.0,1.0,2.0,34.0,0.0,1.0,1.0,184.0,9.0,32.0,56.0,1.0,264.0,0
4.0,48.0,4.0,2.0,14.0,14.0,45.0,7.0,28.0,1.0,12.0,3.0,0.0,61.0,40.0,21.0,43.0,42.0,23.0,12.0,4.0,5.0,32.0,15.0,47.0,118.0,34.0,255.0,1.0,2.0,35.0,9.0,0.0,12.0,184.0,9.0,6.0,56.0,1.0,264.0,0
3.0,48.0,2.0,2.0,14.0,14.0,45.0,8.0,60.0,3.0,12.0,0.0,0.0,61.0,44.0,21.0,46.0,42.0,6.0,12.0,3.0,5.0,32.0,19.0,47.0,118.0,34.0,338.0,1.0,2.0,44.0,8.0,0.0,21.0,184.0,9.0,19.0,56.0,1.0,264.0,0
3.0,46.0,4.0,2.0,14.0,34.0,45.0,9.0,20.0,4.0,12.0,0.0,0.0,61.0,46.0,32.0,43.0,42.0,27.0,9.0,5.0,5.0,32.0,19.0,47.0,118.0,34.0,172.0,0.0,2.0,46.0,9.0,1.0,3.0,184.0,0.0,34.0,56.0,1.0,125.0,0
0.0,48.0,1.0,0.0,14.0,14.0,41.0,10.0,30.0,6.0,12.0,0.0,0.0,61.0,40.0,21.0,43.0,42.0,0.0,12.0,0.0,2.0,32.0,19.0,47.0,118.0,34.0,229.0,1.0,2.0,40.0,9.0,0.0,8.0,184.0,9.0,2.0,56.0,1.0,264.0,0
3.0,48.0,4.0,2.0,14.0,1.0,45.0,11.0,28.0,5.0,12.0,4.0,0.0,61.0,48.0,21.0,43.0,42.0,27.0,12.0,5.0,5.0,32.0,19.0,47.0,118.0,34.0,228.0,1.0,2.0,48.0,9.0,1.0,5.0,184.0,9.0,1.0,56.0,1.0,264.0,0
3.0,48.0,4.0,2.0,14.0,14.0,45.0,14.0,38.0,7.0,12.0,0.0,0.0,61.0,40.0,21.0,41.0,40.0,27.0,12.0,5.0,2.0,32.0,19.0,47.0,118.0,34.0,230.0,1.0,2.0,40.0,0.0,1.0,10.0,184.0,9.0,2.0,56.0,1.0,264.0,0
3.0,50.0,4.0,2.0,14.0,14.0,45.0,15.0,38.0,7.0,12.0,0.0,0.0,61.0,50.0,21.0,51.0,42.0,27.0,12.0,5.0,5.0,32.0,19.0,47.0,118.0,34.0,231.0,1.0,2.0,50.0,1.0,1.0,10.0,184.0,9.0,14.0,56.0,1.0,264.0,0
4.0,48.0,3.0,2.0,14.0,14.0,42.0,2.0,20.0,4.0,12.0,0.0,0.0,61.0,40.0,21.0,43.0,42.0,15.0,12.0,4.0,87.0,8.0,19.0,47.0,105.0,34.0,204.0,1.0,2.0,40.0,7.0,0.0,3.0,184.0,9.0,87.0,120.0,1.0,264.0,0
3.0,61.0,4.0,2.0,14.0,15.0,45.0,18.0,28.0,9.0,14.0,0.0,0.0,61.0,40.0,13.0,43.0,42.0,27.0,1.0,5.0,5.0,32.0,19.0,62.0,118.0,34.0,288.0,0.0,2.0,61.0,9.0,1.0,14.0,137.0,4.0,15.0,56.0,1.0,173.0,0
3.0,48.0,4.0,2.0,39.0,14.0,45.0,0.0,8.0,1.0,12.0,0.0,0.0,61.0,40.0,38.0,43.0,42.0,27.0,11.0,5.0,40.0,32.0,19.0,41.0,118.0,34.0,107.0,0.0,2.0,40.0,9.0,1.0,2.0,102.0,4.0,40.0,56.0,1.0,212.0,0
1.0,48.0,4.0,2.0,14.0,14.0,45.0,6.0,28.0,5.0,12.0,0.0,0.0,61.0,40.0,21.0,43.0,42.0,1.0,12.0,1.0,1.0,32.0,19.0,47.0,118.0,34.0,228.0,1.0,2.0,40.0,9.0,0.0,5.0,184.0,9.0,1.0,56.0,1.0,264.0,1
4.0,48.0,4.0,2.0,14.0,14.0,45.0,7.0,28.0,1.0,12.0,3.0,0.0,61.0,40.0,21.0,43.0,42.0,23.0,12.0,4.0,5.0,32.0,15.0,47.0,118.0,34.0,255.0,1.0,2.0,35.0,9.0,0.0,12.0,184.0,9.0,6.0,56.0,1.0,264.0,1
3.0,48.0,2.0,2.0,14.0,14.0,45.0,8.0,60.0,3.0,12.0,0.0,0.0,61.0,44.0,21.0,46.0,42.0,6.0,12.0,3.0,5.0,32.0,19.0,47.0,118.0,34.0,338.0,1.0,2.0,44.0,8.0,0.0,21.0,184.0,9.0,19.0,56.0,1.0,264.0,1
3.0,46.0,4.0,2.0,14.0,30.0,45.0,9.0,20.0,4.0,12.0,0.0,0.0,61.0,46.0,28.0,43.0,42.0,27.0,7.0,5.0,5.0,32.0,19.0,47.0,118.0,34.0,126.0,0.0,2.0,46.0,9.0,1.0,3.0,184.0,0.0,30.0,56.0,1.0,98.0,1
1.0,48.0,4.0,2.0,14.0,14.0,45.0,6.0,28.0,5.0,12.0,0.0,0.0,61.0,40.0,21.0,43.0,42.0,1.0,12.0,1.0,1.0,32.0,19.0,47.0,118.0,34.0,228.0,1.0,2.0,40.0,9.0,0.0,5.0,184.0,9.0,1.0,56.0,1.0,264.0,1
3.0,48.0,4.0,2.0,14.0,14.0,45.0,19.0,28.0,4.0,12.0,6.0,0.0,60.0,40.0,21.0,43.0,42.0,10.0,12.0,3.0,5.0,32.0,19.0,47.0,118.0,34.0,339.0,1.0,2.0,40.0,9.0,0.0,34.0,184.0,9.0,14.0,56.0,1.0,264.0,1
1.0,48.0,4.0,2.0,14.0,14.0,45.0,13.0,28.0,1.0,12.0,6.0,0.0,61.0,40.0,21.0,34.0,42.0,4.0,12.0,1.0,5.0,32.0,19.0,47.0,118.0,34.0,339.0,1.0,1.0,34.0,2.0,0.0,12.0,184.0,9.0,14.0,56.0,0.0,264.0,1
3.0,48.0,4.0,2.0,14.0,14.0,45.0,12.0,28.0,0.0,12.0,5.0,0.0,61.0,40.0,21.0,34.0,42.0,27.0,12.0,5.0,5.0,32.0,19.0,47.0,118.0,34.0,5.0,1.0,2.0,34.0,0.0,1.0,1.0,184.0,9.0,32.0,56.0,1.0,264.0,1
4.0,48.0,4.0,2.0,14.0,14.0,45.0,7.0,28.0,1.0,12.0,3.0,0.0,61.0,40.0,21.0,43.0,42.0,23.0,12.0,4.0,5.0,32.0,15.0,47.0,118.0,34.0,255.0,1.0,2.0,35.0,9.0,0.0,12.0,184.0,9.0,6.0,56.0,1.0,264.0,1
3.0,48.0,2.0,2.0,14.0,14.0,45.0,8.0,60.0,3.0,12.0,0.0,0.0,61.0,44.0,21.0,46.0,42.0,6.0,12.0,3.0,5.0,32.0,19.0,47.0,118.0,34.0,338.0,1.0,2.0,44.0,8.0,0.0,21.0,184.0,9.0,19.0,56.0,1.0,264.0,1
3.0,46.0,4.0,2.0,14.0,34.0,45.0,9.0,20.0,4.0,12.0,0.0,0.0,61.0,46.0,32.0,43.0,42.0,27.0,9.0,5.0,5.0,32.0,19.0,47.0,118.0,34.0,165.0,0.0,2.0,46.0,9.0,1.0,3.0,184.0,0.0,34.0,56.0,1.0,112.0,1
3.0,48.0,4.0,2.0,4.0,14.0,45.0,0.0,8.0,1.0,12.0,0.0,0.0,61.0,40.0,3.0,43.0,42.0,27.0,8.0,5.0,5.0,32.0,19.0,41.0,118.0,34.0,7.0,0.0,2.0,40.0,9.0,1.0,2.0,1.0,0.0,5.0,56.0,1.0,74.0,1
3.0,48.0,4.0,2.0,12.0,13.0,45.0,18.0,28.0,9.0,12.0,0.0,0.0,61.0,40.0,11.0,43.0,42.0,27.0,0.0,5.0,5.0,32.0,19.0,49.0,118.0,34.0,281.0,0.0,2.0,48.0,9.0,1.0,14.0,130.0,4.0,13.0,56.0,1.0,75.0,1
3.0,48.0,4.0,2.0,37.0,14.0,45.0,0.0,8.0,1.0,12.0,0.0,0.0,61.0,40.0,36.0,43.0,42.0,27.0,10.0,5.0,38.0,32.0,19.0,41.0,118.0,34.0,65.0,0.0,2.0,40.0,9.0,1.0,2.0,60.0,4.0,38.0,56.0,1.0,36.0,1
3.0,50.0,4.0,2.0,4.0,5.0,45.0,18.0,28.0,9.0,4.0,0.0,0.0,61.0,40.0,3.0,43.0,42.0,27.0,8.0,5.0,5.0,32.0,19.0,51.0,118.0,34.0,259.0,0.0,2.0,50.0,9.0,1.0,14.0,2.0,0.0,5.0,56.0,1.0,76.0,1
1.0,48.0,4.0,2.0,14.0,14.0,45.0,6.0,28.0,5.0,12.0,0.0,0.0,61.0,40.0,21.0,43.0,42.0,1.0,12.0,1.0,1.0,32.0,19.0,47.0,118.0,34.0,228.0,1.0,2.0,40.0,9.0,0.0,5.0,184.0,9.0,1.0,56.0,1.0,264.0,1
3.0,48.0,4.0,2.0,14.0,14.0,45.0,19.0,28.0,4.0,12.0,6.0,0.0,62.0,40.0,21.0,43.0,42.0,12.0,12.0,3.0,5.0,32.0,19.0,47.0,118.0,34.0,339.0,1.0,2.0,40.0,9.0,0.0,34.0,184.0,9.0,14.0,56.0,1.0,264.0,1
1.0,48.0,4.0,2.0,14.0,14.0,45.0,13.0,28.0,1.0,12.0,6.0,0.0,61.0,40.0,21.0,34.0,42.0,4.0,12.0,1.0,5.0,32.0,19.0,47.0,118.0,34.0,339.0,1.0,1.0,34.0,2.0,0.0,12.0,184.0,9.0,14.0,56.0,0.0,264.0,1
3.0,48.0,4.0,2.0,14.0,14.0,45.0,12.0,28.0,0.0,12.0,5.0,0.0,61.0,40.0,21.0,34.0,42.0,27.0,12.0,5.0,5.0,32.0,19.0,47.0,118.0,34.0,5.0,1.0,2.0,34.0,0.0,1.0,1.0,184.0,9.0,32.0,56.0,1.0,264.0,1
4.0,48.0,4.0,2.0,14.0,14.0,45.0,7.0,28.0,1.0,12.0,3.0,0.0,61.0,40.0,21.0,43.0,42.0,23.0,12.0,4.0,5.0,32.0,15.0,47.0,118.0,34.0,255.0,1.0,2.0,35.0,9.0,0.0,12.0,184.0,9.0,6.0,56.0,1.0,264.0,1
3.0,48.0,2.0,2.0,14.0,14.0,45.0,8.0,60.0,3.0,12.0,0.0,0.0,61.0,44.0,21.0,46.0,42.0,6.0,12.0,3.0,5.0,32.0,19.0,47.0,118.0,34.0,338.0,1.0,2.0,44.0,8.0,0.0,21.0,184.0,9.0,19.0,56.0,1.0,264.0,1
3.0,46.0,4.0,2.0,14.0,34.0,45.0,9.0,20.0,4.0,12.0,0.0,0.0,61.0,46.0,32.0,43.0,42.0,27.0,9.0,5.0,5.0,32.0,19.0,47.0,118.0,34.0,164.0,0.0,2.0,46.0,9.0,1.0,3.0,184.0,0.0,34.0,56.0,1.0,110.0,1
3.0,48.0,4.0,2.0,4.0,14.0,45.0,0.0,8.0,1.0,12.0,0.0,0.0,61.0,40.0,3.0,43.0,42.0,27.0,8.0,5.0,5.0,32.0,19.0,41.0,118.0,34.0,7.0,0.0,2.0,40.0,9.0,1.0,2.0,1.0,0.0,5.0,56.0,1.0,74.0,1
3.0,48.0,4.0,2.0,12.0,13.0,45.0,18.0,28.0,9.0,12.0,0.0,0.0,61.0,40.0,11.0,43.0,42.0,27.0,0.0,5.0,5.0,32.0,19.0,49.0,118.0,34.0,281.0,0.0,2.0,48.0,9.0,1.0,14.0,130.0,4.0,13.0,56.0,1.0,75.0,1
3.0,48.0,4.0,2.0,37.0,14.0,45.0,0.0,8.0,1.0,12.0,0.0,0.0,61.0,40.0,36.0,43.0,42.0,27.0,10.0,5.0,38.0,32.0,19.0,41.0,118.0,34.0,55.0,0.0,2.0,40.0,9.0,1.0,2.0,50.0,4.0,38.0,56.0,1.0,26.0,1
3.0,50.0,4.0,2.0,4.0,5.0,45.0,18.0,28.0,9.0,4.0,0.0,0.0,61.0,40.0,3.0,43.0,42.0,27.0,8.0,5.0,5.0,32.0,19.0,51.0,118.0,34.0,259.0,0.0,2.0,50.0,9.0,1.0,14.0,2.0,0.0,5.0,56.0,1.0,76.0,1
1.0,48.0,4.0,2.0,14.0,14.0,45.0,6.0,28.0,5.0,12.0,0.0,0.0,61.0,40.0,21.0,43.0,42.0,1.0,12.0,1.0,1.0,32.0,19.0,47.0,118.0,34.0,228.0,1.0,2.0,40.0,9.0,0.0,5.0,184.0,9.0,1.0,56.0,1.0,264.0,1
3.0,48.0,4.0,2.0,14.0,14.0,45.0,19.0,28.0,4.0,12.0,6.0,0.0,60.0,40.0,21.0,43.0,42.0,10.0,12.0,3.0,5.0,32.0,19.0,47.0,118.0,34.0,339.0,1.0,2.0,40.0,9.0,0.0,34.0,184.0,9.0,14.0,56.0,1.0,264.0,1
1.0,48.0,4.0,2.0,14.0,14.0,45.0,13.0,28.0,1.0,12.0,6.0,0.0,61.0,40.0,21.0,34.0,42.0,4.0,12.0,1.0,5.0,32.0,19.0,47.0,118.0,34.0,339.0,1.0,1.0,34.0,2.0,0.0,12.0,184.0,9.0,14.0,56.0,0.0,264.0,1
3.0,48.0,4.0,2.0,14.0,14.0,45.0,12.0,28.0,0.0,12.0,5.0,0.0,61.0,40.0,21.0,34.0,42.0,27.0,12.0,5.0,5.0,32.0,19.0,47.0,118.0,34.0,5.0,1.0,2.0,34.0,0.0,1.0,1.0,184.0,9.0,32.0,56.0,1.0,264.0,1
4.0,48.0,4.0,2.0,14.0,14.0,45.0,7.0,28.0,1.0,12.0,3.0,0.0,61.0,40.0,21.0,43.0,42.0,23.0,12.0,4.0,5.0,32.0,15.0,47.0,118.0,34.0,255.0,1.0,2.0,35.0,9.0,0.0,12.0,184.0,9.0,6.0,56.0,1.0,264.0,1
3.0,48.0,2.0,2.0,14.0,14.0,45.0,8.0,60.0,3.0,12.0,0.0,0.0,61.0,44.0,21.0,46.0,42.0,6.0,12.0,3.0,5.0,32.0,19.0,47.0,118.0,34.0,338.0,1.0,2.0,44.0,8.0,0.0,21.0,184.0,9.0,19.0,56.0,1.0,264.0,1
3.0,46.0,4.0,2.0,14.0,34.0,45.0,9.0,20.0,4.0,12.0,0.0,0.0,61.0,46.0,32.0,43.0,42.0,27.0,9.0,5.0,5.0,32.0,19.0,47.0,118.0,34.0,171.0,0.0,2.0,46.0,9.0,1.0,3.0,184.0,0.0,34.0,56.0,1.0,123.0,1
3.0,48.0,4.0,2.0,4.0,14.0,45.0,0.0,8.0,1.0,12.0,0.0,0.0,61.0,40.0,3.0,43.0,42.0,27.0,8.0,5.0,5.0,32.0,19.0,41.0,118.0,34.0,7.0,0.0,2.0,40.0,9.0,1.0,2.0,1.0,0.0,5.0,56.0,1.0,74.0,1
3.0,48.0,4.0,2.0,12.0,13.0,45.0,18.0,28.0,9.0,12.0,0.0,0.0,61.0,40.0,11.0,43.0,42.0,27.0,0.0,5.0,5.0,32.0,19.0,49.0,118.0,34.0,281.0,0.0,2.0,48.0,9.0,1.0,14.0,130.0,4.0,13.0,56.0,1.0,75.0,1
3.0,48.0,4.0,2.0,37.0,14.0,45.0,0.0,8.0,1.0,12.0,0.0,0.0,61.0,40.0,36.0,43.0,42.0,27.0,10.0,5.0,38.0,32.0,19.0,41.0,118.0,34.0,58.0,0.0,2.0,40.0,9.0,1.0,2.0,53.0,4.0,38.0,56.0,1.0,29.0,1
3.0,50.0,4.0,2.0,4.0,5.0,45.0,18.0,28.0,9.0,4.0,0.0,0.0,61.0,40.0,3.0,43.0,42.0,27.0,8.0,5.0,5.0,32.0,19.0,51.0,118.0,34.0,259.0,0.0,2.0,50.0,9.0,1.0,14.0,2.0,0.0,5.0,56.0,1.0,76.0,1
1.0,48.0,4.0,2.0,14.0,14.0,45.0,6.0,28.0,5.0,12.0,0.0,0.0,61.0,40.0,21.0,43.0,42.0,1.0,12.0,1.0,1.0,32.0,19.0,47.0,118.0,34.0,228.0,1.0,2.0,40.0,9.0,0.0,5.0,184.0,9.0,1.0,56.0,1.0,264.0,1
3.0,48.0,4.0,2.0,14.0,14.0,45.0,19.0,28.0,4.0,12.0,6.0,0.0,61.0,40.0,21.0,43.0,42.0,11.0,12.0,3.0,5.0,32.0,19.0,47.0,118.0,34.0,339.0,1.0,2.0,40.0,9.0,0.0,34.0,184.0,9.0,14.0,56.0,1.0,264.0,1
1.0,48.0,4.0,2.0,14.0,14.0,45.0,13.0,28.0,1.0,12.0,6.0,0.0,61.0,40.0,21.0,34.0,42.0,4.0,12.0,1.0,5.0,32.0,19.0,47.0,118.0,34.0,339.0,1.0,1.0,34.0,2.0,0.0,12.0,184.0,9.0,14.0,56.0,0.0,264.0,1
3.0,48.0,4.0,2.0,14.0,14.0,45.0,12.0,28.0,0.0,12.0,5.0,0.0,61.0,40.0,21.0,34.0,42.0,27.0,12.0,5.0,5.0,32.0,19.0,47.0,118.0,34.0,5.0,1.0,2.0,34.0,0.0,1.0,1.0,184.0,9.0,32.0,56.0,1.0,264.0,1
4.0,48.0,4.0,2.0,14.0,14.0,45.0,7.0,28.0,1.0,12.0,3.0,0.0,61.0,40.0,21.0,43.0,42.0,23.0,12.0,4.0,5.0,32.0,15.0,47.0,118.0,34.0,255.0,1.0,2.0,35.0,9.0,0.0,12.0,184.0,9.0,6.0,56.0,1.0,264.0,1
3.0,48.0,2.0,2.0,14.0,14.0,45.0,8.0,60.0,3.0,12.0,0.0,0.0,61.0,44.0,21.0,46.0,42.0,6.0,12.0,3.0,5.0,32.0,19.0,47.0,118.0,34.0,338.0,1.0,2.0,44.0,8.0,0.0,21.0,184.0,9.0,19.0,56.0,1.0,264.0,1
3.0,46.0,4.0,2.0,14.0,34.0,45.0,9.0,20.0,4.0,12.0,0.0,0.0,61.0,46.0,32.0,43.0,42.0,27.0,9.0,5.0,5.0,32.0,19.0,47.0,118.0,34.0,163.0,0.0,2.0,46.0,9.0,1.0,3.0,184.0,0.0,34.0,56.0,1.0,109.0,1
3.0,48.0,4.0,2.0,4.0,14.0,45.0,0.0,8.0,1.0,12.0,0.0,0.0,61.0,40.0,3.0,43.0,42.0,27.0,8.0,5.0,5.0,32.0,19.0,41.0,118.0,34.0,7.0,0.0,2.0,40.0,9.0,1.0,2.0,1.0,0.0,5.0,56.0,1.0,74.0,1
3.0,48.0,4.0,2.0,12.0,13.0,45.0,18.0,28.0,9.0,12.0,0.0,0.0,61.0,40.0,11.0,43.0,42.0,27.0,0.0,5.0,5.0,32.0,19.0,49.0,118.0,34.0,281.0,0.0,2.0,48.0,9.0,1.0,14.0,130.0,4.0,13.0,56.0,1.0,75.0,1
3.0,48.0,4.0,2.0,37.0,14.0,45.0,0.0,8.0,1.0,12.0,0.0,0.0,61.0,40.0,36.0,43.0,42.0,27.0,10.0,5.0,38.0,32.0,19.0,41.0,118.0,34.0,36.0,0.0,2.0,40.0,9.0,1.0,2.0,31.0,4.0,38.0,56.0,1.0,7.0,1
3.0,50.0,4.0,2.0,4.0,5.0,45.0,18.0,28.0,9.0,4.0,0.0,0.0,61.0,40.0,3.0,43.0,42.0,27.0,8.0,5.0,5.0,32.0,19.0,51.0,118.0,34.0,259.0,0.0,2.0,50.0,9.0,1.0,14.0,2.0,0.0,5.0,56.0,1.0,76.0,1
1.0,48.0,4.0,2.0,14.0,14.0,45.0,6.0,28.0,5.0,12.0,0.0,0.0,61.0,40.0,21.0,43.0,42.0,1.0,12.0,1.0,1.0,32.0,19.0,47.0,118.0,34.0,228.0,1.0,2.0,40.0,9.0,0.0,5.0,184.0,9.0,1.0,56.0,1.0,264.0,0
3.0,48.0,4.0,2.0,14.0,14.0,45.0,19.0,28.0,4.0,12.0,6.0,0.0,61.0,40.0,21.0,43.0,42.0,11.0,12.0,3.0,5.0,32.0,19.0,47.0,118.0,34.0,339.0,1.0,2.0,40.0,9.0,0.0,34.0,184.0,9.0,14.0,56.0,1.0,264.0,0
1.0,48.0,4.0,2.0,14.0,14.0,45.0,13.0,28.0,1.0,12.0,6.0,0.0,61.0,40.0,21.0,34.0,42.0,4.0,12.0,1.0,5.0,32.0,19.0,47.0,118.0,34.0,339.0,1.0,0.0,34.0,2.0,0.0,12.0,184.0,9.0,14.0,56.0,0.0,264.0,0
3.0,48.0,4.0,2.0,14.0,14.0,45.0,12.0,28.0,0.0,12.0,5.0,0.0,61.0,40.0,21.0,34.0,42.0,27.0,12.0,5.0,5.0,32.0,19.0,47.0,118.0,34.0,5.0,1.0,2.0,34.0,0.0,1.0,1.0,184.0,9.0,32.0,56.0,1.0,264.0,0
4.0,48.0,4.0,2.0,14.0,14.0,45.0,7.0,28.0,1.0,12.0,3.0,0.0,61.0,40.0,21.0,43.0,42.0,23.0,12.0,4.0,5.0,32.0,15.0,47.0,118.0,34.0,255.0,1.0,2.0,35.0,9.0,0.0,12.0,184.0,9.0,6.0,56.0,1.0,264.0,0
3.0,48.0,2.0,2.0,14.0,14.0,45.0,8.0,60.0,3.0,12.0,0.0,0.0,61.0,44.0,21.0,46.0,42.0,6.0,12.0,3.0,5.0,32.0,19.0,47.0,118.0,34.0,338.0,1.0,2.0,44.0,8.0,0.0,21.0,184.0,9.0,19.0,56.0,1.0,264.0,0
3.0,46.0,4.0,2.0,14.0,23.0,45.0,9.0,20.0,4.0,12.0,0.0,0.0,61.0,46.0,21.0,43.0,42.0,27.0,4.0,5.0,5.0,32.0,19.0,47.0,118.0,34.0,115.0,0.0,2.0,46.0,9.0,1.0,3.0,184.0,0.0,23.0,56.0,1.0,0.0,0
3.0,48.0,4.0,2.0,37.0,14.0,45.0,0.0,8.0,1.0,12.0,0.0,0.0,61.0,40.0,36.0,43.0,42.0,27.0,10.0,5.0,38.0,32.0,19.0,41.0,118.0,34.0,67.0,0.0,2.0,40.0,9.0,1.0,2.0,62.0,4.0,38.0,56.0,1.0,38.0,0
3.0,48.0,4.0,2.0,12.0,13.0,45.0,18.0,28.0,9.0,12.0,0.0,0.0,61.0,40.0,11.0,43.0,42.0,27.0,0.0,5.0,5.0,32.0,19.0,49.0,118.0,34.0,266.0,0.0,2.0,48.0,9.0,1.0,14.0,115.0,4.0,13.0,56.0,1.0,59.0,0
3.0,48.0,4.0,2.0,25.0,14.0,45.0,0.0,8.0,1.0,12.0,0.0,0.0,61.0,40.0,24.0,43.0,42.0,27.0,5.0,5.0,26.0,32.0,19.0,41.0,118.0,34.0,28.0,0.0,2.0,40.0,9.0,1.0,2.0,23.0,0.0,26.0,56.0,1.0,242.0,0
3.0,50.0,4.0,2.0,20.0,21.0,45.0,18.0,28.0,9.0,20.0,0.0,0.0,61.0,40.0,19.0,43.0,42.0,27.0,2.0,5.0,5.0,32.0,19.0,51.0,118.0,34.0,319.0,0.0,2.0,50.0,9.0,1.0,14.0,168.0,7.0,21.0,56.0,1.0,248.0,0
0.0,48.0,1.0,0.0,14.0,14.0,41.0,10.0,30.0,6.0,12.0,0.0,0.0,61.0,40.0,21.0,43.0,42.0,0.0,12.0,0.0,2.0,32.0,19.0,47.0,118.0,34.0,229.0,1.0,2.0,40.0,9.0,0.0,8.0,184.0,9.0,2.0,56.0,1.0,264.0,0
3.0,48.0,4.0,2.0,14.0,1.0,45.0,11.0,28.0,5.0,12.0,4.0,0.0,61.0,48.0,21.0,43.0,42.0,27.0,12.0,5.0,5.0,32.0,19.0,47.0,118.0,34.0,228.0,1.0,2.0,48.0,9.0,1.0,5.0,184.0,9.0,1.0,56.0,1.0,264.0,0
3.0,48.0,4.0,2.0,14.0,14.0,45.0,14.0,38.0,7.0,12.0,0.0,0.0,61.0,40.0,21.0,41.0,40.0,27.0,12.0,5.0,2.0,32.0,19.0,47.0,118.0,34.0,230.0,1.0,2.0,40.0,0.0,1.0,10.0,184.0,9.0,2.0,56.0,1.0,264.0,0
3.0,50.0,4.0,2.0,14.0,14.0,45.0,15.0,38.0,7.0,12.0,0.0,0.0,61.0,50.0,21.0,51.0,42.0,27.0,12.0,5.0,5.0,32.0,19.0,47.0,118.0,34.0,231.0,1.0,2.0,50.0,1.0,1.0,10.0,184.0,9.0,14.0,56.0,1.0,264.0,0
4.0,48.0,3.0,2.0,14.0,14.0,42.0,2.0,20.0,4.0,12.0,0.0,0.0,61.0,40.0,21.0,43.0,42.0,15.0,12.0,4.0,100.0,29.0,19.0,47.0,118.0,34.0,225.0,1.0,2.0,40.0,7.0,0.0,3.0,184.0,9.0,100.0,133.0,1.0,264.0,0
3.0,61.0,4.0,2.0,14.0,15.0,45.0,18.0,28.0,9.0,14.0,0.0,0.0,61.0,40.0,13.0,43.0,42.0,27.0,1.0,5.0,5.0,32.0,19.0,62.0,118.0,34.0,286.0,0.0,2.0,61.0,9.0,1.0,14.0,135.0,4.0,15.0,56.0,1.0,171.0,0
3.0,48.0,4.0,2.0,39.0,14.0,45.0,0.0,8.0,1.0,12.0,0.0,0.0,61.0,40.0,38.0,43.0,42.0,27.0,11.0,5.0,40.0,32.0,19.0,41.0,118.0,34.0,94.0,0.0,2.0,40.0,9.0,1.0,2.0,89.0,4.0,40.0,56.0,1.0,180.0,0
1.0,48.0,4.0,2.0,14.0,14.0,45.0,6.0,28.0,5.0,12.0,0.0,0.0,61.0,40.0,21.0,43.0,42.0,1.0,12.0,1.0,1.0,32.0,19.0,47.0,118.0,34.0,228.0,1.0,2.0,40.0,9.0,0.0,5.0,184.0,9.0,1.0,56.0,1.0,264.0,0
4.0,48.0,4.0,2.0,14.0,14.0,45.0,7.0,28.0,1.0,12.0,3.0,0.0,61.0,40.0,21.0,43.0,42.0,21.0,12.0,4.0,5.0,32.0,13.0,47.0,118.0,34.0,240.0,1.0,2.0,35.0,9.0,0.0,12.0,184.0,9.0,6.0,56.0,1.0,264.0,0
3.0,48.0,2.0,2.0,14.0,14.0,45.0,8.0,60.0,3.0,12.0,0.0,0.0,61.0,44.0,21.0,46.0,42.0,6.0,12.0,3.0,5.0,32.0,19.0,47.0,118.0,34.0,338.0,1.0,2.0,44.0,8.0,0.0,21.0,184.0,9.0,19.0,56.0,1.0,264.0,0
3.0,46.0,4.0,2.0,14.0,30.0,45.0,9.0,20.0,4.0,12.0,0.0,0.0,61.0,46.0,28.0,43.0,42.0,27.0,7.0,5.0,5.0,32.0,19.0,47.0,118.0,34.0,141.0,0.0,2.0,46.0,9.0,1.0,3.0,184.0,0.0,30.0,56.0,1.0,144.0,0
1.0,48.0,4.0,2.0,14.0,14.0,45.0,6.0,28.0,5.0,12.0,0.0,0.0,61.0,40.0,21.0,43.0,42.0,1.0,12.0,1.0,1.0,32.0,19.0,47.0,118.0,34.0,228.0,1.0,2.0,40.0,9.0,0.0,5.0,184.0,9.0,1.0,56.0,1.0,264.0,0
3.0,48.0,4.0,2.0,14.0,14.0,45.0,19.0,28.0,4.0,12.0,6.0,0.0,61.0,40.0,21.0,43.0,42.0,11.0,12.0,3.0,5.0,32.0,19.0,47.0,118.0,34.0,339.0,1.0,2.0,40.0,9.0,0.0,34.0,184.0,9.0,14.0,56.0,1.0,264.0,0
1.0,48.0,4.0,2.0,14.0,14.0,45.0,13.0,28.0,1.0,12.0,6.0,0.0,61.0,40.0,21.0,34.0,42.0,4.0,12.0,1.0,5.0,32.0,19.0,47.0,118.0,34.0,339.0,1.0,0.0,34.0,2.0,0.0,12.0,184.0,9.0,14.0,56.0,0.0,264.0,0
3.0,48.0,4.0,2.0,14.0,14.0,45.0,12.0,28.0,0.0,12.0,5.0,0.0,61.0,40.0,21.0,34.0,42.0,27.0,12.0,5.0,5.0,32.0,19.0,47.0,118.0,34.0,5.0,1.0,2.0,34.0,0.0,1.0,1.0,184.0,9.0,32.0,56.0,1.0,264.0,0
4.0,48.0,4.0,2.0,14.0,14.0,45.0,7.0,28.0,1.0,12.0,3.0,0.0,61.0,40.0,21.0,43.0,42.0,21.0,12.0,4.0,5.0,32.0,13.0,47.0,118.0,34.0,240.0,1.0,2.0,35.0,9.0,0.0,12.0,184.0,9.0,6.0,56.0,1.0,264.0,0
3.0,48.0,2.0,2.0,14.0,14.0,45.0,8.0,60.0,3.0,12.0,0.0,0.0,61.0,44.0,21.0,46.0,42.0,6.0,12.0,3.0,5.0,32.0,19.0,47.0,118.0,34.0,338.0,1.0,2.0,44.0,8.0,0.0,21.0,184.0,9.0,19.0,56.0,1.0,264.0,0
3.0,46.0,4.0,2.0,14.0,34.0,45.0,9.0,20.0,4.0,12.0,0.0,0.0,61.0,46.0,32.0,43.0,42.0,27.0,9.0,5.0,5.0,32.0,19.0,47.0,118.0,34.0,162.0,0.0,2.0,46.0,9.0,1.0,3.0,184.0,0.0,34.0,56.0,1.0,108.0,0
3.0,48.0,4.0,2.0,4.0,14.0,45.0,0.0,8.0,1.0,12.0,0.0,0.0,61.0,40.0,3.0,43.0,42.0,27.0,8.0,5.0,5.0,32.0,19.0,41.0,118.0,34.0,7.0,0.0,2.0,40.0,9.0,1.0,2.0,1.0,0.0,5.0,56.0,1.0,74.0,0
3.0,48.0,4.0,2.0,12.0,13.0,45.0,18.0,28.0,9.0,12.0,0.0,0.0,61.0,40.0,11.0,43.0,42.0,27.0,0.0,5.0,5.0,32.0,19.0,49.0,118.0,34.0,281.0,0.0,2.0,48.0,9.0,1.0,14.0,130.0,4.0,13.0,56.0,1.0,75.0,0
3.0,48.0,4.0,2.0,37.0,14.0,45.0,0.0,8.0,1.0,12.0,0.0,0.0,61.0,40.0,36.0,43.0,42.0,27.0,10.0,5.0,38.0,32.0,19.0,41.0,118.0,34.0,76.0,0.0,2.0,40.0,9.0,1.0,2.0,71.0,4.0,38.0,56.0,1.0,47.0,0
3.0,50.0,4.0,2.0,12.0,13.0,45.0,18.0,28.0,9.0,12.0,0.0,0.0,61.0,40.0,11.0,43.0,42.0,27.0,0.0,5.0,5.0,32.0,19.0,51.0,118.0,34.0,277.0,0.0,2.0,50.0,9.0,1.0,14.0,126.0,4.0,13.0,56.0,1.0,70.0,0
3.0,48.0,4.0,2.0,25.0,14.0,45.0,0.0,8.0,1.0,12.0,0.0,0.0,61.0,40.0,24.0,43.0,42.0,27.0,5.0,5.0,26.0,32.0,19.0,41.0,118.0,34.0,19.0,0.0,2.0,40.0,9.0,1.0,2.0,14.0,0.0,26.0,56.0,1.0,233.0,0
3.0,48.0,4.0,2.0,20.0,21.0,45.0,18.0,28.0,9.0,20.0,0.0,0.0,61.0,40.0,19.0,43.0,42.0,27.0,2.0,5.0,5.0,32.0,19.0,49.0,118.0,34.0,328.0,0.0,2.0,48.0,9.0,1.0,14.0,177.0,7.0,21.0,56.0,1.0,257.0,0
0.0,48.0,1.0,0.0,14.0,14.0,41.0,10.0,30.0,6.0,12.0,0.0,0.0,61.0,40.0,21.0,43.0,42.0,0.0,12.0,0.0,2.0,32.0,19.0,47.0,118.0,34.0,229.0,1.0,2.0,40.0,9.0,0.0,8.0,184.0,9.0,2.0,56.0,1.0,264.0,0
3.0,50.0,4.0,2.0,14.0,1.0,45.0,11.0,28.0,5.0,12.0,4.0,0.0,61.0,50.0,21.0,43.0,42.0,27.0,12.0,5.0,5.0,32.0,19.0,47.0,118.0,34.0,228.0,1.0,2.0,50.0,9.0,1.0,5.0,184.0,9.0,1.0,56.0,1.0,264.0,0
3.0,48.0,4.0,2.0,14.0,14.0,45.0,14.0,38.0,7.0,12.0,0.0,0.0,61.0,44.0,21.0,45.0,44.0,27.0,12.0,5.0,2.0,32.0,19.0,47.0,118.0,34.0,230.0,1.0,2.0,44.0,0.0,1.0,10.0,184.0,9.0,2.0,56.0,1.0,264.0,0
3.0,48.0,4.0,2.0,14.0,14.0,45.0,15.0,38.0,7.0,12.0,0.0,0.0,61.0,48.0,21.0,49.0,42.0,27.0,12.0,5.0,5.0,32.0,19.0,47.0,118.0,34.0,231.0,1.0,2.0,48.0,1.0,1.0,10.0,184.0,9.0,14.0,56.0,1.0,264.0,0
4.0,48.0,3.0,2.0,14.0,14.0,42.0,2.0,20.0,4.0,12.0,0.0,0.0,61.0,40.0,21.0,43.0,42.0,15.0,12.0,4.0,100.0,25.0,19.0,47.0,118.0,34.0,221.0,1.0,2.0,40.0,7.0,0.0,3.0,184.0,9.0,100.0,133.0,1.0,264.0,0
3.0,61.0,4.0,2.0,14.0,15.0,45.0,18.0,28.0,9.0,14.0,0.0,0.0,61.0,40.0,13.0,43.0,42.0,27.0,1.0,5.0,5.0,32.0,19.0,62.0,118.0,34.0,300.0,0.0,2.0,61.0,9.0,1.0,14.0,149.0,4.0,15.0,56.0,1.0,194.0,0
3.0,48.0,4.0,2.0,39.0,14.0,45.0,0.0,8.0,1.0,12.0,0.0,0.0,61.0,40.0,38.0,43.0,42.0,27.0,11.0,5.0,40.0,32.0,19.0,41.0,118.0,34.0,100.0,0.0,2.0,40.0,9.0,1.0,2.0,95.0,4.0,40.0,56.0,1.0,193.0,0
1.0,48.0,4.0,2.0,14.0,14.0,45.0,6.0,28.0,5.0,12.0,0.0,0.0,61.0,40.0,21.0,43.0,42.0,1.0,12.0,1.0,1.0,32.0,19.0,47.0,118.0,34.0,228.0,1.0,2.0,40.0,9.0,0.0,5.0,184.0,9.0,1.0,56.0,1.0,264.0,0
4.0,48.0,4.0,2.0,14.0,14.0,45.0,7.0,28.0,1.0,12.0,3.0,0.0,61.0,40.0,21.0,43.0,42.0,9.0,12.0,4.0,5.0,32.0,5.0,47.0,118.0,34.0,235.0,1.0,2.0,35.0,9.0,0.0,12.0,184.0,9.0,6.0,56.0,1.0,264.0,1
3.0,48.0,2.0,2.0,14.0,14.0,45.0,8.0,60.0,3.0,12.0,0.0,0.0,61.0,44.0,21.0,46.0,42.0,6.0,12.0,3.0,5.0,32.0,19.0,47.0,118.0,34.0,338.0,1.0,2.0,44.0,8.0,0.0,21.0,184.0,9.0,19.0,56.0,1.0,264.0,1
3.0,46.0,4.0,2.0,14.0,30.0,45.0,9.0,20.0,4.0,12.0,0.0,0.0,61.0,46.0,28.0,43.0,42.0,27.0,7.0,5.0,5.0,32.0,19.0,47.0,118.0,34.0,142.0,0.0,2.0,46.0,9.0,1.0,3.0,184.0,0.0,30.0,56.0,1.0,146.0,1
1.0,48.0,4.0,2.0,14.0,14.0,45.0,6.0,28.0,5.0,12.0,0.0,0.0,61.0,40.0,21.0,43.0,42.0,1.0,12.0,1.0,1.0,32.0,19.0,47.0,118.0,34.0,228.0,1.0,2.0,40.0,9.0,0.0,5.0,184.0,9.0,1.0,56.0,1.0,264.0,1
3.0,48.0,4.0,2.0,14.0,14.0,45.0,19.0,28.0,4.0,12.0,6.0,0.0,62.0,40.0,21.0,43.0,42.0,12.0,12.0,3.0,5.0,32.0,19.0,47.0,118.0,34.0,339.0,1.0,2.0,40.0,9.0,0.0,34.0,184.0,9.0,14.0,56.0,1.0,264.0,1
1.0,48.0,4.0,2.0,14.0,14.0,45.0,13.0,28.0,1.0,12.0,6.0,0.0,61.0,40.0,21.0,34.0,42.0,4.0,12.0,1.0,5.0,32.0,19.0,47.0,118.0,34.0,339.0,1.0,1.0,34.0,2.0,0.0,12.0,184.0,9.0,14.0,56.0,0.0,264.0,1
3.0,48.0,4.0,2.0,14.0,14.0,45.0,12.0,28.0,0.0,12.0,5.0,0.0,61.0,40.0,21.0,34.0,42.0,27.0,12.0,5.0,5.0,32.0,19.0,47.0,118.0,34.0,5.0,1.0,2.0,34.0,0.0,1.0,1.0,184.0,9.0,32.0,56.0,1.0,264.0,1
4.0,48.0,4.0,2.0,14.0,14.0,45.0,7.0,28.0,1.0,12.0,3.0,0.0,61.0,40.0,21.0,43.0,42.0,9.0,12.0,4.0,5.0,32.0,5.0,47.0,118.0,34.0,235.0,1.0,2.0,35.0,9.0,0.0,12.0,184.0,9.0,6.0,56.0,1.0,264.0,1
3.0,48.0,2.0,2.0,14.0,14.0,45.0,8.0,60.0,3.0,12.0,0.0,0.0,61.0,44.0,21.0,46.0,42.0,6.0,12.0,3.0,5.0,32.0,19.0,47.0,118.0,34.0,338.0,1.0,2.0,44.0,8.0,0.0,21.0,184.0,9.0,19.0,56.0,1.0,264.0,1
3.0,46.0,4.0,2.0,14.0,34.0,45.0,9.0,20.0,4.0,12.0,0.0,0.0,61.0,46.0,32.0,43.0,42.0,27.0,9.0,5.0,5.0,32.0,19.0,47.0,118.0,34.0,151.0,0.0,2.0,46.0,9.0,1.0,3.0,184.0,0.0,34.0,56.0,1.0,88.0,1
3.0,48.0,4.0,2.0,4.0,14.0,45.0,0.0,8.0,1.0,12.0,0.0,0.0,61.0,40.0,3.0,43.0,42.0,27.0,8.0,5.0,5.0,32.0,19.0,41.0,118.0,34.0,7.0,0.0,2.0,40.0,9.0,1.0,2.0,1.0,0.0,5.0,56.0,1.0,74.0,1
3.0,48.0,4.0,2.0,12.0,13.0,45.0,18.0,28.0,9.0,12.0,0.0,0.0,61.0,40.0,11.0,43.0,42.0,27.0,0.0,5.0,5.0,32.0,19.0,49.0,118.0,34.0,281.0,0.0,2.0,48.0,9.0,1.0,14.0,130.0,4.0,13.0,56.0,1.0,75.0,1
3.0,48.0,4.0,2.0,37.0,14.0,45.0,0.0,8.0,1.0,12.0,0.0,0.0,61.0,40.0,36.0,43.0,42.0,27.0,10.0,5.0,38.0,32.0,19.0,41.0,118.0,34.0,69.0,0.0,2.0,40.0,9.0,1.0,2.0,64.0,4.0,38.0,56.0,1.0,40.0,1
3.0,50.0,4.0,2.0,4.0,5.0,45.0,18.0,28.0,9.0,4.0,0.0,0.0,61.0,40.0,3.0,43.0,42.0,27.0,8.0,5.0,5.0,32.0,19.0,51.0,118.0,34.0,259.0,0.0,2.0,50.0,9.0,1.0,14.0,2.0,0.0,5.0,56.0,1.0,76.0,1
1.0,48.0,4.0,2.0,14.0,14.0,45.0,6.0,28.0,5.0,12.0,0.0,0.0,61.0,40.0,21.0,43.0,42.0,1.0,12.0,1.0,1.0,32.0,19.0,47.0,118.0,34.0,228.0,1.0,2.0,40.0,9.0,0.0,5.0,184.0,9.0,1.0,56.0,1.0,264.0,1
3.0,48.0,4.0,2.0,14.0,14.0,45.0,19.0,28.0,4.0,12.0,6.0,0.0,60.0,40.0,21.0,43.0,42.0,10.0,12.0,3.0,5.0,32.0,19.0,47.0,118.0,34.0,339.0,1.0,2.0,40.0,9.0,0.0,34.0,184.0,9.0,14.0,56.0,1.0,264.0,1
1.0,48.0,4.0,2.0,14.0,14.0,45.0,13.0,28.0,1.0,12.0,6.0,0.0,61.0,40.0,21.0,34.0,42.0,4.0,12.0,1.0,5.0,32.0,19.0,47.0,118.0,34.0,339.0,1.0,1.0,34.0,2.0,0.0,12.0,184.0,9.0,14.0,56.0,0.0,264.0,1
3.0,48.0,4.0,2.0,14.0,14.0,45.0,12.0,28.0,0.0,12.0,5.0,0.0,61.0,40.0,21.0,34.0,42.0,27.0,12.0,5.0,5.0,32.0,19.0,47.0,118.0,34.0,5.0,1.0,2.0,34.0,0.0,1.0,1.0,184.0,9.0,32.0,56.0,1.0,264.0,1
4.0,48.0,4.0,2.0,14.0,14.0,45.0,7.0,28.0,1.0,12.0,3.0,0.0,61.0,40.0,21.0,43.0,42.0,9.0,12.0,4.0,5.0,32.0,5.0,47.0,118.0,34.0,235.0,1.0,2.0,35.0,9.0,0.0,12.0,184.0,9.0,6.0,56.0,1.0,264.0,1
3.0,48.0,2.0,2.0,14.0,14.0,45.0,8.0,60.0,3.0,12.0,0.0,0.0,61.0,44.0,21.0,46.0,42.0,6.0,12.0,3.0,5.0,32.0,19.0,47.0,118.0,34.0,338.0,1.0,2.0,44.0,8.0,0.0,21.0,184.0,9.0,19.0,56.0,1.0,264.0,1
3.0,46.0,4.0,2.0,14.0,34.0,45.0,9.0,20.0,4.0,12.0,0.0,0.0,61.0,46.0,32.0,43.0,42.0,27.0,9.0,5.0,5.0,32.0,19.0,47.0,118.0,34.0,152.0,0.0,2.0,46.0,9.0,1.0,3.0,184.0,0.0,34.0,56.0,1.0,93.0,1
3.0,48.0,4.0,2.0,4.0,14.0,45.0,0.0,8.0,1.0,12.0,0.0,0.0,61.0,40.0,3.0,43.0,42.0,27.0,8.0,5.0,5.0,32.0,19.0,41.0,118.0,34.0,7.0,0.0,2.0,40.0,9.0,1.0,2.0,1.0,0.0,5.0,56.0,1.0,74.0,1
3.0,48.0,4.0,2.0,12.0,13.0,45.0,18.0,28.0,9.0,12.0,0.0,0.0,61.0,40.0,11.0,43.0,42.0,27.0,0.0,5.0,5.0,32.0,19.0,49.0,118.0,34.0,281.0,0.0,2.0,48.0,9.0,1.0,14.0,130.0,4.0,13.0,56.0,1.0,75.0,1
3.0,48.0,4.0,2.0,37.0,14.0,45.0,0.0,8.0,1.0,12.0,0.0,0.0,61.0,40.0,36.0,43.0,42.0,27.0,10.0,5.0,38.0,32.0,19.0,41.0,118.0,34.0,49.0,0.0,2.0,40.0,9.0,1.0,2.0,44.0,4.0,38.0,56.0,1.0,20.0,1
3.0,50.0,4.0,2.0,4.0,5.0,45.0,18.0,28.0,9.0,4.0,0.0,0.0,61.0,40.0,3.0,43.0,42.0,27.0,8.0,5.0,5.0,32.0,19.0,51.0,118.0,34.0,259.0,0.0,2.0,50.0,9.0,1.0,14.0,2.0,0.0,5.0,56.0,1.0,76.0,1
1.0,48.0,4.0,2.0,14.0,14.0,45.0,6.0,28.0,5.0,12.0,0.0,0.0,61.0,40.0,21.0,43.0,42.0,1.0,12.0,1.0,1.0,32.0,19.0,47.0,118.0,34.0,228.0,1.0,2.0,40.0,9.0,0.0,5.0,184.0,9.0,1.0,56.0,1.0,264.0,1
3.0,48.0,4.0,2.0,14.0,14.0,45.0,19.0,28.0,4.0,12.0,6.0,0.0,62.0,40.0,21.0,43.0,42.0,12.0,12.0,3.0,5.0,32.0,19.0,47.0,118.0,34.0,339.0,1.0,2.0,40.0,9.0,0.0,34.0,184.0,9.0,14.0,56.0,1.0,264.0,1
1.0,48.0,4.0,2.0,14.0,14.0,45.0,13.0,28.0,1.0,12.0,6.0,0.0,61.0,40.0,21.0,34.0,42.0,4.0,12.0,1.0,5.0,32.0,19.0,47.0,118.0,34.0,339.0,1.0,1.0,34.0,2.0,0.0,12.0,184.0,9.0,14.0,56.0,0.0,264.0,1
3.0,48.0,4.0,2.0,14.0,14.0,45.0,12.0,28.0,0.0,12.0,5.0,0.0,61.0,40.0,21.0,34.0,42.0,27.0,12.0,5.0,5.0,32.0,19.0,47.0,118.0,34.0,5.0,1.0,2.0,34.0,0.0,1.0,1.0,184.0,9.0,32.0,56.0,1.0,264.0,1
4.0,48.0,4.0,2.0,14.0,14.0,45.0,7.0,28.0,1.0,12.0,3.0,0.0,61.0,40.0,21.0,43.0,42.0,9.0,12.0,4.0,5.0,32.0,5.0,47.0,118.0,34.0,235.0,1.0,2.0,35.0,9.0,0.0,12.0,184.0,9.0,6.0,56.0,1.0,264.0,1
3.0,48.0,2.0,2.0,14.0,14.0,45.0,8.0,60.0,3.0,12.0,0.0,0.0,61.0,44.0,21.0,46.0,42.0,6.0,12.0,3.0,5.0,32.0,19.0,47.0,118.0,34.0,338.0,1.0,2.0,44.0,8.0,0.0,21.0,184.0,9.0,19.0,56.0,1.0,264.0,1
3.0,46.0,4.0,2.0,14.0,34.0,45.0,9.0,20.0,4.0,12.0,0.0,0.0,61.0,46.0,32.0,43.0,42.0,27.0,9.0,5.0,5.0,32.0,19.0,47.0,118.0,34.0,150.0,0.0,2.0,46.0,9.0,1.0,3.0,184.0,0.0,34.0,56.0,1.0,87.0,1
3.0,48.0,4.0,2.0,4.0,14.0,45.0,0.0,8.0,1.0,12.0,0.0,0.0,61.0,40.0,3.0,43.0,42.0,27.0,8.0,5.0,5.0,32.0,19.0,41.0,118.0,34.0,7.0,0.0,2.0,40.0,9.0,1.0,2.0,1.0,0.0,5.0,56.0,1.0,74.0,1
3.0,48.0,4.0,2.0,12.0,13.0,45.0,18.0,28.0,9.0,12.0,0.0,0.0,61.0,40.0,11.0,43.0,42.0,27.0,0.0,5.0,5.0,32.0,19.0,49.0,118.0,34.0,281.0,0.0,2.0,48.0,9.0,1.0,14.0,130.0,4.0,13.0,56.0,1.0,75.0,1
3.0,48.0,4.0,2.0,37.0,14.0,45.0,0.0,8.0,1.0,12.0,0.0,0.0,61.0,40.0,36.0,43.0,42.0,27.0,10.0,5.0,38.0,32.0,19.0,41.0,118.0,34.0,44.0,0.0,2.0,40.0,9.0,1.0,2.0,39.0,4.0,38.0,56.0,1.0,15.0,1
3.0,50.0,4.0,2.0,4.0,5.0,45.0,18.0,28.0,9.0,4.0,0.0,0.0,61.0,40.0,3.0,43.0,42.0,27.0,8.0,5.0,5.0,32.0,19.0,51.0,118.0,34.0,259.0,0.0,2.0,50.0,9.0,1.0,14.0,2.0,0.0,5.0,56.0,1.0,76.0,1
1.0,48.0,4.0,2.0,14.0,14.0,45.0,6.0,28.0,5.0,12.0,0.0,0.0,61.0,40.0,21.0,43.0,42.0,1.0,12.0,1.0,1.0,32.0,19.0,47.0,118.0,34.0,228.0,1.0,2.0,40.0,9.0,0.0,5.0,184.0,9.0,1.0,56.0,1.0,264.0,1
3.0,48.0,4.0,2.0,14.0,14.0,45.0,19.0,28.0,4.0,12.0,6.0,0.0,60.0,40.0,21.0,43.0,42.0,10.0,12.0,3.0,5.0,32.0,19.0,47.0,118.0,34.0,339.0,1.0,2.0,40.0,9.0,0.0,34.0,184.0,9.0,14.0,56.0,1.0,264.0,1
1.0,48.0,4.0,2.0,14.0,14.0,45.0,13.0,28.0,1.0,12.0,6.0,0.0,61.0,40.0,21.0,34.0,42.0,4.0,12.0,1.0,5.0,32.0,19.0,47.0,118.0,34.0,339.0,1.0,1.0,34.0,2.0,0.0,12.0,184.0,9.0,14.0,56.0,0.0,264.0,1
3.0,48.0,4.0,2.0,14.0,14.0,45.0,12.0,28.0,0.0,12.0,5.0,0.0,61.0,40.0,21.0,34.0,42.0,27.0,12.0,5.0,5.0,32.0,19.0,47.0,118.0,34.0,5.0,1.0,2.0,34.0,0.0,1.0,1.0,184.0,9.0,32.0,56.0,1.0,264.0,1
4.0,48.0,4.0,2.0,14.0,14.0,45.0,7.0,28.0,1.0,12.0,3.0,0.0,61.0,40.0,21.0,43.0,42.0,9.0,12.0,4.0,5.0,32.0,5.0,47.0,118.0,34.0,235.0,1.0,2.0,35.0,9.0,0.0,12.0,184.0,9.0,6.0,56.0,1.0,264.0,1
3.0,48.0,2.0,2.0,14.0,14.0,45.0,8.0,60.0,3.0,12.0,0.0,0.0,61.0,44.0,21.0,46.0,42.0,6.0,12.0,3.0,5.0,32.0,19.0,47.0,118.0,34.0,338.0,1.0,2.0,44.0,8.0,0.0,21.0,184.0,9.0,19.0,56.0,1.0,264.0,1
3.0,46.0,4.0,2.0,14.0,34.0,45.0,9.0,20.0,4.0,12.0,0.0,0.0,61.0,46.0,32.0,43.0,42.0,27.0,9.0,5.0,5.0,32.0,19.0,47.0,118.0,34.0,182.0,0.0,2.0,46.0,9.0,1.0,3.0,184.0,0.0,34.0,56.0,1.0,148.0,1
3.0,48.0,4.0,2.0,4.0,14.0,45.0,0.0,8.0,1.0,12.0,0.0,0.0,61.0,40.0,3.0,43.0,42.0,27.0,8.0,5.0,5.0,32.0,19.0,41.0,118.0,34.0,7.0,0.0,2.0,40.0,9.0,1.0,2.0,1.0,0.0,5.0,56.0,1.0,74.0,1
3.0,48.0,4.0,2.0,12.0,13.0,45.0,18.0,28.0,9.0,12.0,0.0,0.0,61.0,40.0,11.0,43.0,42.0,27.0,0.0,5.0,5.0,32.0,19.0,49.0,118.0,34.0,281.0,0.0,2.0,48.0,9.0,1.0,14.0,130.0,4.0,13.0,56.0,1.0,75.0,1
3.0,48.0,4.0,2.0,37.0,14.0,45.0,0.0,8.0,1.0,12.0,0.0,0.0,61.0,40.0,36.0,43.0,42.0,27.0,10.0,5.0,38.0,32.0,19.0,41.0,118.0,34.0,47.0,0.0,2.0,40.0,9.0,1.0,2.0,42.0,4.0,38.0,56.0,1.0,18.0,1
3.0,50.0,4.0,2.0,4.0,5.0,45.0,18.0,28.0,9.0,4.0,0.0,0.0,61.0,40.0,3.0,43.0,42.0,27.0,8.0,5.0,5.0,32.0,19.0,51.0,118.0,34.0,259.0,0.0,2.0,50.0,9.0,1.0,14.0,2.0,0.0,5.0,56.0,1.0,76.0,1
1.0,48.0,4.0,2.0,14.0,14.0,45.0,6.0,28.0,5.0,12.0,0.0,0.0,61.0,40.0,21.0,43.0,42.0,1.0,12.0,1.0,1.0,32.0,19.0,47.0,118.0,34.0,228.0,1.0,2.0,40.0,9.0,0.0,5.0,184.0,9.0,1.0,56.0,1.0,264.0,1
3.0,48.0,4.0,2.0,14.0,14.0,45.0,1.0,28.0,0.0,12.0,6.0,0.0,61.0,40.0,21.0,43.0,42.0,27.0,12.0,5.0,5.0,32.0,19.0,47.0,118.0,34.0,339.0,1.0,2.0,34.0,9.0,1.0,2.0,184.0,9.0,1.0,56.0,1.0,264.0,0
3.0,48.0,4.0,2.0,14.0,14.0,45.0,1.0,28.0,0.0,12.0,6.0,0.0,61.0,40.0,21.0,34.0,42.0,27.0,12.0,5.0,5.0,32.0,19.0,47.0,118.0,34.0,339.0,1.0,2.0,34.0,5.0,1.0,20.0,184.0,9.0,0.0,56.0,1.0,264.0,0
3.0,48.0,4.0,2.0,14.0,14.0,45.0,19.0,28.0,4.0,12.0,6.0,0.0,61.0,40.0,21.0,43.0,42.0,27.0,12.0,5.0,5.0,32.0,19.0,47.0,118.0,34.0,339.0,1.0,2.0,34.0,9.0,1.0,32.0,184.0,9.0,14.0,56.0,1.0,264.0,0
3.0,48.0,4.0,2.0,14.0,14.0,45.0,19.0,28.0,4.0,12.0,6.0,0.0,61.0,40.0,21.0,43.0,42.0,27.0,12.0,5.0,5.0,32.0,19.0,47.0,118.0,34.0,339.0,1.0,2.0,34.0,9.0,1.0,31.0,184.0,9.0,14.0,56.0,1.0,264.0,0
3.0,48.0,4.0,2.0,14.0,14.0,45.0,19.0,28.0,4.0,12.0,6.0,0.0,63.0,40.0,21.0,43.0,42.0,13.0,12.0,3.0,5.0,32.0,19.0,47.0,118.0,34.0,339.0,1.0,2.0,40.0,9.0,0.0,34.0,184.0,9.0,14.0,56.0,1.0,264.0,0
1.0,48.0,4.0,2.0,14.0,14.0,45.0,13.0,28.0,1.0,12.0,6.0,0.0,61.0,40.0,21.0,34.0,42.0,4.0,12.0,1.0,5.0,32.0,19.0,47.0,118.0,34.0,339.0,1.0,0.0,34.0,2.0,0.0,12.0,184.0,9.0,14.0,56.0,0.0,264.0,0
3.0,48.0,4.0,2.0,14.0,14.0,45.0,12.0,28.0,0.0,12.0,5.0,0.0,61.0,40.0,21.0,34.0,42.0,27.0,12.0,5.0,5.0,32.0,19.0,47.0,118.0,34.0,5.0,1.0,2.0,34.0,0.0,1.0,1.0,184.0,9.0,32.0,56.0,1.0,264.0,0
4.0,48.0,4.0,2.0,14.0,14.0,45.0,7.0,28.0,1.0,12.0,3.0,0.0,61.0,40.0,21.0,43.0,42.0,9.0,12.0,4.0,5.0,32.0,5.0,47.0,118.0,34.0,235.0,1.0,2.0,35.0,9.0,0.0,12.0,184.0,9.0,6.0,56.0,1.0,264.0,0
3.0,48.0,2.0,2.0,14.0,14.0,45.0,8.0,60.0,3.0,12.0,0.0,0.0,61.0,44.0,21.0,46.0,42.0,6.0,12.0,3.0,5.0,32.0,19.0,47.0,118.0,34.0,338.0,1.0,2.0,44.0,8.0,0.0,21.0,184.0,9.0,19.0,56.0,1.0,264.0,0
3.0,46.0,4.0,2.0,14.0,23.0,45.0,9.0,20.0,4.0,12.0,0.0,0.0,61.0,46.0,21.0,43.0,42.0,27.0,4.0,5.0,5.0,32.0,19.0,47.0,118.0,34.0,115.0,0.0,2.0,46.0,9.0,1.0,3.0,184.0,0.0,23.0,56.0,1.0,0.0,0
3.0,48.0,4.0,2.0,37.0,14.0,45.0,0.0,8.0,1.0,12.0,0.0,0.0,61.0,40.0,36.0,43.0,42.0,27.0,10.0,5.0,38.0,32.0,19.0,41.0,118.0,34.0,40.0,0.0,2.0,40.0,9.0,1.0,2.0,35.0,4.0,38.0,56.0,1.0,11.0,0
3.0,48.0,4.0,2.0,12.0,13.0,45.0,18.0,28.0,9.0,12.0,0.0,0.0,61.0,40.0,11.0,43.0,42.0,27.0,0.0,5.0,5.0,32.0,19.0,49.0,118.0,34.0,262.0,0.0,2.0,48.0,9.0,1.0,14.0,111.0,4.0,13.0,56.0,1.0,55.0,0
3.0,48.0,4.0,2.0,25.0,14.0,45.0,0.0,8.0,1.0,12.0,0.0,0.0,61.0,40.0,24.0,43.0,42.0,27.0,5.0,5.0,26.0,32.0,19.0,41.0,118.0,34.0,11.0,0.0,2.0,40.0,9.0,1.0,2.0,6.0,0.0,26.0,56.0,1.0,225.0,0
3.0,50.0,4.0,2.0,20.0,21.0,45.0,18.0,28.0,9.0,20.0,0.0,0.0,61.0,40.0,19.0,43.0,42.0,27.0,2.0,5.0,5.0,32.0,19.0,51.0,118.0,34.0,332.0,0.0,2.0,50.0,9.0,1.0,14.0,181.0,7.0,21.0,56.0,1.0,261.0,0
0.0,48.0,1.0,0.0,14.0,14.0,41.0,10.0,30.0,6.0,12.0,0.0,0.0,61.0,40.0,21.0,43.0,42.0,0.0,12.0,0.0,2.0,32.0,19.0,47.0,118.0,34.0,229.0,1.0,2.0,40.0,9.0,0.0,8.0,184.0,9.0,2.0,56.0,1.0,264.0,0
3.0,48.0,4.0,2.0,14.0,1.0,45.0,11.0,28.0,5.0,12.0,4.0,0.0,61.0,48.0,21.0,43.0,42.0,27.0,12.0,5.0,5.0,32.0,19.0,47.0,118.0,34.0,228.0,1.0,2.0,48.0,9.0,1.0,5.0,184.0,9.0,1.0,56.0,1.0,264.0,0
3.0,48.0,4.0,2.0,14.0,14.0,45.0,14.0,38.0,7.0,12.0,0.0,0.0,61.0,44.0,21.0,45.0,44.0,27.0,12.0,5.0,2.0,32.0,19.0,47.0,118.0,34.0,230.0,1.0,2.0,44.0,0.0,1.0,10.0,184.0,9.0,2.0,56.0,1.0,264.0,0
3.0,50.0,4.0,2.0,14.0,14.0,45.0,15.0,38.0,7.0,12.0,0.0,0.0,61.0,50.0,21.0,51.0,42.0,27.0,12.0,5.0,5.0,32.0,19.0,47.0,118.0,34.0,231.0,1.0,2.0,50.0,1.0,1.0,10.0,184.0,9.0,14.0,56.0,1.0,264.0,0
4.0,48.0,3.0,2.0,14.0,14.0,42.0,2.0,20.0,4.0,12.0,0.0,0.0,61.0,40.0,21.0,43.0,42.0,15.0,12.0,4.0,100.0,26.0,19.0,47.0,118.0,34.0,222.0,1.0,2.0,40.0,7.0,0.0,3.0,184.0,9.0,100.0,133.0,1.0,264.0,0
3.0,61.0,4.0,2.0,14.0,15.0,45.0,18.0,28.0,9.0,14.0,0.0,0.0,61.0,40.0,13.0,43.0,42.0,27.0,1.0,5.0,5.0,32.0,19.0,62.0,118.0,34.0,295.0,0.0,2.0,61.0,9.0,1.0,14.0,144.0,4.0,15.0,56.0,1.0,184.0,0
3.0,48.0,4.0,2.0,39.0,14.0,45.0,0.0,8.0,1.0,12.0,0.0,0.0,61.0,40.0,38.0,43.0,42.0,27.0,11.0,5.0,40.0,32.0,19.0,41.0,118.0,34.0,104.0,0.0,2.0,40.0,9.0,1.0,2.0,99.0,4.0,40.0,56.0,1.0,199.0,0
1.0,48.0,4.0,2.0,14.0,14.0,45.0,6.0,28.0,5.0,12.0,0.0,0.0,61.0,40.0,21.0,43.0,42.0,1.0,12.0,1.0,1.0,32.0,19.0,47.0,118.0,34.0,228.0,1.0,2.0,40.0,9.0,0.0,5.0,184.0,9.0,1.0,56.0,1.0,264.0,0
3.0,48.0,4.0,2.0,14.0,14.0,45.0,7.0,28.0,1.0,12.0,3.0,0.0,61.0,40.0,21.0,43.0,42.0,16.0,12.0,3.0,5.0,32.0,8.0,47.0,118.0,34.0,248.0,1.0,2.0,35.0,9.0,0.0,12.0,184.0,9.0,6.0,56.0,1.0,264.0,0
3.0,48.0,2.0,2.0,14.0,14.0,45.0,8.0,60.0,3.0,12.0,0.0,0.0,61.0,44.0,21.0,46.0,42.0,6.0,12.0,3.0,5.0,32.0,19.0,47.0,118.0,34.0,338.0,1.0,2.0,44.0,8.0,0.0,21.0,184.0,9.0,19.0,56.0,1.0,264.0,0
3.0,46.0,4.0,2.0,14.0,23.0,45.0,9.0,20.0,4.0,12.0,0.0,0.0,61.0,46.0,21.0,43.0,42.0,27.0,4.0,5.0,5.0,32.0,19.0,47.0,118.0,34.0,119.0,0.0,2.0,46.0,9.0,1.0,3.0,184.0,0.0,23.0,56.0,1.0,106.0,0
1.0,48.0,4.0,2.0,14.0,14.0,45.0,6.0,28.0,5.0,12.0,0.0,0.0,61.0,40.0,21.0,43.0,42.0,1.0,12.0,1.0,1.0,32.0,19.0,47.0,118.0,34.0,228.0,1.0,2.0,40.0,9.0,0.0,5.0,184.0,9.0,1.0,56.0,1.0,264.0,0
3.0,48.0,4.0,2.0,14.0,14.0,45.0,19.0,28.0,4.0,12.0,6.0,0.0,60.0,40.0,21.0,43.0,42.0,10.0,12.0,3.0,5.0,32.0,19.0,47.0,118.0,34.0,339.0,1.0,2.0,40.0,9.0,0.0,34.0,184.0,9.0,14.0,56.0,1.0,264.0,0
1.0,48.0,4.0,2.0,14.0,14.0,45.0,13.0,28.0,1.0,12.0,6.0,0.0,61.0,40.0,21.0,34.0,42.0,4.0,12.0,1.0,5.0,32.0,19.0,47.0,118.0,34.0,339.0,1.0,0.0,34.0,2.0,0.0,13.0,184.0,9.0,14.0,56.0,0.0,264.0,0
3.0,48.0,4.0,2.0,14.0,14.0,45.0,12.0,28.0,0.0,12.0,5.0,0.0,61.0,40.0,21.0,34.0,42.0,27.0,12.0,5.0,5.0,32.0,19.0,47.0,118.0,34.0,5.0,1.0,2.0,34.0,0.0,1.0,0.0,184.0,9.0,32.0,56.0,1.0,264.0,0
4.0,48.0,4.0,2.0,14.0,14.0,45.0,7.0,28.0,1.0,12.0,3.0,0.0,61.0,40.0,21.0,43.0,42.0,17.0,12.0,4.0,5.0,32.0,9.0,47.0,118.0,34.0,249.0,1.0,2.0,35.0,9.0,0.0,13.0,184.0,9.0,6.0,56.0,1.0,264.0,0
3.0,48.0,2.0,2.0,14.0,14.0,45.0,8.0,60.0,3.0,12.0,0.0,0.0,61.0,44.0,21.0,46.0,42.0,6.0,12.0,3.0,5.0,32.0,19.0,47.0,118.0,34.0,338.0,1.0,2.0,44.0,8.0,0.0,22.0,184.0,9.0,19.0,56.0,1.0,264.0,0
3.0,46.0,4.0,2.0,14.0,34.0,45.0,9.0,20.0,4.0,12.0,0.0,0.0,61.0,46.0,32.0,43.0,42.0,27.0,9.0,5.0,5.0,32.0,19.0,47.0,118.0,34.0,178.0,0.0,2.0,46.0,9.0,1.0,4.0,184.0,0.0,34.0,56.0,1.0,139.0,0
0.0,48.0,1.0,0.0,14.0,14.0,41.0,10.0,30.0,6.0,12.0,0.0,0.0,61.0,40.0,21.0,43.0,42.0,0.0,12.0,0.0,2.0,32.0,19.0,47.0,118.0,34.0,229.0,1.0,2.0,40.0,9.0,0.0,9.0,184.0,9.0,2.0,56.0,1.0,264.0,0
3.0,48.0,4.0,2.0,14.0,1.0,45.0,11.0,28.0,5.0,12.0,4.0,0.0,61.0,48.0,21.0,43.0,42.0,27.0,12.0,5.0,5.0,32.0,19.0,47.0,118.0,34.0,228.0,1.0,2.0,48.0,9.0,1.0,6.0,184.0,9.0,1.0,56.0,1.0,264.0,0
3.0,48.0,4.0,2.0,14.0,14.0,45.0,14.0,38.0,7.0,12.0,0.0,0.0,61.0,44.0,21.0,45.0,44.0,27.0,12.0,5.0,2.0,32.0,19.0,47.0,118.0,34.0,230.0,1.0,2.0,44.0,0.0,1.0,11.0,184.0,9.0,2.0,56.0,1.0,264.0,0
3.0,50.0,4.0,2.0,14.0,14.0,45.0,15.0,38.0,7.0,12.0,0.0,0.0,61.0,50.0,21.0,51.0,42.0,27.0,12.0,5.0,5.0,32.0,19.0,47.0,118.0,34.0,231.0,1.0,2.0,50.0,1.0,1.0,11.0,184.0,9.0,14.0,56.0,1.0,264.0,0
4.0,48.0,3.0,2.0,14.0,14.0,42.0,2.0,20.0,4.0,12.0,0.0,0.0,61.0,40.0,21.0,43.0,42.0,15.0,12.0,4.0,87.0,5.0,19.0,47.0,105.0,34.0,201.0,1.0,2.0,40.0,7.0,0.0,4.0,184.0,9.0,87.0,120.0,1.0,264.0,0
3.0,61.0,4.0,2.0,14.0,15.0,45.0,18.0,28.0,9.0,14.0,0.0,0.0,61.0,40.0,13.0,43.0,42.0,27.0,1.0,5.0,5.0,32.0,19.0,62.0,118.0,34.0,296.0,0.0,2.0,61.0,9.0,1.0,15.0,145.0,4.0,15.0,56.0,1.0,187.0,0
3.0,48.0,4.0,2.0,39.0,14.0,45.0,0.0,8.0,1.0,12.0,0.0,0.0,61.0,40.0,38.0,43.0,42.0,27.0,11.0,5.0,40.0,32.0,19.0,41.0,118.0,34.0,91.0,0.0,2.0,40.0,9.0,1.0,24.0,86.0,4.0,40.0,56.0,1.0,169.0,0
1.0,48.0,4.0,2.0,14.0,14.0,45.0,6.0,28.0,5.0,12.0,0.0,0.0,61.0,40.0,21.0,43.0,42.0,1.0,12.0,1.0,1.0,32.0,19.0,47.0,118.0,34.0,228.0,1.0,2.0,40.0,9.0,0.0,6.0,184.0,9.0,1.0,56.0,1.0,264.0,0
4.0,48.0,4.0,2.0,14.0,14.0,45.0,7.0,28.0,1.0,12.0,3.0,0.0,61.0,40.0,21.0,43.0,42.0,17.0,12.0,4.0,5.0,32.0,9.0,47.0,118.0,34.0,249.0,1.0,2.0,35.0,9.0,0.0,13.0,184.0,9.0,6.0,56.0,1.0,264.0,0
3.0,48.0,2.0,2.0,14.0,14.0,45.0,8.0,60.0,3.0,12.0,0.0,0.0,61.0,44.0,21.0,46.0,42.0,6.0,12.0,3.0,5.0,32.0,19.0,47.0,118.0,34.0,338.0,1.0,2.0,44.0,8.0,0.0,22.0,184.0,9.0,19.0,56.0,1.0,264.0,0
3.0,46.0,4.0,2.0,14.0,30.0,45.0,9.0,20.0,4.0,12.0,0.0,0.0,61.0,46.0,28.0,43.0,42.0,27.0,7.0,5.0,5.0,32.0,19.0,47.0,118.0,34.0,129.0,0.0,2.0,46.0,9.0,1.0,4.0,184.0,0.0,30.0,56.0,1.0,117.0,0
1.0,48.0,4.0,2.0,14.0,14.0,45.0,6.0,28.0,5.0,12.0,0.0,0.0,61.0,40.0,21.0,43.0,42.0,1.0,12.0,1.0,1.0,32.0,19.0,47.0,118.0,34.0,228.0,1.0,2.0,40.0,9.0,0.0,6.0,184.0,9.0,1.0,56.0,1.0,264.0,0
3.0,48.0,4.0,2.0,14.0,14.0,45.0,19.0,28.0,4.0,12.0,6.0,0.0,61.0,40.0,21.0,43.0,42.0,11.0,12.0,3.0,5.0,32.0,19.0,47.0,118.0,34.0,339.0,1.0,2.0,40.0,9.0,0.0,34.0,184.0,9.0,14.0,56.0,1.0,264.0,0
1.0,48.0,4.0,2.0,14.0,14.0,45.0,13.0,28.0,1.0,12.0,6.0,0.0,61.0,40.0,21.0,34.0,42.0,4.0,12.0,1.0,5.0,32.0,19.0,47.0,118.0,34.0,339.0,1.0,0.0,34.0,2.0,0.0,13.0,184.0,9.0,14.0,56.0,0.0,264.0,0
3.0,48.0,4.0,2.0,14.0,14.0,45.0,12.0,28.0,0.0,12.0,5.0,0.0,61.0,40.0,21.0,34.0,42.0,27.0,12.0,5.0,5.0,32.0,19.0,47.0,118.0,34.0,5.0,1.0,2.0,34.0,0.0,1.0,0.0,184.0,9.0,32.0,56.0,1.0,264.0,0
4.0,48.0,4.0,2.0,14.0,14.0,45.0,7.0,28.0,1.0,12.0,3.0,0.0,61.0,40.0,21.0,43.0,42.0,17.0,12.0,4.0,5.0,32.0,9.0,47.0,118.0,34.0,249.0,1.0,2.0,35.0,9.0,0.0,13.0,184.0,9.0,6.0,56.0,1.0,264.0,0
3.0,48.0,2.0,2.0,14.0,14.0,45.0,8.0,60.0,3.0,12.0,0.0,0.0,61.0,44.0,21.0,46.0,42.0,6.0,12.0,3.0,5.0,32.0,19.0,47.0,118.0,34.0,338.0,1.0,2.0,44.0,8.0,0.0,22.0,184.0,9.0,19.0,56.0,1.0,264.0,0
3.0,46.0,4.0,2.0,14.0,34.0,45.0,9.0,20.0,4.0,12.0,0.0,0.0,61.0,46.0,32.0,43.0,42.0,27.0,9.0,5.0,5.0,32.0,19.0,47.0,118.0,34.0,180.0,0.0,2.0,46.0,9.0,1.0,4.0,184.0,0.0,34.0,56.0,1.0,145.0,0
0.0,48.0,1.0,0.0,14.0,14.0,41.0,10.0,30.0,6.0,12.0,0.0,0.0,61.0,40.0,21.0,43.0,42.0,0.0,12.0,0.0,2.0,32.0,19.0,47.0,118.0,34.0,229.0,1.0,2.0,40.0,9.0,0.0,9.0,184.0,9.0,2.0,56.0,1.0,264.0,0
3.0,48.0,4.0,2.0,14.0,1.0,45.0,11.0,28.0,5.0,12.0,4.0,0.0,61.0,48.0,21.0,43.0,42.0,27.0,12.0,5.0,5.0,32.0,19.0,47.0,118.0,34.0,228.0,1.0,2.0,48.0,9.0,1.0,6.0,184.0,9.0,1.0,56.0,1.0,264.0,0
3.0,48.0,4.0,2.0,14.0,14.0,45.0,14.0,38.0,7.0,12.0,0.0,0.0,61.0,40.0,21.0,41.0,40.0,27.0,12.0,5.0,2.0,32.0,19.0,47.0,118.0,34.0,230.0,1.0,2.0,40.0,0.0,1.0,11.0,184.0,9.0,2.0,56.0,1.0,264.0,0
3.0,50.0,4.0,2.0,14.0,14.0,45.0,15.0,38.0,7.0,12.0,0.0,0.0,61.0,50.0,21.0,51.0,42.0,27.0,12.0,5.0,5.0,32.0,19.0,47.0,118.0,34.0,231.0,1.0,2.0,50.0,1.0,1.0,11.0,184.0,9.0,14.0,56.0,1.0,264.0,0
4.0,48.0,3.0,2.0,14.0,14.0,42.0,2.0,20.0,4.0,12.0,0.0,0.0,61.0,40.0,21.0,43.0,42.0,15.0,12.0,4.0,87.0,3.0,19.0,47.0,105.0,34.0,199.0,1.0,2.0,40.0,7.0,0.0,4.0,184.0,9.0,87.0,120.0,1.0,264.0,0
3.0,61.0,4.0,2.0,14.0,15.0,45.0,18.0,28.0,9.0,14.0,0.0,0.0,61.0,40.0,13.0,43.0,42.0,27.0,1.0,5.0,5.0,32.0,19.0,62.0,118.0,34.0,292.0,0.0,2.0,61.0,9.0,1.0,15.0,141.0,4.0,15.0,56.0,1.0,179.0,0
3.0,48.0,4.0,2.0,39.0,14.0,45.0,0.0,8.0,1.0,12.0,0.0,0.0,61.0,40.0,38.0,43.0,42.0,27.0,11.0,5.0,40.0,32.0,19.0,41.0,118.0,34.0,112.0,0.0,2.0,40.0,9.0,1.0,24.0,107.0,4.0,40.0,56.0,1.0,218.0,0
2.0,48.0,4.0,2.0,14.0,14.0,45.0,5.0,28.0,0.0,12.0,2.0,0.0,61.0,40.0,21.0,43.0,42.0,19.0,12.0,2.0,5.0,32.0,19.0,47.0,118.0,34.0,2.0,1.0,2.0,35.0,9.0,0.0,0.0,184.0,9.0,6.0,56.0,1.0,264.0,0
3.0,48.0,2.0,2.0,14.0,14.0,45.0,3.0,0.0,0.0,12.0,0.0,0.0,61.0,44.0,21.0,46.0,42.0,6.0,12.0,3.0,5.0,32.0,19.0,47.0,118.0,34.0,4.0,1.0,2.0,44.0,8.0,0.0,0.0,184.0,9.0,20.0,56.0,1.0,264.0,0
2.0,48.0,4.0,2.0,14.0,14.0,45.0,5.0,28.0,0.0,12.0,2.0,0.0,61.0,40.0,21.0,43.0,42.0,9.0,12.0,2.0,5.0,32.0,19.0,47.0,118.0,34.0,1.0,1.0,2.0,35.0,9.0,0.0,0.0,184.0,9.0,6.0,56.0,1.0,264.0,0
3.0,48.0,4.0,2.0,14.0,14.0,45.0,4.0,28.0,1.0,12.0,1.0,0.0,61.0,40.0,21.0,43.0,42.0,27.0,12.0,5.0,5.0,32.0,19.0,47.0,118.0,34.0,114.0,1.0,2.0,44.0,9.0,1.0,4.0,184.0,9.0,1.0,56.0,1.0,264.0,0
4.0,48.0,4.0,2.0,14.0,14.0,45.0,7.0,28.0,1.0,12.0,3.0,0.0,61.0,40.0,21.0,43.0,42.0,17.0,12.0,4.0,5.0,32.0,9.0,47.0,118.0,34.0,249.0,1.0,2.0,35.0,9.0,0.0,13.0,184.0,9.0,6.0,56.0,1.0,264.0,0
3.0,48.0,2.0,2.0,14.0,14.0,45.0,8.0,60.0,3.0,12.0,0.0,0.0,61.0,44.0,21.0,46.0,42.0,6.0,12.0,3.0,5.0,32.0,19.0,47.0,118.0,34.0,338.0,1.0,2.0,44.0,8.0,0.0,22.0,184.0,9.0,19.0,56.0,1.0,264.0,0
0.0,46.0,4.0,2.0,14.0,31.0,45.0,9.0,20.0,4.0,12.0,0.0,10.0,61.0,46.0,28.0,43.0,42.0,27.0,7.0,0.0,5.0,32.0,19.0,47.0,118.0,34.0,189.0,0.0,2.0,46.0,9.0,0.0,4.0,184.0,6.0,31.0,56.0,1.0,151.0,0
1.0,48.0,4.0,2.0,14.0,14.0,45.0,6.0,28.0,5.0,12.0,0.0,0.0,61.0,40.0,21.0,43.0,42.0,1.0,12.0,1.0,1.0,32.0,19.0,47.0,118.0,34.0,228.0,1.0,2.0,40.0,9.0,0.0,6.0,184.0,9.0,1.0,56.0,1.0,264.0,0
3.0,48.0,4.0,2.0,14.0,14.0,45.0,19.0,28.0,4.0,12.0,6.0,0.0,63.0,40.0,21.0,43.0,42.0,13.0,12.0,3.0,5.0,32.0,19.0,47.0,118.0,34.0,339.0,1.0,2.0,40.0,9.0,0.0,34.0,184.0,9.0,14.0,56.0,1.0,264.0,0
1.0,48.0,4.0,2.0,14.0,14.0,45.0,13.0,28.0,1.0,12.0,6.0,0.0,61.0,40.0,21.0,34.0,42.0,4.0,12.0,1.0,5.0,32.0,19.0,47.0,118.0,34.0,339.0,1.0,1.0,34.0,2.0,0.0,13.0,184.0,9.0,14.0,56.0,0.0,264.0,0
3.0,48.0,4.0,2.0,14.0,14.0,45.0,12.0,28.0,0.0,12.0,5.0,0.0,61.0,40.0,21.0,34.0,42.0,27.0,12.0,5.0,5.0,32.0,19.0,47.0,118.0,34.0,5.0,1.0,2.0,34.0,0.0,1.0,0.0,184.0,9.0,32.0,56.0,1.0,264.0,0
4.0,48.0,4.0,2.0,14.0,14.0,45.0,7.0,28.0,1.0,12.0,3.0,0.0,61.0,40.0,21.0,43.0,42.0,17.0,12.0,4.0,5.0,32.0,9.0,47.0,118.0,34.0,249.0,1.0,2.0,35.0,9.0,0.0,13.0,184.0,9.0,6.0,56.0,1.0,264.0,0
3.0,48.0,2.0,2.0,14.0,14.0,45.0,8.0,60.0,3.0,12.0,0.0,0.0,61.0,44.0,21.0,46.0,42.0,6.0,12.0,3.0,5.0,32.0,19.0,47.0,118.0,34.0,338.0,1.0,2.0,44.0,8.0,0.0,22.0,184.0,9.0,19.0,56.0,1.0,264.0,0
0.0,46.0,4.0,2.0,14.0,35.0,45.0,9.0,20.0,4.0,12.0,0.0,10.0,61.0,46.0,32.0,43.0,42.0,27.0,9.0,0.0,5.0,32.0,19.0,47.0,118.0,34.0,195.0,0.0,2.0,46.0,9.0,0.0,4.0,184.0,6.0,35.0,56.0,1.0,132.0,0
3.0,48.0,4.0,2.0,4.0,14.0,45.0,0.0,8.0,1.0,12.0,0.0,0.0,61.0,40.0,3.0,43.0,42.0,27.0,8.0,5.0,5.0,32.0,19.0,41.0,118.0,34.0,7.0,0.0,2.0,40.0,9.0,1.0,24.0,1.0,0.0,5.0,56.0,1.0,74.0,0
3.0,48.0,4.0,2.0,12.0,13.0,45.0,18.0,28.0,9.0,12.0,0.0,0.0,61.0,40.0,11.0,43.0,42.0,27.0,0.0,5.0,5.0,32.0,19.0,49.0,118.0,34.0,281.0,0.0,2.0,48.0,9.0,1.0,15.0,130.0,4.0,13.0,56.0,1.0,75.0,0
3.0,48.0,4.0,2.0,37.0,14.0,45.0,0.0,8.0,1.0,12.0,0.0,0.0,61.0,40.0,36.0,43.0,42.0,27.0,10.0,5.0,38.0,32.0,19.0,41.0,118.0,34.0,51.0,0.0,2.0,40.0,9.0,1.0,24.0,46.0,4.0,38.0,56.0,1.0,22.0,0
3.0,50.0,4.0,2.0,12.0,13.0,45.0,18.0,28.0,9.0,12.0,0.0,0.0,61.0,40.0,11.0,43.0,42.0,27.0,0.0,5.0,5.0,32.0,19.0,51.0,118.0,34.0,275.0,0.0,2.0,50.0,9.0,1.0,15.0,124.0,4.0,13.0,56.0,1.0,68.0,0
3.0,48.0,4.0,2.0,25.0,14.0,45.0,0.0,8.0,1.0,12.0,0.0,0.0,61.0,40.0,24.0,43.0,42.0,27.0,5.0,5.0,26.0,32.0,19.0,41.0,118.0,34.0,17.0,0.0,2.0,40.0,9.0,1.0,24.0,12.0,0.0,26.0,56.0,1.0,231.0,0
3.0,48.0,4.0,2.0,20.0,21.0,45.0,18.0,28.0,9.0,20.0,0.0,0.0,61.0,40.0,19.0,43.0,42.0,27.0,2.0,5.0,5.0,32.0,19.0,49.0,118.0,34.0,325.0,0.0,2.0,48.0,9.0,1.0,15.0,174.0,7.0,21.0,56.0,1.0,254.0,0
0.0,48.0,1.0,0.0,14.0,14.0,41.0,10.0,30.0,6.0,12.0,0.0,0.0,61.0,40.0,21.0,43.0,42.0,0.0,12.0,0.0,2.0,32.0,19.0,47.0,118.0,34.0,229.0,1.0,2.0,40.0,9.0,0.0,9.0,184.0,9.0,2.0,56.0,1.0,264.0,0
3.0,50.0,4.0,2.0,14.0,1.0,45.0,11.0,28.0,5.0,12.0,4.0,0.0,61.0,50.0,21.0,43.0,42.0,27.0,12.0,5.0,5.0,32.0,19.0,47.0,118.0,34.0,228.0,1.0,2.0,50.0,9.0,1.0,6.0,184.0,9.0,1.0,56.0,1.0,264.0,0
3.0,48.0,4.0,2.0,14.0,14.0,45.0,14.0,38.0,7.0,12.0,0.0,0.0,61.0,40.0,21.0,41.0,40.0,27.0,12.0,5.0,2.0,32.0,19.0,47.0,118.0,34.0,230.0,1.0,2.0,40.0,0.0,1.0,11.0,184.0,9.0,2.0,56.0,1.0,264.0,0
3.0,48.0,4.0,2.0,14.0,14.0,45.0,15.0,38.0,7.0,12.0,0.0,0.0,61.0,48.0,21.0,49.0,42.0,27.0,12.0,5.0,5.0,32.0,19.0,47.0,118.0,34.0,231.0,1.0,2.0,48.0,1.0,1.0,11.0,184.0,9.0,14.0,56.0,1.0,264.0,0
4.0,48.0,3.0,2.0,14.0,14.0,42.0,2.0,20.0,4.0,12.0,0.0,0.0,61.0,40.0,21.0,43.0,42.0,15.0,12.0,4.0,100.0,17.0,19.0,47.0,118.0,34.0,213.0,1.0,2.0,40.0,7.0,0.0,4.0,184.0,9.0,100.0,133.0,1.0,264.0,0
3.0,61.0,4.0,2.0,14.0,15.0,45.0,18.0,28.0,9.0,14.0,0.0,0.0,61.0,40.0,13.0,43.0,42.0,27.0,1.0,5.0,5.0,32.0,19.0,62.0,118.0,34.0,287.0,0.0,2.0,61.0,9.0,1.0,15.0,136.0,4.0,15.0,56.0,1.0,172.0,0
3.0,48.0,4.0,2.0,14.0,14.0,45.0,16.0,48.0,9.0,12.0,0.0,0.0,61.0,44.0,21.0,43.0,42.0,27.0,12.0,5.0,1.0,32.0,19.0,47.0,118.0,34.0,258.0,1.0,2.0,44.0,9.0,1.0,15.0,184.0,9.0,1.0,56.0,1.0,264.0,0
0.0,48.0,0.0,1.0,14.0,19.0,49.0,17.0,58.0,11.0,12.0,0.0,0.0,61.0,48.0,21.0,56.0,42.0,0.0,12.0,0.0,5.0,32.0,19.0,47.0,118.0,54.0,337.0,1.0,0.0,48.0,7.0,0.0,19.0,184.0,9.0,19.0,56.0,1.0,264.0,0
3.0,48.0,4.0,2.0,39.0,14.0,45.0,0.0,8.0,1.0,12.0,0.0,0.0,61.0,42.0,38.0,43.0,42.0,27.0,11.0,5.0,40.0,32.0,19.0,43.0,118.0,34.0,90.0,0.0,2.0,42.0,9.0,1.0,24.0,85.0,4.0,40.0,56.0,1.0,168.0,0
1.0,48.0,4.0,2.0,14.0,14.0,45.0,6.0,28.0,5.0,12.0,0.0,0.0,61.0,40.0,21.0,43.0,42.0,1.0,12.0,1.0,1.0,32.0,19.0,47.0,118.0,34.0,228.0,1.0,2.0,40.0,9.0,0.0,6.0,184.0,9.0,1.0,56.0,1.0,264.0,0
4.0,48.0,4.0,2.0,14.0,14.0,45.0,7.0,28.0,1.0,12.0,3.0,0.0,61.0,40.0,21.0,43.0,42.0,19.0,12.0,4.0,5.0,32.0,11.0,47.0,118.0,34.0,252.0,1.0,2.0,35.0,9.0,0.0,13.0,184.0,9.0,6.0,56.0,1.0,264.0,0
3.0,48.0,2.0,2.0,14.0,14.0,45.0,8.0,60.0,3.0,12.0,0.0,0.0,61.0,44.0,21.0,46.0,42.0,6.0,12.0,3.0,5.0,32.0,19.0,47.0,118.0,34.0,338.0,1.0,2.0,44.0,8.0,0.0,22.0,184.0,9.0,19.0,56.0,1.0,264.0,0
3.0,46.0,4.0,2.0,14.0,30.0,45.0,9.0,20.0,4.0,12.0,0.0,0.0,61.0,46.0,28.0,43.0,42.0,27.0,7.0,5.0,5.0,32.0,19.0,47.0,118.0,34.0,132.0,0.0,2.0,46.0,9.0,1.0,4.0,184.0,0.0,30.0,56.0,1.0,124.0,0
1.0,48.0,4.0,2.0,14.0,14.0,45.0,6.0,28.0,5.0,12.0,0.0,0.0,61.0,40.0,21.0,43.0,42.0,1.0,12.0,1.0,1.0,32.0,19.0,47.0,118.0,34.0,228.0,1.0,2.0,40.0,9.0,0.0,6.0,184.0,9.0,1.0,56.0,1.0,264.0,0
3.0,48.0,4.0,2.0,14.0,14.0,45.0,19.0,28.0,4.0,12.0,6.0,0.0,60.0,40.0,21.0,43.0,42.0,10.0,12.0,3.0,5.0,32.0,19.0,47.0,118.0,34.0,339.0,1.0,2.0,40.0,9.0,0.0,34.0,184.0,9.0,14.0,56.0,1.0,264.0,0
1.0,48.0,4.0,2.0,14.0,14.0,45.0,13.0,28.0,1.0,12.0,6.0,0.0,61.0,40.0,21.0,34.0,42.0,4.0,12.0,1.0,5.0,32.0,19.0,47.0,118.0,34.0,339.0,1.0,1.0,34.0,2.0,0.0,13.0,184.0,9.0,14.0,56.0,0.0,264.0,0
3.0,48.0,4.0,2.0,14.0,14.0,45.0,12.0,28.0,0.0,12.0,5.0,0.0,61.0,40.0,21.0,34.0,42.0,27.0,12.0,5.0,5.0,32.0,19.0,47.0,118.0,34.0,5.0,1.0,2.0,34.0,0.0,1.0,0.0,184.0,9.0,32.0,56.0,1.0,264.0,0
4.0,48.0,4.0,2.0,14.0,14.0,45.0,7.0,28.0,1.0,12.0,3.0,0.0,61.0,40.0,21.0,43.0,42.0,19.0,12.0,4.0,5.0,32.0,11.0,47.0,118.0,34.0,252.0,1.0,2.0,35.0,9.0,0.0,13.0,184.0,9.0,6.0,56.0,1.0,264.0,0
3.0,48.0,2.0,2.0,14.0,14.0,45.0,8.0,60.0,3.0,12.0,0.0,0.0,61.0,44.0,21.0,46.0,42.0,6.0,12.0,3.0,5.0,32.0,19.0,47.0,118.0,34.0,338.0,1.0,2.0,44.0,8.0,0.0,22.0,184.0,9.0,19.0,56.0,1.0,264.0,0
3.0,46.0,4.0,2.0,14.0,34.0,45.0,9.0,20.0,4.0,12.0,0.0,0.0,61.0,46.0,32.0,43.0,42.0,27.0,9.0,5.0,5.0,32.0,19.0,47.0,118.0,34.0,175.0,0.0,2.0,46.0,9.0,1.0,4.0,184.0,0.0,34.0,56.0,1.0,130.0,0
0.0,48.0,1.0,0.0,14.0,14.0,41.0,10.0,30.0,6.0,12.0,0.0,0.0,61.0,40.0,21.0,43.0,42.0,0.0,12.0,0.0,2.0,32.0,19.0,47.0,118.0,34.0,229.0,1.0,2.0,40.0,9.0,0.0,9.0,184.0,9.0,2.0,56.0,1.0,264.0,0
3.0,48.0,4.0,2.0,14.0,1.0,45.0,11.0,28.0,5.0,12.0,4.0,0.0,61.0,48.0,21.0,43.0,42.0,27.0,12.0,5.0,5.0,32.0,19.0,47.0,118.0,34.0,228.0,1.0,2.0,48.0,9.0,1.0,6.0,184.0,9.0,1.0,56.0,1.0,264.0,0
3.0,48.0,4.0,2.0,14.0,14.0,45.0,14.0,38.0,7.0,12.0,0.0,0.0,61.0,44.0,21.0,45.0,44.0,27.0,12.0,5.0,2.0,32.0,19.0,47.0,118.0,34.0,230.0,1.0,2.0,44.0,0.0,1.0,11.0,184.0,9.0,2.0,56.0,1.0,264.0,0
3.0,50.0,4.0,2.0,14.0,14.0,45.0,15.0,38.0,7.0,12.0,0.0,0.0,61.0,50.0,21.0,51.0,42.0,27.0,12.0,5.0,5.0,32.0,19.0,47.0,118.0,34.0,231.0,1.0,2.0,50.0,1.0,1.0,11.0,184.0,9.0,14.0,56.0,1.0,264.0,0
4.0,48.0,3.0,2.0,14.0,14.0,42.0,2.0,20.0,4.0,12.0,0.0,0.0,61.0,40.0,21.0,43.0,42.0,15.0,12.0,4.0,87.0,0.0,19.0,47.0,105.0,34.0,196.0,1.0,2.0,40.0,7.0,0.0,4.0,184.0,9.0,87.0,120.0,1.0,264.0,0
3.0,61.0,4.0,2.0,14.0,15.0,45.0,18.0,28.0,9.0,14.0,0.0,0.0,61.0,40.0,13.0,43.0,42.0,27.0,1.0,5.0,5.0,32.0,19.0,62.0,118.0,34.0,302.0,0.0,2.0,61.0,9.0,1.0,15.0,151.0,4.0,15.0,56.0,1.0,201.0,0
3.0,48.0,4.0,2.0,39.0,14.0,45.0,0.0,8.0,1.0,12.0,0.0,0.0,61.0,40.0,38.0,43.0,42.0,27.0,11.0,5.0,40.0,32.0,19.0,41.0,118.0,34.0,87.0,0.0,2.0,40.0,9.0,1.0,24.0,82.0,4.0,40.0,56.0,1.0,163.0,0
1.0,48.0,4.0,2.0,14.0,14.0,45.0,6.0,28.0,5.0,12.0,0.0,0.0,61.0,40.0,21.0,43.0,42.0,1.0,12.0,1.0,1.0,32.0,19.0,47.0,118.0,34.0,228.0,1.0,2.0,40.0,9.0,0.0,6.0,184.0,9.0,1.0,56.0,1.0,264.0,0
4.0,48.0,4.0,2.0,14.0,14.0,45.0,7.0,28.0,1.0,12.0,3.0,0.0,61.0,40.0,21.0,43.0,42.0,19.0,12.0,4.0,5.0,32.0,11.0,47.0,118.0,34.0,252.0,1.0,2.0,35.0,9.0,0.0,13.0,184.0,9.0,6.0,56.0,1.0,264.0,0
3.0,48.0,2.0,2.0,14.0,14.0,45.0,8.0,60.0,3.0,12.0,0.0,0.0,61.0,44.0,21.0,46.0,42.0,6.0,12.0,3.0,5.0,32.0,19.0,47.0,118.0,34.0,338.0,1.0,2.0,44.0,8.0,0.0,22.0,184.0,9.0,19.0,56.0,1.0,264.0,0
3.0,46.0,4.0,2.0,14.0,30.0,45.0,9.0,20.0,4.0,12.0,0.0,0.0,61.0,46.0,28.0,43.0,42.0,27.0,7.0,5.0,5.0,32.0,19.0,47.0,118.0,34.0,140.0,0.0,2.0,46.0,9.0,1.0,4.0,184.0,0.0,30.0,56.0,1.0,143.0,0
1.0,48.0,4.0,2.0,14.0,14.0,45.0,6.0,28.0,5.0,12.0,0.0,0.0,61.0,40.0,21.0,43.0,42.0,1.0,12.0,1.0,1.0,32.0,19.0,47.0,118.0,34.0,228.0,1.0,2.0,40.0,9.0,0.0,6.0,184.0,9.0,1.0,56.0,1.0,264.0,0
3.0,48.0,4.0,2.0,14.0,14.0,45.0,19.0,28.0,4.0,12.0,6.0,0.0,61.0,40.0,21.0,43.0,42.0,11.0,12.0,3.0,5.0,32.0,19.0,47.0,118.0,34.0,339.0,1.0,2.0,40.0,9.0,0.0,34.0,184.0,9.0,14.0,56.0,1.0,264.0,0
1.0,48.0,4.0,2.0,14.0,14.0,45.0,13.0,28.0,1.0,12.0,6.0,0.0,61.0,40.0,21.0,34.0,42.0,4.0,12.0,1.0,5.0,32.0,19.0,47.0,118.0,34.0,339.0,1.0,1.0,34.0,2.0,0.0,13.0,184.0,9.0,14.0,56.0,0.0,264.0,0
3.0,48.0,4.0,2.0,14.0,14.0,45.0,12.0,28.0,0.0,12.0,5.0,0.0,61.0,40.0,21.0,34.0,42.0,27.0,12.0,5.0,5.0,32.0,19.0,47.0,118.0,34.0,5.0,1.0,2.0,34.0,0.0,1.0,0.0,184.0,9.0,32.0,56.0,1.0,264.0,0
4.0,48.0,4.0,2.0,14.0,14.0,45.0,7.0,28.0,1.0,12.0,3.0,0.0,61.0,40.0,21.0,43.0,42.0,19.0,12.0,4.0,5.0,32.0,11.0,47.0,118.0,34.0,252.0,1.0,2.0,35.0,9.0,0.0,13.0,184.0,9.0,6.0,56.0,1.0,264.0,0
3.0,48.0,2.0,2.0,14.0,14.0,45.0,8.0,60.0,3.0,12.0,0.0,0.0,61.0,44.0,21.0,46.0,42.0,6.0,12.0,3.0,5.0,32.0,19.0,47.0,118.0,34.0,338.0,1.0,2.0,44.0,8.0,0.0,22.0,184.0,9.0,19.0,56.0,1.0,264.0,0
3.0,46.0,4.0,2.0,14.0,34.0,45.0,9.0,20.0,4.0,12.0,0.0,0.0,61.0,46.0,32.0,43.0,42.0,27.0,9.0,5.0,5.0,32.0,19.0,47.0,118.0,34.0,149.0,0.0,2.0,46.0,9.0,1.0,4.0,184.0,0.0,34.0,56.0,1.0,84.0,0
3.0,48.0,4.0,2.0,4.0,14.0,45.0,0.0,8.0,1.0,12.0,0.0,0.0,61.0,40.0,3.0,43.0,42.0,27.0,8.0,5.0,5.0,32.0,19.0,41.0,118.0,34.0,7.0,0.0,2.0,40.0,9.0,1.0,24.0,1.0,0.0,5.0,56.0,1.0,74.0,0
3.0,48.0,4.0,2.0,12.0,13.0,45.0,18.0,28.0,9.0,12.0,0.0,0.0,61.0,40.0,11.0,43.0,42.0,27.0,0.0,5.0,5.0,32.0,19.0,49.0,118.0,34.0,281.0,0.0,2.0,48.0,9.0,1.0,15.0,130.0,4.0,13.0,56.0,1.0,75.0,0
3.0,48.0,4.0,2.0,37.0,14.0,45.0,0.0,8.0,1.0,12.0,0.0,0.0,61.0,40.0,36.0,43.0,42.0,27.0,10.0,5.0,38.0,32.0,19.0,41.0,118.0,34.0,39.0,0.0,2.0,40.0,9.0,1.0,24.0,34.0,4.0,38.0,56.0,1.0,10.0,0
3.0,50.0,4.0,2.0,12.0,13.0,45.0,18.0,28.0,9.0,12.0,0.0,0.0,61.0,40.0,11.0,43.0,42.0,27.0,0.0,5.0,5.0,32.0,19.0,51.0,118.0,34.0,260.0,0.0,2.0,50.0,9.0,1.0,15.0,109.0,4.0,13.0,56.0,1.0,53.0,0
3.0,48.0,4.0,2.0,25.0,14.0,45.0,0.0,8.0,1.0,12.0,0.0,0.0,61.0,40.0,24.0,43.0,42.0,27.0,5.0,5.0,26.0,32.0,19.0,41.0,118.0,34.0,21.0,0.0,2.0,40.0,9.0,1.0,24.0,16.0,0.0,26.0,56.0,1.0,235.0,0
3.0,48.0,4.0,2.0,20.0,21.0,45.0,18.0,28.0,9.0,20.0,0.0,0.0,61.0,40.0,19.0,43.0,42.0,27.0,2.0,5.0,5.0,32.0,19.0,49.0,118.0,34.0,329.0,0.0,2.0,48.0,9.0,1.0,15.0,178.0,7.0,21.0,56.0,1.0,258.0,0
0.0,48.0,1.0,0.0,14.0,14.0,41.0,10.0,30.0,6.0,12.0,0.0,0.0,61.0,40.0,21.0,43.0,42.0,0.0,12.0,0.0,2.0,32.0,19.0,47.0,118.0,34.0,229.0,1.0,2.0,40.0,9.0,0.0,9.0,184.0,9.0,2.0,56.0,1.0,264.0,0
3.0,50.0,4.0,2.0,14.0,1.0,45.0,11.0,28.0,5.0,12.0,4.0,0.0,61.0,50.0,21.0,43.0,42.0,27.0,12.0,5.0,5.0,32.0,19.0,47.0,118.0,34.0,228.0,1.0,2.0,50.0,9.0,1.0,6.0,184.0,9.0,1.0,56.0,1.0,264.0,0
3.0,48.0,4.0,2.0,14.0,14.0,45.0,14.0,38.0,7.0,12.0,0.0,0.0,61.0,44.0,21.0,45.0,44.0,27.0,12.0,5.0,2.0,32.0,19.0,47.0,118.0,34.0,230.0,1.0,2.0,44.0,0.0,1.0,11.0,184.0,9.0,2.0,56.0,1.0,264.0,0
3.0,48.0,4.0,2.0,14.0,14.0,45.0,15.0,38.0,7.0,12.0,0.0,0.0,61.0,48.0,21.0,49.0,42.0,27.0,12.0,5.0,5.0,32.0,19.0,47.0,118.0,34.0,231.0,1.0,2.0,48.0,1.0,1.0,11.0,184.0,9.0,14.0,56.0,1.0,264.0,0
4.0,48.0,3.0,2.0,14.0,14.0,42.0,2.0,20.0,4.0,12.0,0.0,0.0,61.0,40.0,21.0,43.0,42.0,15.0,12.0,4.0,100.0,28.0,19.0,47.0,118.0,34.0,224.0,1.0,2.0,40.0,7.0,0.0,4.0,184.0,9.0,100.0,133.0,1.0,264.0,0
3.0,61.0,4.0,2.0,14.0,15.0,45.0,18.0,28.0,9.0,14.0,0.0,0.0,61.0,40.0,13.0,43.0,42.0,27.0,1.0,5.0,5.0,32.0,19.0,62.0,118.0,34.0,282.0,0.0,2.0,61.0,9.0,1.0,15.0,131.0,4.0,15.0,56.0,1.0,157.0,0
3.0,48.0,4.0,2.0,39.0,14.0,45.0,0.0,8.0,1.0,12.0,0.0,0.0,61.0,40.0,38.0,43.0,42.0,27.0,11.0,5.0,40.0,32.0,19.0,41.0,118.0,34.0,110.0,0.0,2.0,40.0,9.0,1.0,24.0,105.0,4.0,40.0,56.0,1.0,216.0,0
2.0,48.0,4.0,2.0,14.0,14.0,45.0,5.0,28.0,0.0,12.0,2.0,0.0,61.0,40.0,21.0,43.0,42.0,20.0,12.0,2.0,5.0,32.0,19.0,47.0,118.0,34.0,3.0,1.0,2.0,35.0,9.0,0.0,0.0,184.0,9.0,6.0,56.0,1.0,264.0,0
3.0,48.0,4.0,2.0,14.0,14.0,45.0,4.0,28.0,1.0,12.0,1.0,0.0,61.0,40.0,21.0,43.0,42.0,27.0,12.0,5.0,5.0,32.0,19.0,47.0,118.0,34.0,114.0,1.0,2.0,44.0,9.0,1.0,4.0,184.0,9.0,1.0,56.0,1.0,264.0,0
4.0,48.0,4.0,2.0,14.0,14.0,45.0,7.0,28.0,1.0,12.0,3.0,0.0,61.0,40.0,21.0,43.0,42.0,5.0,12.0,4.0,5.0,32.0,3.0,47.0,118.0,34.0,244.0,1.0,2.0,35.0,9.0,0.0,13.0,184.0,9.0,6.0,56.0,1.0,264.0,0
3.0,48.0,2.0,2.0,14.0,14.0,45.0,8.0,60.0,3.0,12.0,0.0,0.0,61.0,44.0,21.0,46.0,42.0,6.0,12.0,3.0,5.0,32.0,19.0,47.0,118.0,34.0,338.0,1.0,2.0,44.0,8.0,0.0,22.0,184.0,9.0,19.0,56.0,1.0,264.0,0
0.0,46.0,4.0,2.0,14.0,31.0,45.0,9.0,20.0,4.0,12.0,0.0,10.0,61.0,46.0,28.0,43.0,42.0,27.0,7.0,0.0,5.0,32.0,19.0,47.0,118.0,34.0,187.0,0.0,2.0,46.0,9.0,0.0,4.0,184.0,6.0,31.0,56.0,1.0,133.0,0
1.0,48.0,4.0,2.0,14.0,14.0,45.0,6.0,28.0,5.0,12.0,0.0,0.0,61.0,40.0,21.0,43.0,42.0,1.0,12.0,1.0,1.0,32.0,19.0,47.0,118.0,34.0,228.0,1.0,2.0,40.0,9.0,0.0,6.0,184.0,9.0,1.0,56.0,1.0,264.0,0
3.0,48.0,4.0,2.0,14.0,14.0,45.0,19.0,28.0,4.0,12.0,6.0,0.0,61.0,40.0,21.0,43.0,42.0,11.0,12.0,3.0,5.0,32.0,19.0,47.0,118.0,34.0,339.0,1.0,2.0,40.0,9.0,0.0,34.0,184.0,9.0,14.0,56.0,1.0,264.0,0
1.0,48.0,4.0,2.0,14.0,14.0,45.0,13.0,28.0,1.0,12.0,6.0,0.0,61.0,40.0,21.0,34.0,42.0,4.0,12.0,1.0,5.0,32.0,19.0,47.0,118.0,34.0,339.0,1.0,0.0,34.0,2.0,0.0,13.0,184.0,9.0,14.0,56.0,0.0,264.0,0
3.0,48.0,4.0,2.0,14.0,14.0,45.0,12.0,28.0,0.0,12.0,5.0,0.0,61.0,40.0,21.0,34.0,42.0,27.0,12.0,5.0,5.0,32.0,19.0,47.0,118.0,34.0,5.0,1.0,2.0,34.0,0.0,1.0,0.0,184.0,9.0,32.0,56.0,1.0,264.0,0
4.0,48.0,4.0,2.0,14.0,14.0,45.0,7.0,28.0,1.0,12.0,3.0,0.0,61.0,40.0,21.0,43.0,42.0,5.0,12.0,4.0,5.0,32.0,3.0,47.0,118.0,34.0,244.0,1.0,2.0,35.0,9.0,0.0,13.0,184.0,9.0,6.0,56.0,1.0,264.0,0
3.0,48.0,2.0,2.0,14.0,14.0,45.0,8.0,60.0,3.0,12.0,0.0,0.0,61.0,44.0,21.0,46.0,42.0,6.0,12.0,3.0,5.0,32.0,19.0,47.0,118.0,34.0,338.0,1.0,2.0,44.0,8.0,0.0,22.0,184.0,9.0,19.0,56.0,1.0,264.0,0
0.0,46.0,4.0,2.0,14.0,35.0,45.0,9.0,20.0,4.0,12.0,0.0,10.0,61.0,46.0,32.0,43.0,42.0,27.0,9.0,0.0,5.0,32.0,19.0,47.0,118.0,34.0,194.0,0.0,2.0,46.0,9.0,0.0,4.0,184.0,6.0,35.0,56.0,1.0,119.0,0
3.0,48.0,4.0,2.0,4.0,14.0,45.0,0.0,8.0,1.0,12.0,0.0,0.0,61.0,40.0,3.0,43.0,42.0,27.0,8.0,5.0,5.0,32.0,19.0,41.0,118.0,34.0,7.0,0.0,2.0,40.0,9.0,1.0,24.0,1.0,0.0,5.0,56.0,1.0,74.0,0
3.0,48.0,4.0,2.0,12.0,13.0,45.0,18.0,28.0,9.0,12.0,0.0,0.0,61.0,40.0,11.0,43.0,42.0,27.0,0.0,5.0,5.0,32.0,19.0,49.0,118.0,34.0,281.0,0.0,2.0,48.0,9.0,1.0,15.0,130.0,4.0,13.0,56.0,1.0,75.0,0
3.0,48.0,4.0,2.0,37.0,14.0,45.0,0.0,8.0,1.0,12.0,0.0,0.0,61.0,40.0,36.0,43.0,42.0,27.0,10.0,5.0,38.0,32.0,19.0,41.0,118.0,34.0,80.0,0.0,2.0,40.0,9.0,1.0,24.0,75.0,4.0,38.0,56.0,1.0,51.0,0
3.0,50.0,4.0,2.0,12.0,13.0,45.0,18.0,28.0,9.0,12.0,0.0,0.0,61.0,40.0,11.0,43.0,42.0,27.0,0.0,5.0,5.0,32.0,19.0,51.0,118.0,34.0,264.0,0.0,2.0,50.0,9.0,1.0,15.0,113.0,4.0,13.0,56.0,1.0,57.0,0
3.0,48.0,4.0,2.0,25.0,14.0,45.0,0.0,8.0,1.0,12.0,0.0,0.0,61.0,40.0,24.0,43.0,42.0,27.0,5.0,5.0,26.0,32.0,19.0,41.0,118.0,34.0,8.0,0.0,2.0,40.0,9.0,1.0,24.0,3.0,0.0,26.0,56.0,1.0,222.0,0
3.0,48.0,4.0,2.0,20.0,21.0,45.0,18.0,28.0,9.0,20.0,0.0,0.0,61.0,40.0,19.0,43.0,42.0,27.0,2.0,5.0,5.0,32.0,19.0,49.0,118.0,34.0,323.0,0.0,2.0,48.0,9.0,1.0,15.0,172.0,7.0,21.0,56.0,1.0,252.0,0
0.0,48.0,1.0,0.0,14.0,14.0,41.0,10.0,30.0,6.0,12.0,0.0,0.0,61.0,40.0,21.0,43.0,42.0,0.0,12.0,0.0,2.0,32.0,19.0,47.0,118.0,34.0,229.0,1.0,2.0,40.0,9.0,0.0,9.0,184.0,9.0,2.0,56.0,1.0,264.0,0
3.0,50.0,4.0,2.0,14.0,1.0,45.0,11.0,28.0,5.0,12.0,4.0,0.0,61.0,50.0,21.0,43.0,42.0,27.0,12.0,5.0,5.0,32.0,19.0,47.0,118.0,34.0,228.0,1.0,2.0,50.0,9.0,1.0,6.0,184.0,9.0,1.0,56.0,1.0,264.0,0
3.0,48.0,4.0,2.0,14.0,14.0,45.0,14.0,38.0,7.0,12.0,0.0,0.0,61.0,44.0,21.0,45.0,44.0,27.0,12.0,5.0,2.0,32.0,19.0,47.0,118.0,34.0,230.0,1.0,2.0,44.0,0.0,1.0,11.0,184.0,9.0,2.0,56.0,1.0,264.0,0
3.0,48.0,4.0,2.0,14.0,14.0,45.0,15.0,38.0,7.0,12.0,0.0,0.0,61.0,48.0,21.0,49.0,42.0,27.0,12.0,5.0,5.0,32.0,19.0,47.0,118.0,34.0,231.0,1.0,2.0,48.0,1.0,1.0,11.0,184.0,9.0,14.0,56.0,1.0,264.0,0
4.0,48.0,3.0,2.0,14.0,14.0,42.0,2.0,20.0,4.0,12.0,0.0,0.0,61.0,40.0,21.0,43.0,42.0,15.0,12.0,4.0,100.0,31.0,19.0,47.0,118.0,34.0,227.0,1.0,2.0,40.0,7.0,0.0,4.0,184.0,9.0,100.0,133.0,1.0,264.0,0
3.0,61.0,4.0,2.0,14.0,15.0,45.0,18.0,28.0,9.0,14.0,0.0,0.0,61.0,40.0,13.0,43.0,42.0,27.0,1.0,5.0,5.0,32.0,19.0,62.0,118.0,34.0,310.0,0.0,2.0,61.0,9.0,1.0,15.0,159.0,4.0,15.0,56.0,1.0,211.0,0
3.0,48.0,4.0,2.0,14.0,14.0,45.0,16.0,48.0,9.0,12.0,0.0,0.0,61.0,44.0,21.0,43.0,42.0,27.0,12.0,5.0,1.0,32.0,19.0,47.0,118.0,34.0,258.0,1.0,2.0,44.0,9.0,1.0,15.0,184.0,9.0,1.0,56.0,1.0,264.0,0
0.0,48.0,0.0,1.0,14.0,19.0,49.0,17.0,58.0,11.0,12.0,0.0,0.0,61.0,48.0,21.0,56.0,42.0,0.0,12.0,0.0,5.0,32.0,19.0,47.0,118.0,54.0,336.0,1.0,1.0,48.0,7.0,0.0,19.0,184.0,9.0,19.0,56.0,1.0,264.0,0
3.0,48.0,4.0,2.0,39.0,14.0,45.0,0.0,8.0,1.0,12.0,0.0,0.0,61.0,42.0,38.0,43.0,42.0,27.0,11.0,5.0,40.0,32.0,19.0,43.0,118.0,34.0,83.0,0.0,2.0,42.0,9.0,1.0,24.0,78.0,4.0,40.0,56.0,1.0,158.0,0
1.0,48.0,4.0,2.0,14.0,14.0,45.0,6.0,28.0,5.0,12.0,0.0,0.0,61.0,40.0,21.0,43.0,42.0,1.0,12.0,1.0,1.0,32.0,19.0,47.0,118.0,34.0,228.0,1.0,2.0,40.0,9.0,0.0,6.0,184.0,9.0,1.0,56.0,1.0,264.0,0
4.0,48.0,4.0,2.0,14.0,14.0,45.0,7.0,28.0,1.0,12.0,3.0,0.0,61.0,40.0,21.0,43.0,42.0,25.0,12.0,4.0,5.0,32.0,17.0,47.0,118.0,34.0,245.0,1.0,2.0,35.0,9.0,0.0,13.0,184.0,9.0,6.0,56.0,1.0,264.0,0
3.0,48.0,2.0,2.0,14.0,14.0,45.0,8.0,60.0,3.0,12.0,0.0,0.0,61.0,44.0,21.0,46.0,42.0,6.0,12.0,3.0,5.0,32.0,19.0,47.0,118.0,34.0,338.0,1.0,2.0,44.0,8.0,0.0,22.0,184.0,9.0,19.0,56.0,1.0,264.0,0
3.0,46.0,4.0,2.0,14.0,30.0,45.0,9.0,20.0,4.0,12.0,0.0,0.0,61.0,46.0,28.0,43.0,42.0,27.0,7.0,5.0,5.0,32.0,19.0,47.0,118.0,34.0,123.0,0.0,2.0,46.0,9.0,1.0,4.0,184.0,0.0,30.0,56.0,1.0,90.0,0
1.0,48.0,4.0,2.0,14.0,14.0,45.0,6.0,28.0,5.0,12.0,0.0,0.0,61.0,40.0,21.0,43.0,42.0,1.0,12.0,1.0,1.0,32.0,19.0,47.0,118.0,34.0,228.0,1.0,2.0,40.0,9.0,0.0,6.0,184.0,9.0,1.0,56.0,1.0,264.0,0
3.0,48.0,4.0,2.0,14.0,14.0,45.0,19.0,28.0,4.0,12.0,6.0,0.0,61.0,40.0,21.0,43.0,42.0,11.0,12.0,3.0,5.0,32.0,19.0,47.0,118.0,34.0,339.0,1.0,2.0,40.0,9.0,0.0,34.0,184.0,9.0,14.0,56.0,1.0,264.0,0
1.0,48.0,4.0,2.0,14.0,14.0,45.0,13.0,28.0,1.0,12.0,6.0,0.0,61.0,40.0,21.0,34.0,42.0,4.0,12.0,1.0,5.0,32.0,19.0,47.0,118.0,34.0,339.0,1.0,1.0,34.0,2.0,0.0,13.0,184.0,9.0,14.0,56.0,0.0,264.0,0
3.0,48.0,4.0,2.0,14.0,14.0,45.0,12.0,28.0,0.0,12.0,5.0,0.0,61.0,40.0,21.0,34.0,42.0,27.0,12.0,5.0,5.0,32.0,19.0,47.0,118.0,34.0,5.0,1.0,2.0,34.0,0.0,1.0,0.0,184.0,9.0,32.0,56.0,1.0,264.0,0
4.0,48.0,4.0,2.0,14.0,14.0,45.0,7.0,28.0,1.0,12.0,3.0,0.0,61.0,40.0,21.0,43.0,42.0,25.0,12.0,4.0,5.0,32.0,17.0,47.0,118.0,34.0,245.0,1.0,2.0,35.0,9.0,0.0,13.0,184.0,9.0,6.0,56.0,1.0,264.0,0
3.0,48.0,2.0,2.0,14.0,14.0,45.0,8.0,60.0,3.0,12.0,0.0,0.0,61.0,44.0,21.0,46.0,42.0,6.0,12.0,3.0,5.0,32.0,19.0,47.0,118.0,34.0,338.0,1.0,2.0,44.0,8.0,0.0,22.0,184.0,9.0,19.0,56.0,1.0,264.0,0
3.0,46.0,4.0,2.0,14.0,34.0,45.0,9.0,20.0,4.0,12.0,0.0,0.0,61.0,46.0,32.0,43.0,42.0,27.0,9.0,5.0,5.0,32.0,19.0,47.0,118.0,34.0,168.0,0.0,2.0,46.0,9.0,1.0,4.0,184.0,0.0,34.0,56.0,1.0,116.0,0
3.0,48.0,4.0,2.0,4.0,14.0,45.0,0.0,8.0,1.0,12.0,0.0,0.0,61.0,40.0,3.0,43.0,42.0,27.0,8.0,5.0,5.0,32.0,19.0,41.0,118.0,34.0,7.0,0.0,2.0,40.0,9.0,1.0,24.0,1.0,0.0,5.0,56.0,1.0,74.0,0
3.0,48.0,4.0,2.0,12.0,13.0,45.0,18.0,28.0,9.0,12.0,0.0,0.0,61.0,40.0,11.0,43.0,42.0,27.0,0.0,5.0,5.0,32.0,19.0,49.0,118.0,34.0,281.0,0.0,2.0,48.0,9.0,1.0,15.0,130.0,4.0,13.0,56.0,1.0,75.0,0
3.0,48.0,4.0,2.0,37.0,14.0,45.0,0.0,8.0,1.0,12.0,0.0,0.0,61.0,40.0,36.0,43.0,42.0,27.0,10.0,5.0,38.0,32.0,19.0,41.0,118.0,34.0,42.0,0.0,2.0,40.0,9.0,1.0,24.0,37.0,4.0,38.0,56.0,1.0,13.0,0
3.0,50.0,4.0,2.0,12.0,13.0,45.0,18.0,28.0,9.0,12.0,0.0,0.0,61.0,40.0,11.0,43.0,42.0,27.0,0.0,5.0,5.0,32.0,19.0,51.0,118.0,34.0,269.0,0.0,2.0,50.0,9.0,1.0,15.0,118.0,4.0,13.0,56.0,1.0,62.0,0
3.0,48.0,4.0,2.0,25.0,14.0,45.0,0.0,8.0,1.0,12.0,0.0,0.0,61.0,40.0,24.0,43.0,42.0,27.0,5.0,5.0,26.0,32.0,19.0,41.0,118.0,34.0,15.0,0.0,2.0,40.0,9.0,1.0,24.0,10.0,0.0,26.0,56.0,1.0,229.0,0
3.0,48.0,4.0,2.0,20.0,21.0,45.0,18.0,28.0,9.0,20.0,0.0,0.0,61.0,40.0,19.0,43.0,42.0,27.0,2.0,5.0,5.0,32.0,19.0,49.0,118.0,34.0,333.0,0.0,2.0,48.0,9.0,1.0,15.0,182.0,7.0,21.0,56.0,1.0,262.0,0
0.0,48.0,1.0,0.0,14.0,14.0,41.0,10.0,30.0,6.0,12.0,0.0,0.0,61.0,40.0,21.0,43.0,42.0,0.0,12.0,0.0,2.0,32.0,19.0,47.0,118.0,34.0,229.0,1.0,2.0,40.0,9.0,0.0,9.0,184.0,9.0,2.0,56.0,1.0,264.0,0
3.0,50.0,4.0,2.0,14.0,1.0,45.0,11.0,28.0,5.0,12.0,4.0,0.0,61.0,50.0,21.0,43.0,42.0,27.0,12.0,5.0,5.0,32.0,19.0,47.0,118.0,34.0,228.0,1.0,2.0,50.0,9.0,1.0,6.0,184.0,9.0,1.0,56.0,1.0,264.0,0
3.0,48.0,4.0,2.0,14.0,14.0,45.0,14.0,38.0,7.0,12.0,0.0,0.0,61.0,44.0,21.0,45.0,44.0,27.0,12.0,5.0,2.0,32.0,19.0,47.0,118.0,34.0,230.0,1.0,2.0,44.0,0.0,1.0,11.0,184.0,9.0,2.0,56.0,1.0,264.0,0
3.0,48.0,4.0,2.0,14.0,14.0,45.0,15.0,38.0,7.0,12.0,0.0,0.0,61.0,48.0,21.0,49.0,42.0,27.0,12.0,5.0,5.0,32.0,19.0,47.0,118.0,34.0,231.0,1.0,2.0,48.0,1.0,1.0,11.0,184.0,9.0,14.0,56.0,1.0,264.0,0
4.0,48.0,3.0,2.0,14.0,14.0,42.0,2.0,20.0,4.0,12.0,0.0,0.0,61.0,40.0,21.0,43.0,42.0,15.0,12.0,4.0,100.0,20.0,19.0,47.0,118.0,34.0,216.0,1.0,2.0,40.0,7.0,0.0,4.0,184.0,9.0,100.0,133.0,1.0,264.0,0
3.0,61.0,4.0,2.0,14.0,15.0,45.0,18.0,28.0,9.0,14.0,0.0,0.0,61.0,40.0,13.0,43.0,42.0,27.0,1.0,5.0,5.0,32.0,19.0,62.0,118.0,34.0,305.0,0.0,2.0,61.0,9.0,1.0,15.0,154.0,4.0,15.0,56.0,1.0,205.0,0
3.0,48.0,4.0,2.0,39.0,14.0,45.0,0.0,8.0,1.0,12.0,0.0,0.0,61.0,42.0,38.0,43.0,42.0,27.0,11.0,5.0,40.0,32.0,19.0,43.0,118.0,34.0,85.0,0.0,2.0,42.0,9.0,1.0,24.0,80.0,4.0,40.0,56.0,1.0,160.0,0
1.0,48.0,4.0,2.0,14.0,14.0,45.0,6.0,28.0,5.0,12.0,0.0,0.0,61.0,40.0,21.0,43.0,42.0,1.0,12.0,1.0,1.0,32.0,19.0,47.0,118.0,34.0,228.0,1.0,2.0,40.0,9.0,0.0,6.0,184.0,9.0,1.0,56.0,1.0,264.0,0
4.0,48.0,4.0,2.0,14.0,14.0,45.0,7.0,28.0,1.0,12.0,3.0,0.0,61.0,40.0,21.0,43.0,42.0,3.0,12.0,4.0,5.0,32.0,1.0,47.0,118.0,34.0,253.0,1.0,2.0,35.0,9.0,0.0,13.0,184.0,9.0,6.0,56.0,1.0,264.0,0
3.0,48.0,2.0,2.0,14.0,14.0,45.0,8.0,60.0,3.0,12.0,0.0,0.0,61.0,44.0,21.0,46.0,42.0,6.0,12.0,3.0,5.0,32.0,19.0,47.0,118.0,34.0,338.0,1.0,2.0,44.0,8.0,0.0,22.0,184.0,9.0,19.0,56.0,1.0,264.0,0
3.0,46.0,4.0,2.0,14.0,30.0,45.0,9.0,20.0,4.0,12.0,0.0,0.0,61.0,46.0,28.0,43.0,42.0,27.0,7.0,5.0,5.0,32.0,19.0,47.0,118.0,34.0,124.0,0.0,2.0,46.0,9.0,1.0,4.0,184.0,0.0,30.0,56.0,1.0,92.0,0
1.0,48.0,4.0,2.0,14.0,14.0,45.0,6.0,28.0,5.0,12.0,0.0,0.0,61.0,40.0,21.0,43.0,42.0,1.0,12.0,1.0,1.0,32.0,19.0,47.0,118.0,34.0,228.0,1.0,2.0,40.0,9.0,0.0,6.0,184.0,9.0,1.0,56.0,1.0,264.0,0
3.0,48.0,4.0,2.0,14.0,14.0,45.0,19.0,28.0,4.0,12.0,6.0,0.0,63.0,40.0,21.0,43.0,42.0,13.0,12.0,3.0,5.0,32.0,19.0,47.0,118.0,34.0,339.0,1.0,2.0,40.0,9.0,0.0,34.0,184.0,9.0,14.0,56.0,1.0,264.0,0
1.0,48.0,4.0,2.0,14.0,14.0,45.0,13.0,28.0,1.0,12.0,6.0,0.0,61.0,40.0,21.0,34.0,42.0,4.0,12.0,1.0,5.0,32.0,19.0,47.0,118.0,34.0,339.0,1.0,0.0,34.0,2.0,0.0,13.0,184.0,9.0,14.0,56.0,0.0,264.0,0
3.0,48.0,4.0,2.0,14.0,14.0,45.0,12.0,28.0,0.0,12.0,5.0,0.0,61.0,40.0,21.0,34.0,42.0,27.0,12.0,5.0,5.0,32.0,19.0,47.0,118.0,34.0,5.0,1.0,2.0,34.0,0.0,1.0,0.0,184.0,9.0,32.0,56.0,1.0,264.0,0
4.0,48.0,4.0,2.0,14.0,14.0,45.0,7.0,28.0,1.0,12.0,3.0,0.0,61.0,40.0,21.0,43.0,42.0,3.0,12.0,4.0,5.0,32.0,1.0,47.0,118.0,34.0,253.0,1.0,2.0,35.0,9.0,0.0,13.0,184.0,9.0,6.0,56.0,1.0,264.0,0
3.0,48.0,2.0,2.0,14.0,14.0,45.0,8.0,60.0,3.0,12.0,0.0,0.0,61.0,44.0,21.0,46.0,42.0,6.0,12.0,3.0,5.0,32.0,19.0,47.0,118.0,34.0,338.0,1.0,2.0,44.0,8.0,0.0,22.0,184.0,9.0,19.0,56.0,1.0,264.0,0
3.0,46.0,4.0,2.0,14.0,34.0,45.0,9.0,20.0,4.0,12.0,0.0,0.0,61.0,46.0,32.0,43.0,42.0,27.0,9.0,5.0,5.0,32.0,19.0,47.0,118.0,34.0,185.0,0.0,2.0,46.0,9.0,1.0,4.0,184.0,0.0,34.0,56.0,1.0,155.0,0
3.0,48.0,4.0,2.0,4.0,14.0,45.0,0.0,8.0,1.0,12.0,0.0,0.0,61.0,40.0,3.0,43.0,42.0,27.0,8.0,5.0,5.0,32.0,19.0,41.0,118.0,34.0,7.0,0.0,2.0,40.0,9.0,1.0,24.0,1.0,0.0,5.0,56.0,1.0,74.0,0
3.0,48.0,4.0,2.0,12.0,13.0,45.0,18.0,28.0,9.0,12.0,0.0,0.0,61.0,40.0,11.0,43.0,42.0,27.0,0.0,5.0,5.0,32.0,19.0,49.0,118.0,34.0,281.0,0.0,2.0,48.0,9.0,1.0,15.0,130.0,4.0,13.0,56.0,1.0,75.0,0
3.0,48.0,4.0,2.0,37.0,14.0,45.0,0.0,8.0,1.0,12.0,0.0,0.0,61.0,40.0,36.0,43.0,42.0,27.0,10.0,5.0,38.0,32.0,19.0,41.0,118.0,34.0,48.0,0.0,2.0,40.0,9.0,1.0,24.0,43.0,4.0,38.0,56.0,1.0,19.0,0
3.0,50.0,4.0,2.0,12.0,13.0,45.0,18.0,28.0,9.0,12.0,0.0,0.0,61.0,40.0,11.0,43.0,42.0,27.0,0.0,5.0,5.0,32.0,19.0,51.0,118.0,34.0,273.0,0.0,2.0,50.0,9.0,1.0,15.0,122.0,4.0,13.0,56.0,1.0,66.0,0
3.0,48.0,4.0,2.0,25.0,14.0,45.0,0.0,8.0,1.0,12.0,0.0,0.0,61.0,40.0,24.0,43.0,42.0,27.0,5.0,5.0,26.0,32.0,19.0,41.0,118.0,34.0,26.0,0.0,2.0,40.0,9.0,1.0,24.0,21.0,0.0,26.0,56.0,1.0,240.0,0
3.0,48.0,4.0,2.0,20.0,21.0,45.0,18.0,28.0,9.0,20.0,0.0,0.0,61.0,40.0,19.0,43.0,42.0,27.0,2.0,5.0,5.0,32.0,19.0,49.0,118.0,34.0,327.0,0.0,2.0,48.0,9.0,1.0,15.0,176.0,7.0,21.0,56.0,1.0,256.0,0
0.0,48.0,1.0,0.0,14.0,14.0,41.0,10.0,30.0,6.0,12.0,0.0,0.0,61.0,40.0,21.0,43.0,42.0,0.0,12.0,0.0,2.0,32.0,19.0,47.0,118.0,34.0,229.0,1.0,2.0,40.0,9.0,0.0,9.0,184.0,9.0,2.0,56.0,1.0,264.0,0
3.0,50.0,4.0,2.0,14.0,1.0,45.0,11.0,28.0,5.0,12.0,4.0,0.0,61.0,50.0,21.0,43.0,42.0,27.0,12.0,5.0,5.0,32.0,19.0,47.0,118.0,34.0,228.0,1.0,2.0,50.0,9.0,1.0,6.0,184.0,9.0,1.0,56.0,1.0,264.0,0
3.0,48.0,4.0,2.0,14.0,14.0,45.0,14.0,38.0,7.0,12.0,0.0,0.0,61.0,44.0,21.0,45.0,44.0,27.0,12.0,5.0,2.0,32.0,19.0,47.0,118.0,34.0,230.0,1.0,2.0,44.0,0.0,1.0,11.0,184.0,9.0,2.0,56.0,1.0,264.0,0
3.0,48.0,4.0,2.0,14.0,14.0,45.0,15.0,38.0,7.0,12.0,0.0,0.0,61.0,48.0,21.0,49.0,42.0,27.0,12.0,5.0,5.0,32.0,19.0,47.0,118.0,34.0,231.0,1.0,2.0,48.0,1.0,1.0,11.0,184.0,9.0,14.0,56.0,1.0,264.0,0
4.0,48.0,3.0,2.0,14.0,14.0,42.0,2.0,20.0,4.0,12.0,0.0,0.0,61.0,40.0,21.0,43.0,42.0,15.0,12.0,4.0,100.0,24.0,19.0,47.0,118.0,34.0,220.0,1.0,2.0,40.0,7.0,0.0,4.0,184.0,9.0,100.0,133.0,1.0,264.0,0
3.0,61.0,4.0,2.0,14.0,15.0,45.0,18.0,28.0,9.0,14.0,0.0,0.0,61.0,40.0,13.0,43.0,42.0,27.0,1.0,5.0,5.0,32.0,19.0,62.0,118.0,34.0,299.0,0.0,2.0,61.0,9.0,1.0,15.0,148.0,4.0,15.0,56.0,1.0,192.0,0
3.0,48.0,4.0,2.0,39.0,14.0,45.0,0.0,8.0,1.0,12.0,0.0,0.0,61.0,42.0,38.0,43.0,42.0,27.0,11.0,5.0,40.0,32.0,19.0,43.0,118.0,34.0,88.0,0.0,2.0,42.0,9.0,1.0,24.0,83.0,4.0,40.0,56.0,1.0,164.0,0
1.0,48.0,4.0,2.0,14.0,14.0,45.0,6.0,28.0,5.0,12.0,0.0,0.0,61.0,40.0,21.0,43.0,42.0,1.0,12.0,1.0,1.0,32.0,19.0,47.0,118.0,34.0,228.0,1.0,2.0,40.0,9.0,0.0,6.0,184.0,9.0,1.0,56.0,1.0,264.0,0
4.0,48.0,4.0,2.0,14.0,14.0,45.0,7.0,28.0,1.0,12.0,3.0,0.0,61.0,40.0,21.0,43.0,42.0,20.0,12.0,4.0,5.0,32.0,12.0,47.0,118.0,34.0,234.0,1.0,2.0,35.0,9.0,0.0,13.0,184.0,9.0,6.0,56.0,1.0,264.0,0
3.0,48.0,2.0,2.0,14.0,14.0,45.0,8.0,60.0,3.0,12.0,0.0,0.0,61.0,44.0,21.0,46.0,42.0,6.0,12.0,3.0,5.0,32.0,19.0,47.0,118.0,34.0,338.0,1.0,2.0,44.0,8.0,0.0,22.0,184.0,9.0,19.0,56.0,1.0,264.0,0
3.0,46.0,4.0,2.0,14.0,30.0,45.0,9.0,20.0,4.0,12.0,0.0,0.0,61.0,46.0,28.0,43.0,42.0,27.0,7.0,5.0,5.0,32.0,19.0,47.0,118.0,34.0,127.0,0.0,2.0,46.0,9.0,1.0,4.0,184.0,0.0,30.0,56.0,1.0,111.0,0
3.0,48.0,4.0,2.0,4.0,14.0,45.0,0.0,8.0,1.0,12.0,0.0,0.0,61.0,40.0,3.0,43.0,42.0,27.0,8.0,5.0,5.0,32.0,19.0,41.0,118.0,34.0,6.0,0.0,2.0,40.0,9.0,1.0,24.0,0.0,0.0,5.0,56.0,1.0,1.0,0
1.0,48.0,4.0,2.0,14.0,14.0,45.0,6.0,28.0,5.0,12.0,0.0,0.0,61.0,40.0,21.0,43.0,42.0,1.0,12.0,1.0,1.0,32.0,19.0,47.0,118.0,34.0,228.0,1.0,2.0,40.0,9.0,0.0,6.0,184.0,9.0,1.0,56.0,1.0,264.0,0
3.0,48.0,4.0,2.0,14.0,14.0,45.0,19.0,28.0,4.0,12.0,6.0,0.0,62.0,40.0,21.0,43.0,42.0,12.0,12.0,3.0,5.0,32.0,19.0,47.0,118.0,34.0,339.0,1.0,2.0,40.0,9.0,0.0,34.0,184.0,9.0,14.0,56.0,1.0,264.0,0
3.0,48.0,4.0,2.0,14.0,14.0,45.0,19.0,28.0,4.0,12.0,6.0,0.0,60.0,40.0,21.0,43.0,42.0,10.0,12.0,3.0,5.0,32.0,19.0,47.0,118.0,34.0,339.0,1.0,2.0,40.0,9.0,0.0,34.0,184.0,9.0,14.0,56.0,1.0,264.0,0
3.0,48.0,4.0,2.0,14.0,14.0,45.0,19.0,28.0,4.0,12.0,6.0,0.0,62.0,40.0,21.0,43.0,42.0,12.0,12.0,3.0,5.0,32.0,19.0,47.0,118.0,34.0,339.0,1.0,2.0,40.0,9.0,0.0,34.0,184.0,9.0,14.0,56.0,1.0,264.0,0
3.0,48.0,4.0,2.0,14.0,14.0,45.0,19.0,28.0,4.0,12.0,6.0,0.0,60.0,40.0,21.0,43.0,42.0,10.0,12.0,3.0,5.0,32.0,19.0,47.0,118.0,34.0,339.0,1.0,2.0,40.0,9.0,0.0,34.0,184.0,9.0,14.0,56.0,1.0,264.0,0
1.0,48.0,4.0,2.0,14.0,14.0,45.0,13.0,28.0,1.0,12.0,6.0,0.0,61.0,40.0,21.0,34.0,42.0,4.0,12.0,1.0,5.0,32.0,19.0,47.0,118.0,34.0,339.0,1.0,1.0,34.0,2.0,0.0,13.0,184.0,9.0,14.0,56.0,0.0,264.0,0
3.0,48.0,4.0,2.0,14.0,14.0,45.0,12.0,28.0,0.0,12.0,5.0,0.0,61.0,40.0,21.0,34.0,42.0,27.0,12.0,5.0,5.0,32.0,19.0,47.0,118.0,34.0,5.0,1.0,2.0,34.0,0.0,1.0,0.0,184.0,9.0,32.0,56.0,1.0,264.0,0
4.0,48.0,4.0,2.0,14.0,14.0,45.0,7.0,28.0,1.0,12.0,3.0,0.0,61.0,40.0,21.0,43.0,42.0,20.0,12.0,4.0,5.0,32.0,12.0,47.0,118.0,34.0,234.0,1.0,2.0,35.0,9.0,0.0,13.0,184.0,9.0,6.0,56.0,1.0,264.0,0
3.0,48.0,2.0,2.0,14.0,14.0,45.0,8.0,60.0,3.0,12.0,0.0,0.0,61.0,44.0,21.0,46.0,42.0,6.0,12.0,3.0,5.0,32.0,19.0,47.0,118.0,34.0,338.0,1.0,2.0,44.0,8.0,0.0,22.0,184.0,9.0,19.0,56.0,1.0,264.0,0
3.0,46.0,4.0,2.0,14.0,34.0,45.0,9.0,20.0,4.0,12.0,0.0,0.0,61.0,46.0,32.0,43.0,42.0,27.0,9.0,5.0,5.0,32.0,19.0,47.0,118.0,34.0,159.0,0.0,2.0,46.0,9.0,1.0,4.0,184.0,0.0,34.0,56.0,1.0,103.0,0
3.0,48.0,4.0,2.0,4.0,14.0,45.0,0.0,8.0,1.0,12.0,0.0,0.0,61.0,40.0,3.0,43.0,42.0,27.0,8.0,5.0,5.0,32.0,19.0,41.0,118.0,34.0,7.0,0.0,2.0,40.0,9.0,1.0,24.0,1.0,0.0,5.0,56.0,1.0,74.0,0
3.0,48.0,4.0,2.0,12.0,13.0,45.0,18.0,28.0,9.0,12.0,0.0,0.0,61.0,40.0,11.0,43.0,42.0,27.0,0.0,5.0,5.0,32.0,19.0,49.0,118.0,34.0,281.0,0.0,2.0,48.0,9.0,1.0,15.0,130.0,4.0,13.0,56.0,1.0,75.0,0
3.0,48.0,4.0,2.0,37.0,14.0,45.0,0.0,8.0,1.0,12.0,0.0,0.0,61.0,40.0,36.0,43.0,42.0,27.0,10.0,5.0,38.0,32.0,19.0,41.0,118.0,34.0,32.0,0.0,2.0,40.0,9.0,1.0,24.0,27.0,4.0,38.0,56.0,1.0,3.0,0
3.0,50.0,4.0,2.0,12.0,13.0,45.0,18.0,28.0,9.0,12.0,0.0,0.0,61.0,40.0,11.0,43.0,42.0,27.0,0.0,5.0,5.0,32.0,19.0,51.0,118.0,34.0,265.0,0.0,2.0,50.0,9.0,1.0,15.0,114.0,4.0,13.0,56.0,1.0,58.0,0
3.0,48.0,4.0,2.0,25.0,14.0,45.0,0.0,8.0,1.0,12.0,0.0,0.0,61.0,40.0,24.0,43.0,42.0,27.0,5.0,5.0,26.0,32.0,19.0,41.0,118.0,34.0,18.0,0.0,2.0,40.0,9.0,1.0,24.0,13.0,0.0,26.0,56.0,1.0,232.0,0
3.0,48.0,4.0,2.0,20.0,21.0,45.0,18.0,28.0,9.0,20.0,0.0,0.0,61.0,40.0,19.0,43.0,42.0,27.0,2.0,5.0,5.0,32.0,19.0,49.0,118.0,34.0,318.0,0.0,2.0,48.0,9.0,1.0,15.0,167.0,7.0,21.0,56.0,1.0,247.0,0
0.0,48.0,1.0,0.0,14.0,14.0,41.0,10.0,30.0,6.0,12.0,0.0,0.0,61.0,40.0,21.0,43.0,42.0,0.0,12.0,0.0,2.0,32.0,19.0,47.0,118.0,34.0,229.0,1.0,2.0,40.0,9.0,0.0,9.0,184.0,9.0,2.0,56.0,1.0,264.0,0
3.0,50.0,4.0,2.0,14.0,1.0,45.0,11.0,28.0,5.0,12.0,4.0,0.0,61.0,50.0,21.0,43.0,42.0,27.0,12.0,5.0,5.0,32.0,19.0,47.0,118.0,34.0,228.0,1.0,2.0,50.0,9.0,1.0,6.0,184.0,9.0,1.0,56.0,1.0,264.0,0
3.0,48.0,4.0,2.0,14.0,14.0,45.0,14.0,38.0,7.0,12.0,0.0,0.0,61.0,40.0,21.0,41.0,40.0,27.0,12.0,5.0,2.0,32.0,19.0,47.0,118.0,34.0,230.0,1.0,2.0,40.0,0.0,1.0,11.0,184.0,9.0,2.0,56.0,1.0,264.0,0
3.0,48.0,4.0,2.0,14.0,14.0,45.0,15.0,38.0,7.0,12.0,0.0,0.0,61.0,48.0,21.0,49.0,42.0,27.0,12.0,5.0,5.0,32.0,19.0,47.0,118.0,34.0,231.0,1.0,2.0,48.0,1.0,1.0,11.0,184.0,9.0,14.0,56.0,1.0,264.0,0
4.0,48.0,3.0,2.0,14.0,14.0,42.0,2.0,20.0,4.0,12.0,0.0,0.0,61.0,40.0,21.0,43.0,42.0,15.0,12.0,4.0,100.0,21.0,19.0,47.0,118.0,34.0,217.0,1.0,2.0,40.0,7.0,0.0,4.0,184.0,9.0,100.0,133.0,1.0,264.0,0
3.0,61.0,4.0,2.0,14.0,15.0,45.0,18.0,28.0,9.0,14.0,0.0,0.0,61.0,40.0,13.0,43.0,42.0,27.0,1.0,5.0,5.0,32.0,19.0,62.0,118.0,34.0,312.0,0.0,2.0,61.0,9.0,1.0,15.0,161.0,4.0,15.0,56.0,1.0,220.0,0
3.0,48.0,4.0,2.0,39.0,14.0,45.0,0.0,8.0,1.0,12.0,0.0,0.0,61.0,42.0,38.0,43.0,42.0,27.0,11.0,5.0,40.0,32.0,19.0,43.0,118.0,34.0,98.0,0.0,2.0,42.0,9.0,1.0,24.0,93.0,4.0,40.0,56.0,1.0,190.0,0
1.0,48.0,4.0,2.0,14.0,14.0,45.0,6.0,28.0,5.0,12.0,0.0,0.0,61.0,40.0,21.0,43.0,42.0,1.0,12.0,1.0,1.0,32.0,19.0,47.0,118.0,34.0,228.0,1.0,2.0,40.0,9.0,0.0,6.0,184.0,9.0,1.0,56.0,1.0,264.0,0
4.0,48.0,4.0,2.0,14.0,14.0,45.0,7.0,28.0,1.0,12.0,3.0,0.0,61.0,40.0,21.0,43.0,42.0,14.0,12.0,4.0,5.0,32.0,6.0,47.0,118.0,34.0,243.0,1.0,2.0,35.0,9.0,0.0,13.0,184.0,9.0,6.0,56.0,1.0,264.0,0
3.0,48.0,2.0,2.0,14.0,14.0,45.0,8.0,60.0,3.0,12.0,0.0,0.0,61.0,44.0,21.0,46.0,42.0,6.0,12.0,3.0,5.0,32.0,19.0,47.0,118.0,34.0,338.0,1.0,2.0,44.0,8.0,0.0,22.0,184.0,9.0,19.0,56.0,1.0,264.0,0
3.0,46.0,4.0,2.0,14.0,30.0,45.0,9.0,20.0,4.0,12.0,0.0,0.0,61.0,46.0,28.0,43.0,42.0,27.0,7.0,5.0,5.0,32.0,19.0,47.0,118.0,34.0,128.0,0.0,2.0,46.0,9.0,1.0,4.0,184.0,0.0,30.0,56.0,1.0,113.0,0
3.0,48.0,4.0,2.0,4.0,14.0,45.0,0.0,8.0,1.0,12.0,0.0,0.0,61.0,40.0,3.0,43.0,42.0,27.0,8.0,5.0,5.0,32.0,19.0,41.0,118.0,34.0,6.0,0.0,2.0,40.0,9.0,1.0,24.0,0.0,0.0,5.0,56.0,1.0,1.0,0
1.0,48.0,4.0,2.0,14.0,14.0,45.0,6.0,28.0,5.0,12.0,0.0,0.0,61.0,40.0,21.0,43.0,42.0,1.0,12.0,1.0,1.0,32.0,19.0,47.0,118.0,34.0,228.0,1.0,2.0,40.0,9.0,0.0,6.0,184.0,9.0,1.0,56.0,1.0,264.0,0
3.0,48.0,4.0,2.0,14.0,14.0,45.0,19.0,28.0,4.0,12.0,6.0,0.0,61.0,40.0,21.0,43.0,42.0,11.0,12.0,3.0,5.0,32.0,19.0,47.0,118.0,34.0,339.0,1.0,2.0,40.0,9.0,0.0,34.0,184.0,9.0,14.0,56.0,1.0,264.0,0
1.0,48.0,4.0,2.0,14.0,14.0,45.0,13.0,28.0,1.0,12.0,6.0,0.0,61.0,40.0,21.0,34.0,42.0,4.0,12.0,1.0,5.0,32.0,19.0,47.0,118.0,34.0,339.0,1.0,0.0,34.0,2.0,0.0,13.0,184.0,9.0,14.0,56.0,0.0,264.0,0
3.0,48.0,4.0,2.0,14.0,14.0,45.0,12.0,28.0,0.0,12.0,5.0,0.0,61.0,40.0,21.0,34.0,42.0,27.0,12.0,5.0,5.0,32.0,19.0,47.0,118.0,34.0,5.0,1.0,2.0,34.0,0.0,1.0,0.0,184.0,9.0,32.0,56.0,1.0,264.0,0
4.0,48.0,4.0,2.0,14.0,14.0,45.0,7.0,28.0,1.0,12.0,3.0,0.0,61.0,40.0,21.0,43.0,42.0,14.0,12.0,4.0,5.0,32.0,6.0,47.0,118.0,34.0,243.0,1.0,2.0,35.0,9.0,0.0,13.0,184.0,9.0,6.0,56.0,1.0,264.0,0
3.0,48.0,2.0,2.0,14.0,14.0,45.0,8.0,60.0,3.0,12.0,0.0,0.0,61.0,44.0,21.0,46.0,42.0,6.0,12.0,3.0,5.0,32.0,19.0,47.0,118.0,34.0,338.0,1.0,2.0,44.0,8.0,0.0,22.0,184.0,9.0,19.0,56.0,1.0,264.0,0
3.0,46.0,4.0,2.0,14.0,34.0,45.0,9.0,20.0,4.0,12.0,0.0,0.0,61.0,46.0,32.0,43.0,42.0,27.0,9.0,5.0,5.0,32.0,19.0,47.0,118.0,34.0,153.0,0.0,2.0,46.0,9.0,1.0,4.0,184.0,0.0,34.0,56.0,1.0,95.0,0
3.0,48.0,4.0,2.0,4.0,14.0,45.0,0.0,8.0,1.0,12.0,0.0,0.0,61.0,40.0,3.0,43.0,42.0,27.0,8.0,5.0,5.0,32.0,19.0,41.0,118.0,34.0,7.0,0.0,2.0,40.0,9.0,1.0,24.0,1.0,0.0,5.0,56.0,1.0,74.0,0
3.0,48.0,4.0,2.0,12.0,13.0,45.0,18.0,28.0,9.0,12.0,0.0,0.0,61.0,40.0,11.0,43.0,42.0,27.0,0.0,5.0,5.0,32.0,19.0,49.0,118.0,34.0,281.0,0.0,2.0,48.0,9.0,1.0,15.0,130.0,4.0,13.0,56.0,1.0,75.0,0
3.0,48.0,4.0,2.0,37.0,14.0,45.0,0.0,8.0,1.0,12.0,0.0,0.0,61.0,40.0,36.0,43.0,42.0,27.0,10.0,5.0,38.0,32.0,19.0,41.0,118.0,34.0,77.0,0.0,2.0,40.0,9.0,1.0,24.0,72.0,4.0,38.0,56.0,1.0,48.0,0
3.0,50.0,4.0,2.0,12.0,13.0,45.0,18.0,28.0,9.0,12.0,0.0,0.0,61.0,40.0,11.0,43.0,42.0,27.0,0.0,5.0,5.0,32.0,19.0,51.0,118.0,34.0,272.0,0.0,2.0,50.0,9.0,1.0,15.0,121.0,4.0,13.0,56.0,1.0,65.0,0
3.0,48.0,4.0,2.0,25.0,14.0,45.0,0.0,8.0,1.0,12.0,0.0,0.0,61.0,40.0,24.0,43.0,42.0,27.0,5.0,5.0,26.0,32.0,19.0,41.0,118.0,34.0,23.0,0.0,2.0,40.0,9.0,1.0,24.0,18.0,0.0,26.0,56.0,1.0,237.0,0
3.0,48.0,4.0,2.0,20.0,21.0,45.0,18.0,28.0,9.0,20.0,0.0,0.0,61.0,40.0,19.0,43.0,42.0,27.0,2.0,5.0,5.0,32.0,19.0,49.0,118.0,34.0,320.0,0.0,2.0,48.0,9.0,1.0,15.0,169.0,7.0,21.0,56.0,1.0,249.0,0
0.0,48.0,1.0,0.0,14.0,14.0,41.0,10.0,30.0,6.0,12.0,0.0,0.0,61.0,40.0,21.0,43.0,42.0,0.0,12.0,0.0,2.0,32.0,19.0,47.0,118.0,34.0,229.0,1.0,2.0,40.0,9.0,0.0,9.0,184.0,9.0,2.0,56.0,1.0,264.0,0
3.0,50.0,4.0,2.0,14.0,1.0,45.0,11.0,28.0,5.0,12.0,4.0,0.0,61.0,50.0,21.0,43.0,42.0,27.0,12.0,5.0,5.0,32.0,19.0,47.0,118.0,34.0,228.0,1.0,2.0,50.0,9.0,1.0,6.0,184.0,9.0,1.0,56.0,1.0,264.0,0
3.0,48.0,4.0,2.0,14.0,14.0,45.0,14.0,38.0,7.0,12.0,0.0,0.0,61.0,40.0,21.0,41.0,40.0,27.0,12.0,5.0,2.0,32.0,19.0,47.0,118.0,34.0,230.0,1.0,2.0,40.0,0.0,1.0,11.0,184.0,9.0,2.0,56.0,1.0,264.0,0
3.0,48.0,4.0,2.0,14.0,14.0,45.0,15.0,38.0,7.0,12.0,0.0,0.0,61.0,48.0,21.0,49.0,42.0,27.0,12.0,5.0,5.0,32.0,19.0,47.0,118.0,34.0,231.0,1.0,2.0,48.0,1.0,1.0,11.0,184.0,9.0,14.0,56.0,1.0,264.0,0
4.0,48.0,3.0,2.0,14.0,14.0,42.0,2.0,20.0,4.0,12.0,0.0,0.0,61.0,40.0,21.0,43.0,42.0,15.0,12.0,4.0,100.0,16.0,19.0,47.0,118.0,34.0,212.0,1.0,2.0,40.0,7.0,0.0,4.0,184.0,9.0,100.0,133.0,1.0,264.0,0
3.0,61.0,4.0,2.0,14.0,15.0,45.0,18.0,28.0,9.0,14.0,0.0,0.0,61.0,40.0,13.0,43.0,42.0,27.0,1.0,5.0,5.0,32.0,19.0,62.0,118.0,34.0,289.0,0.0,2.0,61.0,9.0,1.0,15.0,138.0,4.0,15.0,56.0,1.0,174.0,0
3.0,48.0,4.0,2.0,39.0,14.0,45.0,0.0,8.0,1.0,12.0,0.0,0.0,61.0,42.0,38.0,43.0,42.0,27.0,11.0,5.0,40.0,32.0,19.0,43.0,118.0,34.0,106.0,0.0,2.0,42.0,9.0,1.0,24.0,101.0,4.0,40.0,56.0,1.0,202.0,0
1.0,48.0,4.0,2.0,14.0,14.0,45.0,6.0,28.0,5.0,12.0,0.0,0.0,61.0,40.0,21.0,43.0,42.0,1.0,12.0,1.0,1.0,32.0,19.0,47.0,118.0,34.0,228.0,1.0,2.0,40.0,9.0,0.0,6.0,184.0,9.0,1.0,56.0,1.0,264.0,0
4.0,48.0,4.0,2.0,14.0,14.0,45.0,7.0,28.0,1.0,12.0,3.0,0.0,61.0,40.0,21.0,43.0,42.0,25.0,12.0,4.0,5.0,32.0,17.0,47.0,118.0,34.0,251.0,1.0,2.0,35.0,9.0,0.0,13.0,184.0,9.0,6.0,56.0,1.0,264.0,0
3.0,48.0,2.0,2.0,14.0,14.0,45.0,8.0,60.0,3.0,12.0,0.0,0.0,61.0,44.0,21.0,46.0,42.0,6.0,12.0,3.0,5.0,32.0,19.0,47.0,118.0,34.0,338.0,1.0,2.0,44.0,8.0,0.0,22.0,184.0,9.0,19.0,56.0,1.0,264.0,0
3.0,46.0,4.0,2.0,14.0,30.0,45.0,9.0,20.0,4.0,12.0,0.0,0.0,61.0,46.0,28.0,43.0,42.0,27.0,7.0,5.0,5.0,32.0,19.0,47.0,118.0,34.0,130.0,0.0,2.0,46.0,9.0,1.0,4.0,184.0,0.0,30.0,56.0,1.0,118.0,0
1.0,48.0,4.0,2.0,14.0,14.0,45.0,6.0,28.0,5.0,12.0,0.0,0.0,61.0,40.0,21.0,43.0,42.0,1.0,12.0,1.0,1.0,32.0,19.0,47.0,118.0,34.0,228.0,1.0,2.0,40.0,9.0,0.0,6.0,184.0,9.0,1.0,56.0,1.0,264.0,0
3.0,48.0,4.0,2.0,14.0,14.0,45.0,19.0,28.0,4.0,12.0,6.0,0.0,63.0,40.0,21.0,43.0,42.0,13.0,12.0,3.0,5.0,32.0,19.0,47.0,118.0,34.0,339.0,1.0,2.0,40.0,9.0,0.0,34.0,184.0,9.0,14.0,56.0,1.0,264.0,0
1.0,48.0,4.0,2.0,14.0,14.0,45.0,13.0,28.0,1.0,12.0,6.0,0.0,61.0,40.0,21.0,34.0,42.0,4.0,12.0,1.0,5.0,32.0,19.0,47.0,118.0,34.0,339.0,1.0,0.0,34.0,2.0,0.0,13.0,184.0,9.0,14.0,56.0,0.0,264.0,0
3.0,48.0,4.0,2.0,14.0,14.0,45.0,12.0,28.0,0.0,12.0,5.0,0.0,61.0,40.0,21.0,34.0,42.0,27.0,12.0,5.0,5.0,32.0,19.0,47.0,118.0,34.0,5.0,1.0,2.0,34.0,0.0,1.0,0.0,184.0,9.0,32.0,56.0,1.0,264.0,0
4.0,48.0,4.0,2.0,14.0,14.0,45.0,7.0,28.0,1.0,12.0,3.0,0.0,61.0,40.0,21.0,43.0,42.0,25.0,12.0,4.0,5.0,32.0,17.0,47.0,118.0,34.0,251.0,1.0,2.0,35.0,9.0,0.0,13.0,184.0,9.0,6.0,56.0,1.0,264.0,0
3.0,48.0,2.0,2.0,14.0,14.0,45.0,8.0,60.0,3.0,12.0,0.0,0.0,61.0,44.0,21.0,46.0,42.0,6.0,12.0,3.0,5.0,32.0,19.0,47.0,118.0,34.0,338.0,1.0,2.0,44.0,8.0,0.0,22.0,184.0,9.0,19.0,56.0,1.0,264.0,0
3.0,46.0,4.0,2.0,14.0,34.0,45.0,9.0,20.0,4.0,12.0,0.0,0.0,61.0,46.0,32.0,43.0,42.0,27.0,9.0,5.0,5.0,32.0,19.0,47.0,118.0,34.0,170.0,0.0,2.0,46.0,9.0,1.0,4.0,184.0,0.0,34.0,56.0,1.0,122.0,0
3.0,48.0,4.0,2.0,4.0,14.0,45.0,0.0,8.0,1.0,12.0,0.0,0.0,61.0,40.0,3.0,43.0,42.0,27.0,8.0,5.0,5.0,32.0,19.0,41.0,118.0,34.0,7.0,0.0,2.0,40.0,9.0,1.0,24.0,1.0,0.0,5.0,56.0,1.0,74.0,0
3.0,48.0,4.0,2.0,12.0,13.0,45.0,18.0,28.0,9.0,12.0,0.0,0.0,61.0,40.0,11.0,43.0,42.0,27.0,0.0,5.0,5.0,32.0,19.0,49.0,118.0,34.0,281.0,0.0,2.0,48.0,9.0,1.0,15.0,130.0,4.0,13.0,56.0,1.0,75.0,0
3.0,48.0,4.0,2.0,37.0,14.0,45.0,0.0,8.0,1.0,12.0,0.0,0.0,61.0,40.0,36.0,43.0,42.0,27.0,10.0,5.0,38.0,32.0,19.0,41.0,118.0,34.0,54.0,0.0,2.0,40.0,9.0,1.0,24.0,49.0,4.0,38.0,56.0,1.0,25.0,0
3.0,50.0,4.0,2.0,12.0,13.0,45.0,18.0,28.0,9.0,12.0,0.0,0.0,61.0,40.0,11.0,43.0,42.0,27.0,0.0,5.0,5.0,32.0,19.0,51.0,118.0,34.0,263.0,0.0,2.0,50.0,9.0,1.0,15.0,112.0,4.0,13.0,56.0,1.0,56.0,0
3.0,48.0,4.0,2.0,25.0,14.0,45.0,0.0,8.0,1.0,12.0,0.0,0.0,61.0,40.0,24.0,43.0,42.0,27.0,5.0,5.0,26.0,32.0,19.0,41.0,118.0,34.0,10.0,0.0,2.0,40.0,9.0,1.0,24.0,5.0,0.0,26.0,56.0,1.0,224.0,0
3.0,48.0,4.0,2.0,20.0,21.0,45.0,18.0,28.0,9.0,20.0,0.0,0.0,61.0,40.0,19.0,43.0,42.0,27.0,2.0,5.0,5.0,32.0,19.0,49.0,118.0,34.0,326.0,0.0,2.0,48.0,9.0,1.0,15.0,175.0,7.0,21.0,56.0,1.0,255.0,0
0.0,48.0,1.0,0.0,14.0,14.0,41.0,10.0,30.0,6.0,12.0,0.0,0.0,61.0,40.0,21.0,43.0,42.0,0.0,12.0,0.0,2.0,32.0,19.0,47.0,118.0,34.0,229.0,1.0,2.0,40.0,9.0,0.0,9.0,184.0,9.0,2.0,56.0,1.0,264.0,0
3.0,50.0,4.0,2.0,14.0,1.0,45.0,11.0,28.0,5.0,12.0,4.0,0.0,61.0,50.0,21.0,43.0,42.0,27.0,12.0,5.0,5.0,32.0,19.0,47.0,118.0,34.0,228.0,1.0,2.0,50.0,9.0,1.0,6.0,184.0,9.0,1.0,56.0,1.0,264.0,0
3.0,48.0,4.0,2.0,14.0,14.0,45.0,14.0,38.0,7.0,12.0,0.0,0.0,61.0,40.0,21.0,41.0,40.0,27.0,12.0,5.0,2.0,32.0,19.0,47.0,118.0,34.0,230.0,1.0,2.0,40.0,0.0,1.0,11.0,184.0,9.0,2.0,56.0,1.0,264.0,0
3.0,48.0,4.0,2.0,14.0,14.0,45.0,15.0,38.0,7.0,12.0,0.0,0.0,61.0,48.0,21.0,49.0,42.0,27.0,12.0,5.0,5.0,32.0,19.0,47.0,118.0,34.0,231.0,1.0,2.0,48.0,1.0,1.0,11.0,184.0,9.0,14.0,56.0,1.0,264.0,0
4.0,48.0,3.0,2.0,14.0,14.0,42.0,2.0,20.0,4.0,12.0,0.0,0.0,61.0,40.0,21.0,43.0,42.0,15.0,12.0,4.0,100.0,12.0,19.0,47.0,118.0,34.0,208.0,1.0,2.0,40.0,7.0,0.0,4.0,184.0,9.0,100.0,133.0,1.0,264.0,0
3.0,61.0,4.0,2.0,14.0,15.0,45.0,18.0,28.0,9.0,14.0,0.0,0.0,61.0,40.0,13.0,43.0,42.0,27.0,1.0,5.0,5.0,32.0,19.0,62.0,118.0,34.0,309.0,0.0,2.0,61.0,9.0,1.0,15.0,158.0,4.0,15.0,56.0,1.0,210.0,0
3.0,48.0,4.0,2.0,39.0,14.0,45.0,0.0,8.0,1.0,12.0,0.0,0.0,61.0,40.0,38.0,43.0,42.0,27.0,11.0,5.0,40.0,32.0,19.0,41.0,118.0,34.0,109.0,0.0,2.0,40.0,9.0,1.0,24.0,104.0,4.0,40.0,56.0,1.0,215.0,0
1.0,48.0,4.0,2.0,14.0,14.0,45.0,6.0,28.0,5.0,12.0,0.0,0.0,61.0,40.0,21.0,43.0,42.0,1.0,12.0,1.0,1.0,32.0,19.0,47.0,118.0,34.0,228.0,1.0,2.0,40.0,9.0,0.0,6.0,184.0,9.0,1.0,56.0,1.0,264.0,0
4.0,48.0,4.0,2.0,14.0,14.0,45.0,7.0,28.0,1.0,12.0,3.0,0.0,61.0,40.0,21.0,43.0,42.0,23.0,12.0,4.0,5.0,32.0,15.0,47.0,118.0,34.0,238.0,1.0,2.0,35.0,9.0,0.0,13.0,184.0,9.0,6.0,56.0,1.0,264.0,0
3.0,48.0,2.0,2.0,14.0,14.0,45.0,8.0,60.0,3.0,12.0,0.0,0.0,61.0,44.0,21.0,46.0,42.0,6.0,12.0,3.0,5.0,32.0,19.0,47.0,118.0,34.0,338.0,1.0,2.0,44.0,8.0,0.0,22.0,184.0,9.0,19.0,56.0,1.0,264.0,0
3.0,46.0,4.0,2.0,14.0,30.0,45.0,9.0,20.0,4.0,12.0,0.0,0.0,61.0,46.0,28.0,43.0,42.0,27.0,7.0,5.0,5.0,32.0,19.0,47.0,118.0,34.0,122.0,0.0,2.0,46.0,9.0,1.0,4.0,184.0,0.0,30.0,56.0,1.0,89.0,0
3.0,48.0,4.0,2.0,4.0,14.0,45.0,0.0,8.0,1.0,12.0,0.0,0.0,61.0,40.0,3.0,43.0,42.0,27.0,8.0,5.0,5.0,32.0,19.0,41.0,118.0,34.0,6.0,0.0,2.0,40.0,9.0,1.0,24.0,0.0,0.0,5.0,56.0,1.0,1.0,0
1.0,48.0,4.0,2.0,14.0,14.0,45.0,6.0,28.0,5.0,12.0,0.0,0.0,61.0,40.0,21.0,43.0,42.0,1.0,12.0,1.0,1.0,32.0,19.0,47.0,118.0,34.0,228.0,1.0,2.0,40.0,9.0,0.0,6.0,184.0,9.0,1.0,56.0,1.0,264.0,0
3.0,48.0,4.0,2.0,14.0,14.0,45.0,19.0,28.0,4.0,12.0,6.0,0.0,61.0,40.0,21.0,43.0,42.0,11.0,12.0,3.0,5.0,32.0,19.0,47.0,118.0,34.0,339.0,1.0,2.0,40.0,9.0,0.0,34.0,184.0,9.0,14.0,56.0,1.0,264.0,0
1.0,48.0,4.0,2.0,14.0,14.0,45.0,13.0,28.0,1.0,12.0,6.0,0.0,61.0,40.0,21.0,34.0,42.0,4.0,12.0,1.0,5.0,32.0,19.0,47.0,118.0,34.0,339.0,1.0,1.0,34.0,2.0,0.0,13.0,184.0,9.0,14.0,56.0,0.0,264.0,0
3.0,48.0,4.0,2.0,14.0,14.0,45.0,12.0,28.0,0.0,12.0,5.0,0.0,61.0,40.0,21.0,34.0,42.0,27.0,12.0,5.0,5.0,32.0,19.0,47.0,118.0,34.0,5.0,1.0,2.0,34.0,0.0,1.0,0.0,184.0,9.0,32.0,56.0,1.0,264.0,0
4.0,48.0,4.0,2.0,14.0,14.0,45.0,7.0,28.0,1.0,12.0,3.0,0.0,61.0,40.0,21.0,43.0,42.0,23.0,12.0,4.0,5.0,32.0,15.0,47.0,118.0,34.0,238.0,1.0,2.0,35.0,9.0,0.0,13.0,184.0,9.0,6.0,56.0,1.0,264.0,0
3.0,48.0,2.0,2.0,14.0,14.0,45.0,8.0,60.0,3.0,12.0,0.0,0.0,61.0,44.0,21.0,46.0,42.0,6.0,12.0,3.0,5.0,32.0,19.0,47.0,118.0,34.0,338.0,1.0,2.0,44.0,8.0,0.0,22.0,184.0,9.0,19.0,56.0,1.0,264.0,0
3.0,46.0,4.0,2.0,14.0,34.0,45.0,9.0,20.0,4.0,12.0,0.0,0.0,61.0,46.0,32.0,43.0,42.0,27.0,9.0,5.0,5.0,32.0,19.0,47.0,118.0,34.0,169.0,0.0,2.0,46.0,9.0,1.0,4.0,184.0,0.0,34.0,56.0,1.0,121.0,0
3.0,48.0,4.0,2.0,4.0,14.0,45.0,0.0,8.0,1.0,12.0,0.0,0.0,61.0,40.0,3.0,43.0,42.0,27.0,8.0,5.0,5.0,32.0,19.0,41.0,118.0,34.0,7.0,0.0,2.0,40.0,9.0,1.0,24.0,1.0,0.0,5.0,56.0,1.0,74.0,0
3.0,48.0,4.0,2.0,12.0,13.0,45.0,18.0,28.0,9.0,12.0,0.0,0.0,61.0,40.0,11.0,43.0,42.0,27.0,0.0,5.0,5.0,32.0,19.0,49.0,118.0,34.0,281.0,0.0,2.0,48.0,9.0,1.0,15.0,130.0,4.0,13.0,56.0,1.0,75.0,0
3.0,48.0,4.0,2.0,37.0,14.0,45.0,0.0,8.0,1.0,12.0,0.0,0.0,61.0,40.0,36.0,43.0,42.0,27.0,10.0,5.0,38.0,32.0,19.0,41.0,118.0,34.0,72.0,0.0,2.0,40.0,9.0,1.0,24.0,67.0,4.0,38.0,56.0,1.0,43.0,0
3.0,50.0,4.0,2.0,12.0,13.0,45.0,18.0,28.0,9.0,12.0,0.0,0.0,61.0,40.0,11.0,43.0,42.0,27.0,0.0,5.0,5.0,32.0,19.0,51.0,118.0,34.0,271.0,0.0,2.0,50.0,9.0,1.0,15.0,120.0,4.0,13.0,56.0,1.0,64.0,0
3.0,48.0,4.0,2.0,25.0,14.0,45.0,0.0,8.0,1.0,12.0,0.0,0.0,61.0,40.0,24.0,43.0,42.0,27.0,5.0,5.0,26.0,32.0,19.0,41.0,118.0,34.0,13.0,0.0,2.0,40.0,9.0,1.0,24.0,8.0,0.0,26.0,56.0,1.0,227.0,0
3.0,48.0,4.0,2.0,20.0,21.0,45.0,18.0,28.0,9.0,20.0,0.0,0.0,61.0,40.0,19.0,43.0,42.0,27.0,2.0,5.0,5.0,32.0,19.0,49.0,118.0,34.0,314.0,0.0,2.0,48.0,9.0,1.0,15.0,163.0,7.0,21.0,56.0,1.0,243.0,0
0.0,48.0,1.0,0.0,14.0,14.0,41.0,10.0,30.0,6.0,12.0,0.0,0.0,61.0,40.0,21.0,43.0,42.0,0.0,12.0,0.0,2.0,32.0,19.0,47.0,118.0,34.0,229.0,1.0,2.0,40.0,9.0,0.0,9.0,184.0,9.0,2.0,56.0,1.0,264.0,0
3.0,50.0,4.0,2.0,14.0,1.0,45.0,11.0,28.0,5.0,12.0,4.0,0.0,61.0,50.0,21.0,43.0,42.0,27.0,12.0,5.0,5.0,32.0,19.0,47.0,118.0,34.0,228.0,1.0,2.0,50.0,9.0,1.0,6.0,184.0,9.0,1.0,56.0,1.0,264.0,0
3.0,48.0,4.0,2.0,14.0,14.0,45.0,14.0,38.0,7.0,12.0,0.0,0.0,61.0,44.0,21.0,45.0,44.0,27.0,12.0,5.0,2.0,32.0,19.0,47.0,118.0,34.0,230.0,1.0,2.0,44.0,0.0,1.0,11.0,184.0,9.0,2.0,56.0,1.0,264.0,0
3.0,48.0,4.0,2.0,14.0,14.0,45.0,15.0,38.0,7.0,12.0,0.0,0.0,61.0,48.0,21.0,49.0,42.0,27.0,12.0,5.0,5.0,32.0,19.0,47.0,118.0,34.0,231.0,1.0,2.0,48.0,1.0,1.0,11.0,184.0,9.0,14.0,56.0,1.0,264.0,0
4.0,48.0,3.0,2.0,14.0,14.0,42.0,2.0,20.0,4.0,12.0,0.0,0.0,61.0,40.0,21.0,43.0,42.0,15.0,12.0,4.0,100.0,15.0,19.0,47.0,118.0,34.0,211.0,1.0,2.0,40.0,7.0,0.0,4.0,184.0,9.0,100.0,133.0,1.0,264.0,0
3.0,61.0,4.0,2.0,14.0,15.0,45.0,18.0,28.0,9.0,14.0,0.0,0.0,61.0,40.0,13.0,43.0,42.0,27.0,1.0,5.0,5.0,32.0,19.0,62.0,118.0,34.0,284.0,0.0,2.0,61.0,9.0,1.0,15.0,133.0,4.0,15.0,56.0,1.0,165.0,0
3.0,48.0,4.0,2.0,39.0,14.0,45.0,0.0,8.0,1.0,12.0,0.0,0.0,61.0,40.0,38.0,43.0,42.0,27.0,11.0,5.0,40.0,32.0,19.0,41.0,118.0,34.0,103.0,0.0,2.0,40.0,9.0,1.0,24.0,98.0,4.0,40.0,56.0,1.0,198.0,0
1.0,48.0,4.0,2.0,14.0,14.0,45.0,6.0,28.0,5.0,12.0,0.0,0.0,61.0,40.0,21.0,43.0,42.0,1.0,12.0,1.0,1.0,32.0,19.0,47.0,118.0,34.0,228.0,1.0,2.0,40.0,9.0,0.0,6.0,184.0,9.0,1.0,56.0,1.0,264.0,0
4.0,48.0,4.0,2.0,14.0,14.0,45.0,7.0,28.0,1.0,12.0,3.0,0.0,61.0,40.0,21.0,43.0,42.0,21.0,12.0,4.0,5.0,32.0,13.0,47.0,118.0,34.0,239.0,1.0,2.0,35.0,9.0,0.0,13.0,184.0,9.0,6.0,56.0,1.0,264.0,0
3.0,48.0,2.0,2.0,14.0,14.0,45.0,8.0,60.0,3.0,12.0,0.0,0.0,61.0,44.0,21.0,46.0,42.0,6.0,12.0,3.0,5.0,32.0,19.0,47.0,118.0,34.0,338.0,1.0,2.0,44.0,8.0,0.0,22.0,184.0,9.0,19.0,56.0,1.0,264.0,0
3.0,46.0,4.0,2.0,14.0,30.0,45.0,9.0,20.0,4.0,12.0,0.0,0.0,61.0,46.0,28.0,43.0,42.0,27.0,7.0,5.0,5.0,32.0,19.0,47.0,118.0,34.0,125.0,0.0,2.0,46.0,9.0,1.0,4.0,184.0,0.0,30.0,56.0,1.0,94.0,0
1.0,48.0,4.0,2.0,14.0,14.0,45.0,6.0,28.0,5.0,12.0,0.0,0.0,61.0,40.0,21.0,43.0,42.0,1.0,12.0,1.0,1.0,32.0,19.0,47.0,118.0,34.0,228.0,1.0,2.0,40.0,9.0,0.0,6.0,184.0,9.0,1.0,56.0,1.0,264.0,0
3.0,48.0,4.0,2.0,14.0,14.0,45.0,19.0,28.0,4.0,12.0,6.0,0.0,63.0,40.0,21.0,43.0,42.0,13.0,12.0,3.0,5.0,32.0,19.0,47.0,118.0,34.0,339.0,1.0,2.0,40.0,9.0,0.0,34.0,184.0,9.0,14.0,56.0,1.0,264.0,0
1.0,48.0,4.0,2.0,14.0,14.0,45.0,13.0,28.0,1.0,12.0,6.0,0.0,61.0,40.0,21.0,34.0,42.0,4.0,12.0,1.0,5.0,32.0,19.0,47.0,118.0,34.0,339.0,1.0,0.0,34.0,2.0,0.0,13.0,184.0,9.0,14.0,56.0,0.0,264.0,0
3.0,48.0,4.0,2.0,14.0,14.0,45.0,12.0,28.0,0.0,12.0,5.0,0.0,61.0,40.0,21.0,34.0,42.0,27.0,12.0,5.0,5.0,32.0,19.0,47.0,118.0,34.0,5.0,1.0,2.0,34.0,0.0,1.0,0.0,184.0,9.0,32.0,56.0,1.0,264.0,0
4.0,48.0,4.0,2.0,14.0,14.0,45.0,7.0,28.0,1.0,12.0,3.0,0.0,61.0,40.0,21.0,43.0,42.0,21.0,12.0,4.0,5.0,32.0,13.0,47.0,118.0,34.0,239.0,1.0,2.0,35.0,9.0,0.0,13.0,184.0,9.0,6.0,56.0,1.0,264.0,0
3.0,48.0,2.0,2.0,14.0,14.0,45.0,8.0,60.0,3.0,12.0,0.0,0.0,61.0,44.0,21.0,46.0,42.0,6.0,12.0,3.0,5.0,32.0,19.0,47.0,118.0,34.0,338.0,1.0,2.0,44.0,8.0,0.0,22.0,184.0,9.0,19.0,56.0,1.0,264.0,0
3.0,46.0,4.0,2.0,14.0,34.0,45.0,9.0,20.0,4.0,12.0,0.0,0.0,61.0,46.0,32.0,43.0,42.0,27.0,9.0,5.0,5.0,32.0,19.0,47.0,118.0,34.0,157.0,0.0,2.0,46.0,9.0,1.0,4.0,184.0,0.0,34.0,56.0,1.0,100.0,0
3.0,48.0,4.0,2.0,4.0,14.0,45.0,0.0,8.0,1.0,12.0,0.0,0.0,61.0,40.0,3.0,43.0,42.0,27.0,8.0,5.0,5.0,32.0,19.0,41.0,118.0,34.0,7.0,0.0,2.0,40.0,9.0,1.0,24.0,1.0,0.0,5.0,56.0,1.0,74.0,0
3.0,48.0,4.0,2.0,12.0,13.0,45.0,18.0,28.0,9.0,12.0,0.0,0.0,61.0,40.0,11.0,43.0,42.0,27.0,0.0,5.0,5.0,32.0,19.0,49.0,118.0,34.0,281.0,0.0,2.0,48.0,9.0,1.0,15.0,130.0,4.0,13.0,56.0,1.0,75.0,0
3.0,48.0,4.0,2.0,37.0,14.0,45.0,0.0,8.0,1.0,12.0,0.0,0.0,61.0,40.0,36.0,43.0,42.0,27.0,10.0,5.0,38.0,32.0,19.0,41.0,118.0,34.0,31.0,0.0,2.0,40.0,9.0,1.0,24.0,26.0,4.0,38.0,56.0,1.0,2.0,0
3.0,50.0,4.0,2.0,12.0,13.0,45.0,18.0,28.0,9.0,12.0,0.0,0.0,61.0,40.0,11.0,43.0,42.0,27.0,0.0,5.0,5.0,32.0,19.0,51.0,118.0,34.0,274.0,0.0,2.0,50.0,9.0,1.0,15.0,123.0,4.0,13.0,56.0,1.0,67.0,0
3.0,48.0,4.0,2.0,25.0,14.0,45.0,0.0,8.0,1.0,12.0,0.0,0.0,61.0,40.0,24.0,43.0,42.0,27.0,5.0,5.0,26.0,32.0,19.0,41.0,118.0,34.0,20.0,0.0,2.0,40.0,9.0,1.0,24.0,15.0,0.0,26.0,56.0,1.0,234.0,0
3.0,48.0,4.0,2.0,20.0,21.0,45.0,18.0,28.0,9.0,20.0,0.0,0.0,61.0,40.0,19.0,43.0,42.0,27.0,2.0,5.0,5.0,32.0,19.0,49.0,118.0,34.0,331.0,0.0,2.0,48.0,9.0,1.0,15.0,180.0,7.0,21.0,56.0,1.0,260.0,0
0.0,48.0,1.0,0.0,14.0,14.0,41.0,10.0,30.0,6.0,12.0,0.0,0.0,61.0,40.0,21.0,43.0,42.0,0.0,12.0,0.0,2.0,32.0,19.0,47.0,118.0,34.0,229.0,1.0,2.0,40.0,9.0,0.0,9.0,184.0,9.0,2.0,56.0,1.0,264.0,0
3.0,50.0,4.0,2.0,14.0,1.0,45.0,11.0,28.0,5.0,12.0,4.0,0.0,61.0,50.0,21.0,43.0,42.0,27.0,12.0,5.0,5.0,32.0,19.0,47.0,118.0,34.0,228.0,1.0,2.0,50.0,9.0,1.0,6.0,184.0,9.0,1.0,56.0,1.0,264.0,0
3.0,48.0,4.0,2.0,14.0,14.0,45.0,14.0,38.0,7.0,12.0,0.0,0.0,61.0,44.0,21.0,45.0,44.0,27.0,12.0,5.0,2.0,32.0,19.0,47.0,118.0,34.0,230.0,1.0,2.0,44.0,0.0,1.0,11.0,184.0,9.0,2.0,56.0,1.0,264.0,0
3.0,48.0,4.0,2.0,14.0,14.0,45.0,15.0,38.0,7.0,12.0,0.0,0.0,61.0,48.0,21.0,49.0,42.0,27.0,12.0,5.0,5.0,32.0,19.0,47.0,118.0,34.0,231.0,1.0,2.0,48.0,1.0,1.0,11.0,184.0,9.0,14.0,56.0,1.0,264.0,0
4.0,48.0,3.0,2.0,14.0,14.0,42.0,2.0,20.0,4.0,12.0,0.0,0.0,61.0,40.0,21.0,43.0,42.0,15.0,12.0,4.0,100.0,27.0,19.0,47.0,118.0,34.0,223.0,1.0,2.0,40.0,7.0,0.0,4.0,184.0,9.0,100.0,133.0,1.0,264.0,0
3.0,61.0,4.0,2.0,14.0,15.0,45.0,18.0,28.0,9.0,14.0,0.0,0.0,61.0,40.0,13.0,43.0,42.0,27.0,1.0,5.0,5.0,32.0,19.0,62.0,118.0,34.0,301.0,0.0,2.0,61.0,9.0,1.0,15.0,150.0,4.0,15.0,56.0,1.0,197.0,0
3.0,48.0,4.0,2.0,39.0,14.0,45.0,0.0,8.0,1.0,12.0,0.0,0.0,61.0,42.0,38.0,43.0,42.0,27.0,11.0,5.0,40.0,32.0,19.0,43.0,118.0,34.0,102.0,0.0,2.0,42.0,9.0,1.0,24.0,97.0,4.0,40.0,56.0,1.0,196.0,0
1.0,48.0,4.0,2.0,14.0,14.0,45.0,6.0,28.0,5.0,12.0,0.0,0.0,61.0,40.0,21.0,43.0,42.0,1.0,12.0,1.0,1.0,32.0,19.0,47.0,118.0,34.0,228.0,1.0,2.0,40.0,9.0,0.0,6.0,184.0,9.0,1.0,56.0,1.0,264.0,0
3.0,48.0,4.0,2.0,14.0,14.0,45.0,7.0,28.0,1.0,12.0,3.0,0.0,61.0,40.0,21.0,43.0,42.0,24.0,12.0,3.0,5.0,32.0,16.0,47.0,118.0,34.0,236.0,1.0,2.0,35.0,9.0,0.0,13.0,184.0,9.0,6.0,56.0,1.0,264.0,0
3.0,48.0,2.0,2.0,14.0,14.0,45.0,8.0,60.0,3.0,12.0,0.0,0.0,61.0,44.0,21.0,46.0,42.0,6.0,12.0,3.0,5.0,32.0,19.0,47.0,118.0,34.0,338.0,1.0,2.0,44.0,8.0,0.0,22.0,184.0,9.0,19.0,56.0,1.0,264.0,0
3.0,46.0,4.0,2.0,14.0,23.0,45.0,9.0,20.0,4.0,12.0,0.0,0.0,61.0,46.0,21.0,43.0,42.0,27.0,4.0,5.0,5.0,32.0,19.0,47.0,118.0,34.0,117.0,0.0,2.0,46.0,9.0,1.0,4.0,184.0,0.0,23.0,56.0,1.0,91.0,0
1.0,48.0,4.0,2.0,14.0,14.0,45.0,6.0,28.0,5.0,12.0,0.0,0.0,61.0,40.0,21.0,43.0,42.0,1.0,12.0,1.0,1.0,32.0,19.0,47.0,118.0,34.0,228.0,1.0,2.0,40.0,9.0,0.0,6.0,184.0,9.0,1.0,56.0,1.0,264.0,0
3.0,48.0,4.0,2.0,14.0,14.0,45.0,19.0,28.0,4.0,12.0,6.0,0.0,63.0,40.0,21.0,43.0,42.0,13.0,12.0,3.0,5.0,32.0,19.0,47.0,118.0,34.0,339.0,1.0,2.0,40.0,9.0,0.0,34.0,184.0,9.0,14.0,56.0,1.0,264.0,0
1.0,48.0,4.0,2.0,14.0,14.0,45.0,13.0,28.0,1.0,12.0,6.0,0.0,61.0,40.0,21.0,34.0,42.0,4.0,12.0,1.0,5.0,32.0,19.0,47.0,118.0,34.0,339.0,1.0,0.0,34.0,2.0,0.0,13.0,184.0,9.0,14.0,56.0,0.0,264.0,0
3.0,48.0,4.0,2.0,14.0,14.0,45.0,12.0,28.0,0.0,12.0,5.0,0.0,61.0,40.0,21.0,34.0,42.0,27.0,12.0,5.0,5.0,32.0,19.0,47.0,118.0,34.0,5.0,1.0,2.0,34.0,0.0,1.0,0.0,184.0,9.0,32.0,56.0,1.0,264.0,0
4.0,48.0,4.0,2.0,14.0,14.0,45.0,7.0,28.0,1.0,12.0,3.0,0.0,61.0,40.0,21.0,43.0,42.0,25.0,12.0,4.0,5.0,32.0,17.0,47.0,118.0,34.0,237.0,1.0,2.0,35.0,9.0,0.0,13.0,184.0,9.0,6.0,56.0,1.0,264.0,0
3.0,48.0,2.0,2.0,14.0,14.0,45.0,8.0,60.0,3.0,12.0,0.0,0.0,61.0,44.0,21.0,46.0,42.0,6.0,12.0,3.0,5.0,32.0,19.0,47.0,118.0,34.0,338.0,1.0,2.0,44.0,8.0,0.0,22.0,184.0,9.0,19.0,56.0,1.0,264.0,0
3.0,46.0,4.0,2.0,14.0,34.0,45.0,9.0,20.0,4.0,12.0,0.0,0.0,61.0,46.0,32.0,43.0,42.0,27.0,9.0,5.0,5.0,32.0,19.0,47.0,118.0,34.0,148.0,0.0,2.0,46.0,9.0,1.0,4.0,184.0,0.0,34.0,56.0,1.0,82.0,0
0.0,48.0,1.0,0.0,14.0,14.0,41.0,10.0,30.0,6.0,12.0,0.0,0.0,61.0,40.0,21.0,43.0,42.0,0.0,12.0,0.0,2.0,32.0,19.0,47.0,118.0,34.0,229.0,1.0,2.0,40.0,9.0,0.0,9.0,184.0,9.0,2.0,56.0,1.0,264.0,0
3.0,48.0,4.0,2.0,14.0,1.0,45.0,11.0,28.0,5.0,12.0,4.0,0.0,61.0,48.0,21.0,43.0,42.0,27.0,12.0,5.0,5.0,32.0,19.0,47.0,118.0,34.0,228.0,1.0,2.0,48.0,9.0,1.0,6.0,184.0,9.0,1.0,56.0,1.0,264.0,0
3.0,48.0,4.0,2.0,14.0,14.0,45.0,14.0,38.0,7.0,12.0,0.0,0.0,61.0,40.0,21.0,41.0,40.0,27.0,12.0,5.0,2.0,32.0,19.0,47.0,118.0,34.0,230.0,1.0,2.0,40.0,0.0,1.0,11.0,184.0,9.0,2.0,56.0,1.0,264.0,0
3.0,50.0,4.0,2.0,14.0,14.0,45.0,15.0,38.0,7.0,12.0,0.0,0.0,61.0,50.0,21.0,51.0,42.0,27.0,12.0,5.0,5.0,32.0,19.0,47.0,118.0,34.0,231.0,1.0,2.0,50.0,1.0,1.0,11.0,184.0,9.0,14.0,56.0,1.0,264.0,0
4.0,48.0,3.0,2.0,14.0,14.0,42.0,2.0,20.0,4.0,12.0,0.0,0.0,61.0,40.0,21.0,43.0,42.0,15.0,12.0,4.0,87.0,9.0,19.0,47.0,105.0,34.0,205.0,1.0,2.0,40.0,7.0,0.0,4.0,184.0,9.0,87.0,120.0,1.0,264.0,0
3.0,61.0,4.0,2.0,14.0,15.0,45.0,18.0,28.0,9.0,14.0,0.0,0.0,61.0,40.0,13.0,43.0,42.0,27.0,1.0,5.0,5.0,32.0,19.0,62.0,118.0,34.0,294.0,0.0,2.0,61.0,9.0,1.0,15.0,143.0,4.0,15.0,56.0,1.0,183.0,0
3.0,48.0,4.0,2.0,39.0,14.0,45.0,0.0,8.0,1.0,12.0,0.0,0.0,61.0,40.0,38.0,43.0,42.0,27.0,11.0,5.0,40.0,32.0,19.0,41.0,118.0,34.0,113.0,0.0,2.0,40.0,9.0,1.0,24.0,108.0,4.0,40.0,56.0,1.0,219.0,0
1.0,48.0,4.0,2.0,14.0,14.0,45.0,6.0,28.0,5.0,12.0,0.0,0.0,61.0,40.0,21.0,43.0,42.0,1.0,12.0,1.0,1.0,32.0,19.0,47.0,118.0,34.0,228.0,1.0,2.0,40.0,9.0,0.0,6.0,184.0,9.0,1.0,56.0,1.0,264.0,0
4.0,48.0,4.0,2.0,14.0,14.0,45.0,7.0,28.0,1.0,12.0,3.0,0.0,61.0,40.0,21.0,43.0,42.0,25.0,12.0,4.0,5.0,32.0,17.0,47.0,118.0,34.0,237.0,1.0,2.0,35.0,9.0,0.0,13.0,184.0,9.0,6.0,56.0,1.0,264.0,0
3.0,48.0,2.0,2.0,14.0,14.0,45.0,8.0,60.0,3.0,12.0,0.0,0.0,61.0,44.0,21.0,46.0,42.0,6.0,12.0,3.0,5.0,32.0,19.0,47.0,118.0,34.0,338.0,1.0,2.0,44.0,8.0,0.0,22.0,184.0,9.0,19.0,56.0,1.0,264.0,0
3.0,46.0,4.0,2.0,14.0,30.0,45.0,9.0,20.0,4.0,12.0,0.0,0.0,61.0,46.0,28.0,43.0,42.0,27.0,7.0,5.0,5.0,32.0,19.0,47.0,118.0,34.0,138.0,0.0,2.0,46.0,9.0,1.0,4.0,184.0,0.0,30.0,56.0,1.0,138.0,0
1.0,48.0,4.0,2.0,14.0,14.0,45.0,6.0,28.0,5.0,12.0,0.0,0.0,61.0,40.0,21.0,43.0,42.0,1.0,12.0,1.0,1.0,32.0,19.0,47.0,118.0,34.0,228.0,1.0,2.0,40.0,9.0,0.0,6.0,184.0,9.0,1.0,56.0,1.0,264.0,0
3.0,48.0,4.0,2.0,14.0,14.0,45.0,19.0,28.0,4.0,12.0,6.0,0.0,61.0,40.0,21.0,43.0,42.0,11.0,12.0,3.0,5.0,32.0,19.0,47.0,118.0,34.0,339.0,1.0,2.0,40.0,9.0,0.0,34.0,184.0,9.0,14.0,56.0,1.0,264.0,0
1.0,48.0,4.0,2.0,14.0,14.0,45.0,13.0,28.0,1.0,12.0,6.0,0.0,61.0,40.0,21.0,34.0,42.0,4.0,12.0,1.0,5.0,32.0,19.0,47.0,118.0,34.0,339.0,1.0,1.0,34.0,2.0,0.0,13.0,184.0,9.0,14.0,56.0,0.0,264.0,0
3.0,48.0,4.0,2.0,14.0,14.0,45.0,12.0,28.0,0.0,12.0,5.0,0.0,61.0,40.0,21.0,34.0,42.0,27.0,12.0,5.0,5.0,32.0,19.0,47.0,118.0,34.0,5.0,1.0,2.0,34.0,0.0,1.0,0.0,184.0,9.0,32.0,56.0,1.0,264.0,0
4.0,48.0,4.0,2.0,14.0,14.0,45.0,7.0,28.0,1.0,12.0,3.0,0.0,61.0,40.0,21.0,43.0,42.0,25.0,12.0,4.0,5.0,32.0,17.0,47.0,118.0,34.0,237.0,1.0,2.0,35.0,9.0,0.0,13.0,184.0,9.0,6.0,56.0,1.0,264.0,0
3.0,48.0,2.0,2.0,14.0,14.0,45.0,8.0,60.0,3.0,12.0,0.0,0.0,61.0,44.0,21.0,46.0,42.0,6.0,12.0,3.0,5.0,32.0,19.0,47.0,118.0,34.0,338.0,1.0,2.0,44.0,8.0,0.0,22.0,184.0,9.0,19.0,56.0,1.0,264.0,0
3.0,46.0,4.0,2.0,14.0,34.0,45.0,9.0,20.0,4.0,12.0,0.0,0.0,61.0,46.0,32.0,43.0,42.0,27.0,9.0,5.0,5.0,32.0,19.0,47.0,118.0,34.0,155.0,0.0,2.0,46.0,9.0,1.0,4.0,184.0,0.0,34.0,56.0,1.0,97.0,0
3.0,48.0,4.0,2.0,4.0,14.0,45.0,0.0,8.0,1.0,12.0,0.0,0.0,61.0,40.0,3.0,43.0,42.0,27.0,8.0,5.0,5.0,32.0,19.0,41.0,118.0,34.0,7.0,0.0,2.0,40.0,9.0,1.0,24.0,1.0,0.0,5.0,56.0,1.0,74.0,0
3.0,48.0,4.0,2.0,12.0,13.0,45.0,18.0,28.0,9.0,12.0,0.0,0.0,61.0,40.0,11.0,43.0,42.0,27.0,0.0,5.0,5.0,32.0,19.0,49.0,118.0,34.0,281.0,0.0,2.0,48.0,9.0,1.0,15.0,130.0,4.0,13.0,56.0,1.0,75.0,0
3.0,48.0,4.0,2.0,37.0,14.0,45.0,0.0,8.0,1.0,12.0,0.0,0.0,61.0,40.0,36.0,43.0,42.0,27.0,10.0,5.0,38.0,32.0,19.0,41.0,118.0,34.0,60.0,0.0,2.0,40.0,9.0,1.0,24.0,55.0,4.0,38.0,56.0,1.0,31.0,0
3.0,50.0,4.0,2.0,12.0,13.0,45.0,18.0,28.0,9.0,12.0,0.0,0.0,61.0,40.0,11.0,43.0,42.0,27.0,0.0,5.0,5.0,32.0,19.0,51.0,118.0,34.0,270.0,0.0,2.0,50.0,9.0,1.0,15.0,119.0,4.0,13.0,56.0,1.0,63.0,0
3.0,48.0,4.0,2.0,25.0,14.0,45.0,0.0,8.0,1.0,12.0,0.0,0.0,61.0,40.0,24.0,43.0,42.0,27.0,5.0,5.0,26.0,32.0,19.0,41.0,118.0,34.0,9.0,0.0,2.0,40.0,9.0,1.0,24.0,4.0,0.0,26.0,56.0,1.0,223.0,0
3.0,48.0,4.0,2.0,20.0,21.0,45.0,18.0,28.0,9.0,20.0,0.0,0.0,61.0,40.0,19.0,43.0,42.0,27.0,2.0,5.0,5.0,32.0,19.0,49.0,118.0,34.0,330.0,0.0,2.0,48.0,9.0,1.0,15.0,179.0,7.0,21.0,56.0,1.0,259.0,0
0.0,48.0,1.0,0.0,14.0,14.0,41.0,10.0,30.0,6.0,12.0,0.0,0.0,61.0,40.0,21.0,43.0,42.0,0.0,12.0,0.0,2.0,32.0,19.0,47.0,118.0,34.0,229.0,1.0,2.0,40.0,9.0,0.0,9.0,184.0,9.0,2.0,56.0,1.0,264.0,0
3.0,50.0,4.0,2.0,14.0,1.0,45.0,11.0,28.0,5.0,12.0,4.0,0.0,61.0,50.0,21.0,43.0,42.0,27.0,12.0,5.0,5.0,32.0,19.0,47.0,118.0,34.0,228.0,1.0,2.0,50.0,9.0,1.0,6.0,184.0,9.0,1.0,56.0,1.0,264.0,0
3.0,48.0,4.0,2.0,14.0,14.0,45.0,14.0,38.0,7.0,12.0,0.0,0.0,61.0,44.0,21.0,45.0,44.0,27.0,12.0,5.0,2.0,32.0,19.0,47.0,118.0,34.0,230.0,1.0,2.0,44.0,0.0,1.0,11.0,184.0,9.0,2.0,56.0,1.0,264.0,0
3.0,48.0,4.0,2.0,14.0,14.0,45.0,15.0,38.0,7.0,12.0,0.0,0.0,61.0,48.0,21.0,49.0,42.0,27.0,12.0,5.0,5.0,32.0,19.0,47.0,118.0,34.0,231.0,1.0,2.0,48.0,1.0,1.0,11.0,184.0,9.0,14.0,56.0,1.0,264.0,0
4.0,48.0,3.0,2.0,14.0,14.0,42.0,2.0,20.0,4.0,12.0,0.0,0.0,61.0,40.0,21.0,43.0,42.0,15.0,12.0,4.0,100.0,19.0,19.0,47.0,118.0,34.0,215.0,1.0,2.0,40.0,7.0,0.0,4.0,184.0,9.0,100.0,133.0,1.0,264.0,0
3.0,61.0,4.0,2.0,14.0,15.0,45.0,18.0,28.0,9.0,14.0,0.0,0.0,61.0,40.0,13.0,43.0,42.0,27.0,1.0,5.0,5.0,32.0,19.0,62.0,118.0,34.0,283.0,0.0,2.0,61.0,9.0,1.0,15.0,132.0,4.0,15.0,56.0,1.0,162.0,0
3.0,48.0,4.0,2.0,39.0,14.0,45.0,0.0,8.0,1.0,12.0,0.0,0.0,61.0,40.0,38.0,43.0,42.0,27.0,11.0,5.0,40.0,32.0,19.0,41.0,118.0,34.0,82.0,0.0,2.0,40.0,9.0,1.0,24.0,77.0,4.0,40.0,56.0,1.0,156.0,0
1.0,48.0,4.0,2.0,14.0,14.0,45.0,6.0,28.0,5.0,12.0,0.0,0.0,61.0,40.0,21.0,43.0,42.0,1.0,12.0,1.0,1.0,32.0,19.0,47.0,118.0,34.0,228.0,1.0,2.0,40.0,9.0,0.0,6.0,184.0,9.0,1.0,56.0,1.0,264.0,0
4.0,48.0,4.0,2.0,14.0,14.0,45.0,7.0,28.0,1.0,12.0,3.0,0.0,61.0,40.0,21.0,43.0,42.0,4.0,12.0,4.0,5.0,32.0,2.0,47.0,118.0,34.0,256.0,1.0,2.0,35.0,9.0,0.0,13.0,184.0,9.0,6.0,56.0,1.0,264.0,0
3.0,48.0,2.0,2.0,14.0,14.0,45.0,8.0,60.0,3.0,12.0,0.0,0.0,61.0,44.0,21.0,46.0,42.0,6.0,12.0,3.0,5.0,32.0,19.0,47.0,118.0,34.0,338.0,1.0,2.0,44.0,8.0,0.0,22.0,184.0,9.0,19.0,56.0,1.0,264.0,0
3.0,46.0,4.0,2.0,14.0,30.0,45.0,9.0,20.0,4.0,12.0,0.0,0.0,61.0,46.0,28.0,43.0,42.0,27.0,7.0,5.0,5.0,32.0,19.0,47.0,118.0,34.0,134.0,0.0,2.0,46.0,9.0,1.0,4.0,184.0,0.0,30.0,56.0,1.0,128.0,0
1.0,48.0,4.0,2.0,14.0,14.0,45.0,6.0,28.0,5.0,12.0,0.0,0.0,61.0,40.0,21.0,43.0,42.0,1.0,12.0,1.0,1.0,32.0,19.0,47.0,118.0,34.0,228.0,1.0,2.0,40.0,9.0,0.0,6.0,184.0,9.0,1.0,56.0,1.0,264.0,0
3.0,48.0,4.0,2.0,14.0,14.0,45.0,19.0,28.0,4.0,12.0,6.0,0.0,60.0,40.0,21.0,43.0,42.0,10.0,12.0,3.0,5.0,32.0,19.0,47.0,118.0,34.0,339.0,1.0,2.0,40.0,9.0,0.0,34.0,184.0,9.0,14.0,56.0,1.0,264.0,0
1.0,48.0,4.0,2.0,14.0,14.0,45.0,13.0,28.0,1.0,12.0,6.0,0.0,61.0,40.0,21.0,34.0,42.0,4.0,12.0,1.0,5.0,32.0,19.0,47.0,118.0,34.0,339.0,1.0,0.0,34.0,2.0,0.0,13.0,184.0,9.0,14.0,56.0,0.0,264.0,0
3.0,48.0,4.0,2.0,14.0,14.0,45.0,12.0,28.0,0.0,12.0,5.0,0.0,61.0,40.0,21.0,34.0,42.0,27.0,12.0,5.0,5.0,32.0,19.0,47.0,118.0,34.0,5.0,1.0,2.0,34.0,0.0,1.0,0.0,184.0,9.0,32.0,56.0,1.0,264.0,0
4.0,48.0,4.0,2.0,14.0,14.0,45.0,7.0,28.0,1.0,12.0,3.0,0.0,61.0,40.0,21.0,43.0,42.0,4.0,12.0,4.0,5.0,32.0,2.0,47.0,118.0,34.0,256.0,1.0,2.0,35.0,9.0,0.0,13.0,184.0,9.0,6.0,56.0,1.0,264.0,0
3.0,48.0,2.0,2.0,14.0,14.0,45.0,8.0,60.0,3.0,12.0,0.0,0.0,61.0,44.0,21.0,46.0,42.0,6.0,12.0,3.0,5.0,32.0,19.0,47.0,118.0,34.0,338.0,1.0,2.0,44.0,8.0,0.0,22.0,184.0,9.0,19.0,56.0,1.0,264.0,0
3.0,46.0,4.0,2.0,14.0,34.0,45.0,9.0,20.0,4.0,12.0,0.0,0.0,61.0,46.0,32.0,43.0,42.0,27.0,9.0,5.0,5.0,32.0,19.0,47.0,118.0,34.0,173.0,0.0,2.0,46.0,9.0,1.0,4.0,184.0,0.0,34.0,56.0,1.0,126.0,0
3.0,48.0,4.0,2.0,4.0,14.0,45.0,0.0,8.0,1.0,12.0,0.0,0.0,61.0,40.0,3.0,43.0,42.0,27.0,8.0,5.0,5.0,32.0,19.0,41.0,118.0,34.0,7.0,0.0,2.0,40.0,9.0,1.0,24.0,1.0,0.0,5.0,56.0,1.0,74.0,0
3.0,48.0,4.0,2.0,12.0,13.0,45.0,18.0,28.0,9.0,12.0,0.0,0.0,61.0,40.0,11.0,43.0,42.0,27.0,0.0,5.0,5.0,32.0,19.0,49.0,118.0,34.0,281.0,0.0,2.0,48.0,9.0,1.0,15.0,130.0,4.0,13.0,56.0,1.0,75.0,0
3.0,48.0,4.0,2.0,37.0,14.0,45.0,0.0,8.0,1.0,12.0,0.0,0.0,61.0,40.0,36.0,43.0,42.0,27.0,10.0,5.0,38.0,32.0,19.0,41.0,118.0,34.0,61.0,0.0,2.0,40.0,9.0,1.0,24.0,56.0,4.0,38.0,56.0,1.0,32.0,0
3.0,50.0,4.0,2.0,12.0,13.0,45.0,18.0,28.0,9.0,12.0,0.0,0.0,61.0,40.0,11.0,43.0,42.0,27.0,0.0,5.0,5.0,32.0,19.0,51.0,118.0,34.0,278.0,0.0,2.0,50.0,9.0,1.0,15.0,127.0,4.0,13.0,56.0,1.0,71.0,0
3.0,48.0,4.0,2.0,25.0,14.0,45.0,0.0,8.0,1.0,12.0,0.0,0.0,61.0,40.0,24.0,43.0,42.0,27.0,5.0,5.0,26.0,32.0,19.0,41.0,118.0,34.0,12.0,0.0,2.0,40.0,9.0,1.0,24.0,7.0,0.0,26.0,56.0,1.0,226.0,0
3.0,48.0,4.0,2.0,20.0,21.0,45.0,18.0,28.0,9.0,20.0,0.0,0.0,61.0,40.0,19.0,43.0,42.0,27.0,2.0,5.0,5.0,32.0,19.0,49.0,118.0,34.0,316.0,0.0,2.0,48.0,9.0,1.0,15.0,165.0,7.0,21.0,56.0,1.0,245.0,0
0.0,48.0,1.0,0.0,14.0,14.0,41.0,10.0,30.0,6.0,12.0,0.0,0.0,61.0,40.0,21.0,43.0,42.0,0.0,12.0,0.0,2.0,32.0,19.0,47.0,118.0,34.0,229.0,1.0,2.0,40.0,9.0,0.0,9.0,184.0,9.0,2.0,56.0,1.0,264.0,0
3.0,50.0,4.0,2.0,14.0,1.0,45.0,11.0,28.0,5.0,12.0,4.0,0.0,61.0,50.0,21.0,43.0,42.0,27.0,12.0,5.0,5.0,32.0,19.0,47.0,118.0,34.0,228.0,1.0,2.0,50.0,9.0,1.0,6.0,184.0,9.0,1.0,56.0,1.0,264.0,0
3.0,48.0,4.0,2.0,14.0,14.0,45.0,14.0,38.0,7.0,12.0,0.0,0.0,61.0,44.0,21.0,45.0,44.0,27.0,12.0,5.0,2.0,32.0,19.0,47.0,118.0,34.0,230.0,1.0,2.0,44.0,0.0,1.0,11.0,184.0,9.0,2.0,56.0,1.0,264.0,0
3.0,48.0,4.0,2.0,14.0,14.0,45.0,15.0,38.0,7.0,12.0,0.0,0.0,61.0,48.0,21.0,49.0,42.0,27.0,12.0,5.0,5.0,32.0,19.0,47.0,118.0,34.0,231.0,1.0,2.0,48.0,1.0,1.0,11.0,184.0,9.0,14.0,56.0,1.0,264.0,0
4.0,48.0,3.0,2.0,14.0,14.0,42.0,2.0,20.0,4.0,12.0,0.0,0.0,61.0,40.0,21.0,43.0,42.0,15.0,12.0,4.0,100.0,30.0,19.0,47.0,118.0,34.0,226.0,1.0,2.0,40.0,7.0,0.0,4.0,184.0,9.0,100.0,133.0,1.0,264.0,0
3.0,61.0,4.0,2.0,14.0,15.0,45.0,18.0,28.0,9.0,14.0,0.0,0.0,61.0,40.0,13.0,43.0,42.0,27.0,1.0,5.0,5.0,32.0,19.0,62.0,118.0,34.0,303.0,0.0,2.0,61.0,9.0,1.0,15.0,152.0,4.0,15.0,56.0,1.0,203.0,0
3.0,48.0,4.0,2.0,39.0,14.0,45.0,0.0,8.0,1.0,12.0,0.0,0.0,61.0,42.0,38.0,43.0,42.0,27.0,11.0,5.0,40.0,32.0,19.0,43.0,118.0,34.0,86.0,0.0,2.0,42.0,9.0,1.0,24.0,81.0,4.0,40.0,56.0,1.0,161.0,0
1.0,48.0,4.0,2.0,14.0,14.0,45.0,6.0,28.0,5.0,12.0,0.0,0.0,61.0,40.0,21.0,43.0,42.0,1.0,12.0,1.0,1.0,32.0,19.0,47.0,118.0,34.0,228.0,1.0,2.0,40.0,9.0,0.0,6.0,184.0,9.0,1.0,56.0,1.0,264.0,0
3.0,48.0,4.0,2.0,14.0,14.0,45.0,7.0,28.0,1.0,12.0,3.0,0.0,61.0,40.0,21.0,43.0,42.0,2.0,12.0,3.0,5.0,32.0,0.0,47.0,118.0,34.0,232.0,1.0,2.0,35.0,9.0,0.0,13.0,184.0,9.0,6.0,56.0,1.0,264.0,0
3.0,48.0,2.0,2.0,14.0,14.0,45.0,8.0,60.0,3.0,12.0,0.0,0.0,61.0,44.0,21.0,46.0,42.0,6.0,12.0,3.0,5.0,32.0,19.0,47.0,118.0,34.0,338.0,1.0,2.0,44.0,8.0,0.0,22.0,184.0,9.0,19.0,56.0,1.0,264.0,0
3.0,46.0,4.0,2.0,14.0,23.0,45.0,9.0,20.0,4.0,12.0,0.0,0.0,61.0,46.0,21.0,43.0,42.0,27.0,4.0,5.0,5.0,32.0,19.0,47.0,118.0,34.0,116.0,0.0,2.0,46.0,9.0,1.0,4.0,184.0,0.0,23.0,56.0,1.0,80.0,0
1.0,48.0,4.0,2.0,14.0,14.0,45.0,6.0,28.0,5.0,12.0,0.0,0.0,61.0,40.0,21.0,43.0,42.0,1.0,12.0,1.0,1.0,32.0,19.0,47.0,118.0,34.0,228.0,1.0,2.0,40.0,9.0,0.0,6.0,184.0,9.0,1.0,56.0,1.0,264.0,0
3.0,48.0,4.0,2.0,14.0,14.0,45.0,19.0,28.0,4.0,12.0,6.0,0.0,60.0,40.0,21.0,43.0,42.0,10.0,12.0,3.0,5.0,32.0,19.0,47.0,118.0,34.0,339.0,1.0,2.0,40.0,9.0,0.0,34.0,184.0,9.0,14.0,56.0,1.0,264.0,0
1.0,48.0,4.0,2.0,14.0,14.0,45.0,13.0,28.0,1.0,12.0,6.0,0.0,61.0,40.0,21.0,34.0,42.0,4.0,12.0,1.0,5.0,32.0,19.0,47.0,118.0,34.0,339.0,1.0,0.0,34.0,2.0,0.0,13.0,184.0,9.0,14.0,56.0,0.0,264.0,0
3.0,48.0,4.0,2.0,14.0,14.0,45.0,12.0,28.0,0.0,12.0,5.0,0.0,61.0,40.0,21.0,34.0,42.0,27.0,12.0,5.0,5.0,32.0,19.0,47.0,118.0,34.0,5.0,1.0,2.0,34.0,0.0,1.0,0.0,184.0,9.0,32.0,56.0,1.0,264.0,0
4.0,48.0,4.0,2.0,14.0,14.0,45.0,7.0,28.0,1.0,12.0,3.0,0.0,61.0,40.0,21.0,43.0,42.0,3.0,12.0,4.0,5.0,32.0,7.0,47.0,118.0,34.0,233.0,1.0,2.0,35.0,9.0,0.0,13.0,184.0,9.0,6.0,56.0,1.0,264.0,0
3.0,48.0,2.0,2.0,14.0,14.0,45.0,8.0,60.0,3.0,12.0,0.0,0.0,61.0,44.0,21.0,46.0,42.0,6.0,12.0,3.0,5.0,32.0,19.0,47.0,118.0,34.0,338.0,1.0,2.0,44.0,8.0,0.0,22.0,184.0,9.0,19.0,56.0,1.0,264.0,0
3.0,46.0,4.0,2.0,14.0,34.0,45.0,9.0,20.0,4.0,12.0,0.0,0.0,61.0,46.0,32.0,43.0,42.0,27.0,9.0,5.0,5.0,32.0,19.0,47.0,118.0,34.0,161.0,0.0,2.0,46.0,9.0,1.0,4.0,184.0,0.0,34.0,56.0,1.0,107.0,0
0.0,48.0,1.0,0.0,14.0,14.0,41.0,10.0,30.0,6.0,12.0,0.0,0.0,61.0,40.0,21.0,43.0,42.0,0.0,12.0,0.0,2.0,32.0,19.0,47.0,118.0,34.0,229.0,1.0,2.0,40.0,9.0,0.0,9.0,184.0,9.0,2.0,56.0,1.0,264.0,0
3.0,48.0,4.0,2.0,14.0,1.0,45.0,11.0,28.0,5.0,12.0,4.0,0.0,61.0,48.0,21.0,43.0,42.0,27.0,12.0,5.0,5.0,32.0,19.0,47.0,118.0,34.0,228.0,1.0,2.0,48.0,9.0,1.0,6.0,184.0,9.0,1.0,56.0,1.0,264.0,0
3.0,48.0,4.0,2.0,14.0,14.0,45.0,14.0,38.0,7.0,12.0,0.0,0.0,61.0,40.0,21.0,41.0,40.0,27.0,12.0,5.0,2.0,32.0,19.0,47.0,118.0,34.0,230.0,1.0,2.0,40.0,0.0,1.0,11.0,184.0,9.0,2.0,56.0,1.0,264.0,0
3.0,50.0,4.0,2.0,14.0,14.0,45.0,15.0,38.0,7.0,12.0,0.0,0.0,61.0,50.0,21.0,51.0,42.0,27.0,12.0,5.0,5.0,32.0,19.0,47.0,118.0,34.0,231.0,1.0,2.0,50.0,1.0,1.0,11.0,184.0,9.0,14.0,56.0,1.0,264.0,0
4.0,48.0,3.0,2.0,14.0,14.0,42.0,2.0,20.0,4.0,12.0,0.0,0.0,61.0,40.0,21.0,43.0,42.0,15.0,12.0,4.0,87.0,4.0,19.0,47.0,105.0,34.0,200.0,1.0,2.0,40.0,7.0,0.0,4.0,184.0,9.0,87.0,120.0,1.0,264.0,0
3.0,61.0,4.0,2.0,14.0,15.0,45.0,18.0,28.0,9.0,14.0,0.0,0.0,61.0,40.0,13.0,43.0,42.0,27.0,1.0,5.0,5.0,32.0,19.0,62.0,118.0,34.0,306.0,0.0,2.0,61.0,9.0,1.0,15.0,155.0,4.0,15.0,56.0,1.0,206.0,0
3.0,48.0,4.0,2.0,39.0,14.0,45.0,0.0,8.0,1.0,12.0,0.0,0.0,61.0,40.0,38.0,43.0,42.0,27.0,11.0,5.0,40.0,32.0,19.0,41.0,118.0,34.0,84.0,0.0,2.0,40.0,9.0,1.0,24.0,79.0,4.0,40.0,56.0,1.0,159.0,0
1.0,48.0,4.0,2.0,14.0,14.0,45.0,6.0,28.0,5.0,12.0,0.0,0.0,61.0,40.0,21.0,43.0,42.0,1.0,12.0,1.0,1.0,32.0,19.0,47.0,118.0,34.0,228.0,1.0,2.0,40.0,9.0,0.0,6.0,184.0,9.0,1.0,56.0,1.0,264.0,0
4.0,48.0,4.0,2.0,14.0,14.0,45.0,7.0,28.0,1.0,12.0,3.0,0.0,61.0,40.0,21.0,43.0,42.0,3.0,12.0,4.0,5.0,32.0,7.0,47.0,118.0,34.0,233.0,1.0,2.0,35.0,9.0,0.0,13.0,184.0,9.0,6.0,56.0,1.0,264.0,0
3.0,48.0,2.0,2.0,14.0,14.0,45.0,8.0,60.0,3.0,12.0,0.0,0.0,61.0,44.0,21.0,46.0,42.0,6.0,12.0,3.0,5.0,32.0,19.0,47.0,118.0,34.0,338.0,1.0,2.0,44.0,8.0,0.0,22.0,184.0,9.0,19.0,56.0,1.0,264.0,0
3.0,46.0,4.0,2.0,14.0,30.0,45.0,9.0,20.0,4.0,12.0,0.0,0.0,61.0,46.0,28.0,43.0,42.0,27.0,7.0,5.0,5.0,32.0,19.0,47.0,118.0,34.0,137.0,0.0,2.0,46.0,9.0,1.0,4.0,184.0,0.0,30.0,56.0,1.0,136.0,0
3.0,48.0,4.0,2.0,26.0,14.0,45.0,0.0,8.0,1.0,12.0,0.0,0.0,61.0,40.0,25.0,43.0,42.0,27.0,6.0,5.0,27.0,32.0,19.0,41.0,118.0,34.0,30.0,0.0,2.0,40.0,9.0,1.0,24.0,25.0,0.0,27.0,56.0,1.0,208.0,0
1.0,48.0,4.0,2.0,14.0,14.0,45.0,6.0,28.0,5.0,12.0,0.0,0.0,61.0,40.0,21.0,43.0,42.0,1.0,12.0,1.0,1.0,32.0,19.0,47.0,118.0,34.0,228.0,1.0,2.0,40.0,9.0,0.0,6.0,184.0,9.0,1.0,56.0,1.0,264.0,0
3.0,48.0,4.0,2.0,14.0,14.0,45.0,19.0,28.0,4.0,12.0,6.0,0.0,62.0,40.0,21.0,43.0,42.0,12.0,12.0,3.0,5.0,32.0,19.0,47.0,118.0,34.0,339.0,1.0,2.0,40.0,9.0,0.0,34.0,184.0,9.0,14.0,56.0,1.0,264.0,0
1.0,48.0,4.0,2.0,14.0,14.0,45.0,13.0,28.0,1.0,12.0,6.0,0.0,61.0,40.0,21.0,34.0,42.0,4.0,12.0,1.0,5.0,32.0,19.0,47.0,118.0,34.0,339.0,1.0,0.0,34.0,2.0,0.0,13.0,184.0,9.0,14.0,56.0,0.0,264.0,0
3.0,48.0,4.0,2.0,14.0,14.0,45.0,12.0,28.0,0.0,12.0,5.0,0.0,61.0,40.0,21.0,34.0,42.0,27.0,12.0,5.0,5.0,32.0,19.0,47.0,118.0,34.0,5.0,1.0,2.0,34.0,0.0,1.0,0.0,184.0,9.0,32.0,56.0,1.0,264.0,0
4.0,48.0,4.0,2.0,14.0,14.0,45.0,7.0,28.0,1.0,12.0,3.0,0.0,61.0,40.0,21.0,43.0,42.0,3.0,12.0,4.0,5.0,32.0,7.0,47.0,118.0,34.0,233.0,1.0,2.0,35.0,9.0,0.0,13.0,184.0,9.0,6.0,56.0,1.0,264.0,0
3.0,48.0,2.0,2.0,14.0,14.0,45.0,8.0,60.0,3.0,12.0,0.0,0.0,61.0,44.0,21.0,46.0,42.0,6.0,12.0,3.0,5.0,32.0,19.0,47.0,118.0,34.0,338.0,1.0,2.0,44.0,8.0,0.0,22.0,184.0,9.0,19.0,56.0,1.0,264.0,0
3.0,46.0,4.0,2.0,14.0,34.0,45.0,9.0,20.0,4.0,12.0,0.0,0.0,61.0,46.0,32.0,43.0,42.0,27.0,9.0,5.0,5.0,32.0,19.0,47.0,118.0,34.0,166.0,0.0,2.0,46.0,9.0,1.0,4.0,184.0,0.0,34.0,56.0,1.0,114.0,0
0.0,48.0,1.0,0.0,14.0,14.0,41.0,10.0,30.0,6.0,12.0,0.0,0.0,61.0,40.0,21.0,43.0,42.0,0.0,12.0,0.0,2.0,32.0,19.0,47.0,118.0,34.0,229.0,1.0,2.0,40.0,9.0,0.0,9.0,184.0,9.0,2.0,56.0,1.0,264.0,0
3.0,48.0,4.0,2.0,14.0,1.0,45.0,11.0,28.0,5.0,12.0,4.0,0.0,61.0,48.0,21.0,43.0,42.0,27.0,12.0,5.0,5.0,32.0,19.0,47.0,118.0,34.0,228.0,1.0,2.0,48.0,9.0,1.0,6.0,184.0,9.0,1.0,56.0,1.0,264.0,0
3.0,48.0,4.0,2.0,14.0,14.0,45.0,14.0,38.0,7.0,12.0,0.0,0.0,61.0,40.0,21.0,41.0,40.0,27.0,12.0,5.0,2.0,32.0,19.0,47.0,118.0,34.0,230.0,1.0,2.0,40.0,0.0,1.0,11.0,184.0,9.0,2.0,56.0,1.0,264.0,0
3.0,50.0,4.0,2.0,14.0,14.0,45.0,15.0,38.0,7.0,12.0,0.0,0.0,61.0,50.0,21.0,51.0,42.0,27.0,12.0,5.0,5.0,32.0,19.0,47.0,118.0,34.0,231.0,1.0,2.0,50.0,1.0,1.0,11.0,184.0,9.0,14.0,56.0,1.0,264.0,0
4.0,48.0,3.0,2.0,14.0,14.0,42.0,2.0,20.0,4.0,12.0,0.0,0.0,61.0,40.0,21.0,43.0,42.0,15.0,12.0,4.0,87.0,2.0,19.0,47.0,105.0,34.0,198.0,1.0,2.0,40.0,7.0,0.0,4.0,184.0,9.0,87.0,120.0,1.0,264.0,0
3.0,61.0,4.0,2.0,14.0,15.0,45.0,18.0,28.0,9.0,14.0,0.0,0.0,61.0,40.0,13.0,43.0,42.0,27.0,1.0,5.0,5.0,32.0,19.0,62.0,118.0,34.0,308.0,0.0,2.0,61.0,9.0,1.0,15.0,157.0,4.0,15.0,56.0,1.0,209.0,0
3.0,48.0,4.0,2.0,39.0,14.0,45.0,0.0,8.0,1.0,12.0,0.0,0.0,61.0,40.0,38.0,43.0,42.0,27.0,11.0,5.0,40.0,32.0,19.0,41.0,118.0,34.0,101.0,0.0,2.0,40.0,9.0,1.0,24.0,96.0,4.0,40.0,56.0,1.0,195.0,0
1.0,48.0,4.0,2.0,14.0,14.0,45.0,6.0,28.0,5.0,12.0,0.0,0.0,61.0,40.0,21.0,43.0,42.0,1.0,12.0,1.0,1.0,32.0,19.0,47.0,118.0,34.0,228.0,1.0,2.0,40.0,9.0,0.0,6.0,184.0,9.0,1.0,56.0,1.0,264.0,0
4.0,48.0,4.0,2.0,14.0,14.0,45.0,7.0,28.0,1.0,12.0,3.0,0.0,61.0,40.0,21.0,43.0,42.0,3.0,12.0,4.0,5.0,32.0,7.0,47.0,118.0,34.0,233.0,1.0,2.0,35.0,9.0,0.0,13.0,184.0,9.0,6.0,56.0,1.0,264.0,0
3.0,48.0,2.0,2.0,14.0,14.0,45.0,8.0,60.0,3.0,12.0,0.0,0.0,61.0,44.0,21.0,46.0,42.0,6.0,12.0,3.0,5.0,32.0,19.0,47.0,118.0,34.0,338.0,1.0,2.0,44.0,8.0,0.0,22.0,184.0,9.0,19.0,56.0,1.0,264.0,0
3.0,46.0,4.0,2.0,14.0,30.0,45.0,9.0,20.0,4.0,12.0,0.0,0.0,61.0,46.0,28.0,43.0,42.0,27.0,7.0,5.0,5.0,32.0,19.0,47.0,118.0,34.0,144.0,0.0,2.0,46.0,9.0,1.0,4.0,184.0,0.0,30.0,56.0,1.0,153.0,0
1.0,48.0,4.0,2.0,14.0,14.0,45.0,6.0,28.0,5.0,12.0,0.0,0.0,61.0,40.0,21.0,43.0,42.0,1.0,12.0,1.0,1.0,32.0,19.0,47.0,118.0,34.0,228.0,1.0,2.0,40.0,9.0,0.0,6.0,184.0,9.0,1.0,56.0,1.0,264.0,0
3.0,48.0,4.0,2.0,14.0,14.0,45.0,19.0,28.0,4.0,12.0,6.0,0.0,61.0,40.0,21.0,43.0,42.0,11.0,12.0,3.0,5.0,32.0,19.0,47.0,118.0,34.0,339.0,1.0,2.0,40.0,9.0,0.0,34.0,184.0,9.0,14.0,56.0,1.0,264.0,0
1.0,48.0,4.0,2.0,14.0,14.0,45.0,13.0,28.0,1.0,12.0,6.0,0.0,61.0,40.0,21.0,34.0,42.0,4.0,12.0,1.0,5.0,32.0,19.0,47.0,118.0,34.0,339.0,1.0,1.0,34.0,2.0,0.0,13.0,184.0,9.0,14.0,56.0,0.0,264.0,0
3.0,48.0,4.0,2.0,14.0,14.0,45.0,12.0,28.0,0.0,12.0,5.0,0.0,61.0,40.0,21.0,34.0,42.0,27.0,12.0,5.0,5.0,32.0,19.0,47.0,118.0,34.0,5.0,1.0,2.0,34.0,0.0,1.0,0.0,184.0,9.0,32.0,56.0,1.0,264.0,0
4.0,48.0,4.0,2.0,14.0,14.0,45.0,7.0,28.0,1.0,12.0,3.0,0.0,61.0,40.0,21.0,43.0,42.0,3.0,12.0,4.0,5.0,32.0,7.0,47.0,118.0,34.0,233.0,1.0,2.0,35.0,9.0,0.0,13.0,184.0,9.0,6.0,56.0,1.0,264.0,0
3.0,48.0,2.0,2.0,14.0,14.0,45.0,8.0,60.0,3.0,12.0,0.0,0.0,61.0,44.0,21.0,46.0,42.0,6.0,12.0,3.0,5.0,32.0,19.0,47.0,118.0,34.0,338.0,1.0,2.0,44.0,8.0,0.0,22.0,184.0,9.0,19.0,56.0,1.0,264.0,0
3.0,46.0,4.0,2.0,14.0,34.0,45.0,9.0,20.0,4.0,12.0,0.0,0.0,61.0,46.0,32.0,43.0,42.0,27.0,9.0,5.0,5.0,32.0,19.0,47.0,118.0,34.0,183.0,0.0,2.0,46.0,9.0,1.0,4.0,184.0,0.0,34.0,56.0,1.0,149.0,0
3.0,48.0,4.0,2.0,4.0,14.0,45.0,0.0,8.0,1.0,12.0,0.0,0.0,61.0,40.0,3.0,43.0,42.0,27.0,8.0,5.0,5.0,32.0,19.0,41.0,118.0,34.0,7.0,0.0,2.0,40.0,9.0,1.0,24.0,1.0,0.0,5.0,56.0,1.0,74.0,0
3.0,48.0,4.0,2.0,12.0,13.0,45.0,18.0,28.0,9.0,12.0,0.0,0.0,61.0,40.0,11.0,43.0,42.0,27.0,0.0,5.0,5.0,32.0,19.0,49.0,118.0,34.0,281.0,0.0,2.0,48.0,9.0,1.0,15.0,130.0,4.0,13.0,56.0,1.0,75.0,0
3.0,48.0,4.0,2.0,37.0,14.0,45.0,0.0,8.0,1.0,12.0,0.0,0.0,61.0,40.0,36.0,43.0,42.0,27.0,10.0,5.0,38.0,32.0,19.0,41.0,118.0,34.0,66.0,0.0,2.0,40.0,9.0,1.0,24.0,61.0,4.0,38.0,56.0,1.0,37.0,0
3.0,50.0,4.0,2.0,12.0,13.0,45.0,18.0,28.0,9.0,12.0,0.0,0.0,61.0,40.0,11.0,43.0,42.0,27.0,0.0,5.0,5.0,32.0,19.0,51.0,118.0,34.0,279.0,0.0,2.0,50.0,9.0,1.0,15.0,128.0,4.0,13.0,56.0,1.0,72.0,0
3.0,48.0,4.0,2.0,25.0,14.0,45.0,0.0,8.0,1.0,12.0,0.0,0.0,61.0,40.0,24.0,43.0,42.0,27.0,5.0,5.0,26.0,32.0,19.0,41.0,118.0,34.0,14.0,0.0,2.0,40.0,9.0,1.0,24.0,9.0,0.0,26.0,56.0,1.0,228.0,0
3.0,48.0,4.0,2.0,20.0,21.0,45.0,18.0,28.0,9.0,20.0,0.0,0.0,61.0,40.0,19.0,43.0,42.0,27.0,2.0,5.0,5.0,32.0,19.0,49.0,118.0,34.0,324.0,0.0,2.0,48.0,9.0,1.0,15.0,173.0,7.0,21.0,56.0,1.0,253.0,0
0.0,48.0,1.0,0.0,14.0,14.0,41.0,10.0,30.0,6.0,12.0,0.0,0.0,61.0,40.0,21.0,43.0,42.0,0.0,12.0,0.0,2.0,32.0,19.0,47.0,118.0,34.0,229.0,1.0,2.0,40.0,9.0,0.0,9.0,184.0,9.0,2.0,56.0,1.0,264.0,0
3.0,50.0,4.0,2.0,14.0,1.0,45.0,11.0,28.0,5.0,12.0,4.0,0.0,61.0,50.0,21.0,43.0,42.0,27.0,12.0,5.0,5.0,32.0,19.0,47.0,118.0,34.0,228.0,1.0,2.0,50.0,9.0,1.0,6.0,184.0,9.0,1.0,56.0,1.0,264.0,0
3.0,48.0,4.0,2.0,14.0,14.0,45.0,14.0,38.0,7.0,12.0,0.0,0.0,61.0,40.0,21.0,41.0,40.0,27.0,12.0,5.0,2.0,32.0,19.0,47.0,118.0,34.0,230.0,1.0,2.0,40.0,0.0,1.0,11.0,184.0,9.0,2.0,56.0,1.0,264.0,0
3.0,48.0,4.0,2.0,14.0,14.0,45.0,15.0,38.0,7.0,12.0,0.0,0.0,61.0,48.0,21.0,49.0,42.0,27.0,12.0,5.0,5.0,32.0,19.0,47.0,118.0,34.0,231.0,1.0,2.0,48.0,1.0,1.0,11.0,184.0,9.0,14.0,56.0,1.0,264.0,0
4.0,48.0,3.0,2.0,14.0,14.0,42.0,2.0,20.0,4.0,12.0,0.0,0.0,61.0,40.0,21.0,43.0,42.0,15.0,12.0,4.0,100.0,11.0,19.0,47.0,118.0,34.0,207.0,1.0,2.0,40.0,7.0,0.0,4.0,184.0,9.0,100.0,133.0,1.0,264.0,0
3.0,61.0,4.0,2.0,14.0,15.0,45.0,18.0,28.0,9.0,14.0,0.0,0.0,61.0,40.0,13.0,43.0,42.0,27.0,1.0,5.0,5.0,32.0,19.0,62.0,118.0,34.0,285.0,0.0,2.0,61.0,9.0,1.0,15.0,134.0,4.0,15.0,56.0,1.0,170.0,0
3.0,48.0,4.0,2.0,39.0,14.0,45.0,0.0,8.0,1.0,12.0,0.0,0.0,61.0,40.0,38.0,43.0,42.0,27.0,11.0,5.0,40.0,32.0,19.0,41.0,118.0,34.0,111.0,0.0,2.0,40.0,9.0,1.0,24.0,106.0,4.0,40.0,56.0,1.0,217.0,0
1.0,48.0,4.0,2.0,14.0,14.0,45.0,6.0,28.0,5.0,12.0,0.0,0.0,61.0,40.0,21.0,43.0,42.0,1.0,12.0,1.0,1.0,32.0,19.0,47.0,118.0,34.0,228.0,1.0,2.0,40.0,9.0,0.0,6.0,184.0,9.0,1.0,56.0,1.0,264.0,0
3.0,48.0,4.0,2.0,14.0,14.0,45.0,7.0,28.0,1.0,12.0,3.0,0.0,61.0,40.0,21.0,43.0,42.0,18.0,12.0,3.0,5.0,32.0,10.0,47.0,118.0,34.0,242.0,1.0,2.0,35.0,9.0,0.0,13.0,184.0,9.0,6.0,56.0,1.0,264.0,0
3.0,48.0,2.0,2.0,14.0,14.0,45.0,8.0,60.0,3.0,12.0,0.0,0.0,61.0,44.0,21.0,46.0,42.0,6.0,12.0,3.0,5.0,32.0,19.0,47.0,118.0,34.0,338.0,1.0,2.0,44.0,8.0,0.0,22.0,184.0,9.0,19.0,56.0,1.0,264.0,0
3.0,46.0,4.0,2.0,14.0,23.0,45.0,9.0,20.0,4.0,12.0,0.0,0.0,61.0,46.0,21.0,43.0,42.0,27.0,4.0,5.0,5.0,32.0,19.0,47.0,118.0,34.0,120.0,0.0,2.0,46.0,9.0,1.0,4.0,184.0,0.0,23.0,56.0,1.0,140.0,0
