per_sequence_of_length_pos,per_enum_index_show,lte-rrc_message_value,per_enum_index_value,lte-rrc_dedicatedInfoNAS_size,per_extension_bit_name,per_extension_bit_showname,lte-rrc_dedicatedInfoType_size,per_octet_string_length_showname,per_extension_present_bit_name,lte-rrc_rrc_TransactionIdentifier_name,lte-rrc_securityModeComplete_element_name,per_enum_index_showname,lte-rrc_DL_DCCH_Message_element_size,lte-rrc_UL_DCCH_Message_element_size,per_extension_bit_pos,lte-rrc_c1_showname,lte-rrc_schedulingInfoSIB1_BR_r13_value,lte-rrc_rrc_TransactionIdentifier_value,lte-rrc_dedicatedInfoNASList_value,lte-rrc_c1_show,lte-rrc_ulInformationTransfer_r8_element_size,lte-rrc_BCCH_DL_SCH_Message_element_name,lte-rrc_criticalExtensions_showname,lte-rrc_ueCapabilityInformation_element_name,lte-rrc_ue_Identity_value,lte-rrc_UL_DCCH_Message_element_name,lte-rrc_criticalExtensions_value,per_octet_string_length_name,per_optional_field_bit_showname,lte-rrc_dedicatedInfoType_showname,lte-rrc_ue_CapabilityRequest_name,per_choice_index_pos,lte-rrc_spare_showname,lte-rrc_systemFrameNumber_show,per_sequence_of_length_value,lte-rrc_dlInformationTransfer_r8_element_size,lte-rrc_ulInformationTransfer_r8_element_pos,per_enum_index_name,lte-rrc_criticalExtensions_name,per_choice_index_value,lte-rrc_dedicatedInfoType_value,lte-rrc_systemInfoUnchanged_BR_r15_name,per_octet_string_length_value,lte-rrc_dlInformationTransfer_element_name,lte-rrc_c1_size,lte-rrc_rrc_TransactionIdentifier_pos,lte-rrc_systemInformationBlockType1_element_showname,lte-rrc_dedicatedInfoNAS_show,lte-rrc_securityModeCommand_element_showname,per_num_sequence_extensions_value,label
41.0,3.0,171.0,7.0,13.0,1.0,4.0,14.0,11.0,1.0,1.0,1.0,2.0,15.0,13.0,45.0,16.0,24.0,20.0,9.0,3.0,12.0,1.0,4.0,1.0,8.0,1.0,167.0,1.0,10.0,1.0,1.0,40.0,1.0,15.0,5.0,14.0,49.0,0.0,1.0,26.0,112.0,0.0,1.0,1.0,14.0,40.0,1.0,134.0,1.0,5308.0,0
34.0,1.0,97.0,3.0,13.0,1.0,4.0,14.0,11.0,1.0,1.0,1.0,1.0,15.0,13.0,45.0,10.0,33.0,20.0,9.0,1.0,12.0,0.0,4.0,1.0,8.0,1.0,167.0,1.0,3.0,1.0,1.0,34.0,2.0,36.0,2.0,14.0,49.0,0.0,1.0,12.0,112.0,1.0,1.0,1.0,14.0,40.0,0.0,134.0,1.0,5308.0,0
34.0,3.0,0.0,21.0,13.0,1.0,4.0,14.0,11.0,1.0,1.0,1.0,4.0,15.0,13.0,45.0,9.0,33.0,20.0,9.0,0.0,12.0,0.0,3.0,1.0,8.0,1.0,0.0,1.0,0.0,1.0,1.0,34.0,2.0,36.0,0.0,14.0,49.0,1.0,0.0,1.0,112.0,1.0,1.0,1.0,32.0,40.0,1.0,134.0,1.0,5308.0,0
41.0,4.0,101.0,12.0,13.0,1.0,4.0,14.0,11.0,1.0,1.0,1.0,3.0,15.0,13.0,45.0,4.0,33.0,20.0,9.0,1.0,12.0,1.0,1.0,1.0,1.0,1.0,99.0,1.0,10.0,1.0,1.0,35.0,0.0,36.0,5.0,14.0,49.0,0.0,0.0,14.0,112.0,1.0,1.0,1.0,6.0,40.0,1.0,134.0,1.0,5308.0,0
46.0,3.0,168.0,4.0,13.0,0.0,2.0,14.0,11.0,1.0,0.0,1.0,2.0,15.0,13.0,45.0,5.0,33.0,60.0,9.0,3.0,12.0,1.0,0.0,1.0,8.0,1.0,166.0,1.0,7.0,1.0,1.0,44.0,2.0,36.0,4.0,14.0,49.0,0.0,0.0,21.0,112.0,1.0,1.0,1.0,19.0,44.0,1.0,134.0,1.0,5308.0,0
41.0,3.0,77.0,21.0,32.0,1.0,4.0,14.0,7.0,1.0,0.0,1.0,4.0,15.0,34.0,45.0,6.0,33.0,20.0,9.0,4.0,12.0,1.0,0.0,1.0,8.0,0.0,77.0,0.0,6.0,1.0,1.0,46.0,2.0,36.0,5.0,14.0,49.0,1.0,0.0,3.0,112.0,1.0,0.0,1.0,34.0,46.0,1.0,57.0,1.0,5308.0,0
41.0,3.0,3.0,21.0,3.0,1.0,4.0,4.0,6.0,1.0,0.0,1.0,4.0,5.0,13.0,45.0,0.0,33.0,8.0,9.0,1.0,12.0,1.0,0.0,1.0,8.0,1.0,3.0,0.0,2.0,0.0,1.0,40.0,2.0,36.0,5.0,4.0,49.0,1.0,0.0,2.0,2.0,1.0,0.0,0.0,5.0,40.0,1.0,36.0,1.0,5308.0,0
41.0,3.0,145.0,21.0,11.0,1.0,4.0,12.0,0.0,1.0,1.0,1.0,4.0,15.0,13.0,45.0,15.0,33.0,20.0,9.0,9.0,12.0,1.0,0.0,1.0,8.0,0.0,143.0,0.0,9.0,0.0,1.0,48.0,2.0,36.0,5.0,14.0,49.0,1.0,0.0,16.0,83.0,1.0,1.0,1.0,13.0,40.0,1.0,37.0,1.0,5308.0,0
41.0,3.0,38.0,21.0,36.0,1.0,4.0,37.0,8.0,1.0,0.0,1.0,4.0,38.0,13.0,45.0,0.0,33.0,8.0,9.0,1.0,12.0,1.0,0.0,1.0,8.0,1.0,38.0,0.0,2.0,0.0,1.0,40.0,2.0,36.0,5.0,37.0,49.0,1.0,0.0,2.0,54.0,1.0,1.0,0.0,38.0,40.0,1.0,6.0,1.0,5308.0,0
41.0,3.0,140.0,21.0,11.0,1.0,4.0,12.0,0.0,1.0,1.0,1.0,4.0,15.0,13.0,45.0,15.0,33.0,20.0,9.0,9.0,12.0,1.0,0.0,1.0,8.0,0.0,138.0,0.0,9.0,0.0,1.0,48.0,2.0,36.0,5.0,14.0,49.0,1.0,0.0,16.0,78.0,1.0,1.0,1.0,13.0,40.0,1.0,30.0,1.0,5308.0,0
41.0,3.0,22.0,21.0,13.0,1.0,4.0,14.0,2.0,1.0,0.0,1.0,4.0,15.0,13.0,45.0,0.0,33.0,8.0,9.0,1.0,12.0,1.0,0.0,1.0,8.0,1.0,22.0,0.0,2.0,0.0,1.0,40.0,2.0,36.0,5.0,14.0,49.0,1.0,0.0,2.0,22.0,1.0,0.0,0.0,15.0,40.0,1.0,105.0,1.0,5308.0,0
41.0,3.0,123.0,21.0,8.0,1.0,4.0,9.0,10.0,1.0,1.0,1.0,4.0,15.0,10.0,45.0,15.0,33.0,20.0,9.0,9.0,9.0,1.0,0.0,1.0,8.0,0.0,121.0,0.0,9.0,0.0,1.0,50.0,2.0,36.0,5.0,14.0,51.0,1.0,0.0,16.0,45.0,1.0,1.0,1.0,10.0,40.0,1.0,128.0,1.0,5308.0,0
41.0,0.0,93.0,0.0,13.0,0.0,1.0,14.0,11.0,0.0,0.0,1.0,0.0,2.0,13.0,41.0,7.0,33.0,30.0,9.0,6.0,12.0,1.0,0.0,1.0,8.0,1.0,93.0,1.0,2.0,1.0,1.0,40.0,2.0,36.0,5.0,14.0,49.0,0.0,0.0,7.0,112.0,1.0,1.0,1.0,2.0,40.0,1.0,134.0,0.0,5308.0,0
41.0,3.0,92.0,21.0,13.0,1.0,4.0,14.0,11.0,1.0,0.0,0.0,4.0,15.0,1.0,45.0,8.0,33.0,28.0,9.0,5.0,12.0,1.0,2.0,1.0,8.0,0.0,92.0,1.0,9.0,1.0,1.0,48.0,2.0,36.0,5.0,14.0,49.0,1.0,0.0,5.0,112.0,1.0,1.0,1.0,1.0,48.0,1.0,134.0,1.0,5308.0,0
41.0,3.0,94.0,21.0,13.0,1.0,4.0,14.0,11.0,1.0,0.0,1.0,4.0,2.0,13.0,45.0,11.0,33.0,38.0,9.0,7.0,12.0,1.0,0.0,1.0,8.0,1.0,94.0,1.0,2.0,1.0,0.0,40.0,2.0,36.0,0.0,14.0,49.0,1.0,0.0,9.0,112.0,1.0,1.0,1.0,2.0,40.0,1.0,134.0,1.0,5308.0,0
49.0,3.0,95.0,21.0,13.0,1.0,4.0,14.0,11.0,1.0,0.0,1.0,4.0,15.0,14.0,45.0,12.0,33.0,38.0,9.0,7.0,12.0,1.0,0.0,0.0,8.0,0.0,95.0,1.0,0.0,1.0,1.0,48.0,2.0,36.0,1.0,14.0,49.0,1.0,0.0,9.0,112.0,1.0,1.0,1.0,14.0,48.0,1.0,134.0,1.0,5308.0,0
43.0,4.0,88.0,17.0,13.0,0.0,3.0,14.0,11.0,1.0,0.0,1.0,3.0,106.0,13.0,42.0,2.0,33.0,20.0,5.0,4.0,12.0,1.0,0.0,1.0,8.0,1.0,88.0,1.0,1.0,1.0,1.0,40.0,2.0,36.0,3.0,14.0,49.0,0.0,0.0,3.0,112.0,1.0,1.0,1.0,106.0,40.0,1.0,134.0,1.0,5308.0,0
41.0,3.0,153.0,21.0,13.0,1.0,4.0,14.0,2.0,1.0,1.0,1.0,4.0,15.0,15.0,45.0,15.0,33.0,20.0,9.0,9.0,14.0,1.0,0.0,1.0,8.0,0.0,151.0,0.0,9.0,0.0,1.0,61.0,2.0,36.0,5.0,14.0,62.0,1.0,0.0,16.0,100.0,1.0,1.0,1.0,15.0,40.0,1.0,80.0,1.0,5308.0,0
41.0,3.0,59.0,21.0,51.0,1.0,4.0,52.0,9.0,1.0,0.0,1.0,4.0,53.0,13.0,45.0,0.0,33.0,8.0,9.0,1.0,12.0,1.0,0.0,1.0,8.0,1.0,59.0,0.0,2.0,0.0,1.0,40.0,2.0,36.0,5.0,52.0,49.0,1.0,0.0,2.0,92.0,1.0,1.0,0.0,53.0,40.0,1.0,85.0,1.0,5308.0,0
41.0,1.0,92.0,1.0,13.0,1.0,4.0,14.0,11.0,1.0,0.0,1.0,1.0,1.0,13.0,45.0,3.0,33.0,28.0,9.0,5.0,12.0,1.0,0.0,1.0,8.0,1.0,92.0,1.0,5.0,1.0,1.0,40.0,2.0,36.0,5.0,14.0,49.0,0.0,0.0,5.0,112.0,1.0,1.0,1.0,1.0,40.0,1.0,134.0,1.0,5308.0,0
41.0,4.0,98.0,11.0,13.0,1.0,4.0,14.0,11.0,1.0,1.0,1.0,3.0,15.0,13.0,45.0,4.0,33.0,20.0,9.0,1.0,12.0,1.0,1.0,1.0,0.0,1.0,96.0,1.0,10.0,1.0,1.0,35.0,0.0,36.0,5.0,14.0,49.0,0.0,0.0,14.0,112.0,1.0,1.0,1.0,6.0,40.0,1.0,134.0,1.0,5308.0,1
46.0,3.0,168.0,4.0,13.0,0.0,2.0,14.0,11.0,1.0,0.0,1.0,2.0,15.0,13.0,45.0,5.0,33.0,60.0,9.0,3.0,12.0,1.0,0.0,1.0,8.0,1.0,166.0,1.0,7.0,1.0,1.0,44.0,2.0,36.0,4.0,14.0,49.0,0.0,0.0,21.0,112.0,1.0,1.0,1.0,19.0,44.0,1.0,134.0,1.0,5308.0,1
41.0,3.0,68.0,21.0,28.0,1.0,4.0,14.0,5.0,1.0,0.0,1.0,4.0,15.0,30.0,45.0,6.0,33.0,20.0,9.0,4.0,12.0,1.0,0.0,1.0,8.0,0.0,68.0,0.0,6.0,1.0,1.0,46.0,2.0,36.0,5.0,14.0,49.0,1.0,0.0,3.0,112.0,1.0,0.0,1.0,30.0,46.0,1.0,64.0,1.0,5308.0,1
41.0,3.0,2.0,21.0,3.0,1.0,4.0,4.0,6.0,1.0,0.0,1.0,4.0,5.0,13.0,45.0,0.0,33.0,8.0,9.0,1.0,12.0,1.0,0.0,1.0,8.0,1.0,2.0,0.0,2.0,0.0,1.0,40.0,2.0,36.0,5.0,4.0,49.0,1.0,0.0,2.0,1.0,1.0,0.0,0.0,5.0,40.0,1.0,2.0,1.0,5308.0,1
41.0,3.0,171.0,6.0,13.0,1.0,4.0,14.0,11.0,1.0,1.0,1.0,2.0,15.0,13.0,45.0,16.0,9.0,20.0,9.0,3.0,12.0,1.0,4.0,1.0,8.0,1.0,167.0,1.0,10.0,1.0,1.0,40.0,1.0,2.0,5.0,14.0,49.0,0.0,1.0,26.0,112.0,0.0,1.0,1.0,14.0,40.0,1.0,134.0,1.0,5308.0,1
34.0,1.0,97.0,3.0,13.0,1.0,4.0,14.0,11.0,1.0,1.0,1.0,1.0,15.0,13.0,45.0,10.0,33.0,20.0,9.0,1.0,12.0,0.0,4.0,1.0,8.0,1.0,167.0,1.0,3.0,1.0,1.0,34.0,2.0,36.0,2.0,14.0,49.0,0.0,1.0,12.0,112.0,1.0,1.0,1.0,14.0,40.0,0.0,134.0,1.0,5308.0,1
41.0,3.0,159.0,21.0,32.0,1.0,4.0,33.0,7.0,1.0,1.0,1.0,4.0,15.0,34.0,45.0,15.0,33.0,20.0,9.0,9.0,33.0,1.0,0.0,1.0,8.0,0.0,157.0,0.0,9.0,0.0,1.0,46.0,2.0,36.0,5.0,14.0,47.0,1.0,0.0,16.0,106.0,1.0,4.0,1.0,34.0,40.0,1.0,49.0,1.0,5308.0,1
41.0,1.0,92.0,1.0,13.0,1.0,4.0,14.0,11.0,1.0,0.0,1.0,1.0,1.0,13.0,45.0,3.0,33.0,28.0,9.0,5.0,12.0,1.0,0.0,1.0,8.0,1.0,92.0,1.0,5.0,1.0,1.0,40.0,2.0,36.0,5.0,14.0,49.0,0.0,0.0,5.0,112.0,1.0,1.0,1.0,1.0,40.0,1.0,134.0,1.0,5308.0,1
41.0,3.0,171.0,8.0,13.0,1.0,4.0,14.0,11.0,1.0,1.0,1.0,2.0,15.0,13.0,45.0,16.0,3.0,20.0,9.0,3.0,12.0,1.0,4.0,1.0,8.0,1.0,167.0,1.0,10.0,1.0,1.0,40.0,1.0,19.0,5.0,14.0,49.0,0.0,1.0,26.0,112.0,0.0,1.0,1.0,14.0,40.0,1.0,134.0,1.0,5308.0,1
34.0,1.0,97.0,3.0,13.0,1.0,4.0,14.0,11.0,1.0,1.0,1.0,1.0,15.0,13.0,45.0,10.0,33.0,20.0,9.0,1.0,12.0,0.0,4.0,1.0,8.0,1.0,167.0,1.0,3.0,1.0,1.0,34.0,2.0,36.0,2.0,14.0,49.0,0.0,1.0,12.0,112.0,1.0,1.0,1.0,14.0,40.0,0.0,134.0,1.0,5308.0,1
34.0,3.0,0.0,21.0,13.0,1.0,4.0,14.0,11.0,1.0,1.0,1.0,4.0,15.0,13.0,45.0,9.0,33.0,20.0,9.0,0.0,12.0,0.0,3.0,1.0,8.0,1.0,0.0,1.0,0.0,1.0,1.0,34.0,2.0,36.0,0.0,14.0,49.0,1.0,0.0,1.0,112.0,1.0,1.0,1.0,32.0,40.0,1.0,134.0,1.0,5308.0,1
41.0,4.0,98.0,11.0,13.0,1.0,4.0,14.0,11.0,1.0,1.0,1.0,3.0,15.0,13.0,45.0,4.0,33.0,20.0,9.0,1.0,12.0,1.0,1.0,1.0,0.0,1.0,96.0,1.0,10.0,1.0,1.0,35.0,0.0,36.0,5.0,14.0,49.0,0.0,0.0,14.0,112.0,1.0,1.0,1.0,6.0,40.0,1.0,134.0,1.0,5308.0,1
46.0,3.0,168.0,4.0,13.0,0.0,2.0,14.0,11.0,1.0,0.0,1.0,2.0,15.0,13.0,45.0,5.0,33.0,60.0,9.0,3.0,12.0,1.0,0.0,1.0,8.0,1.0,166.0,1.0,7.0,1.0,1.0,44.0,2.0,36.0,4.0,14.0,49.0,0.0,0.0,21.0,112.0,1.0,1.0,1.0,19.0,44.0,1.0,134.0,1.0,5308.0,1
41.0,3.0,80.0,21.0,32.0,1.0,4.0,14.0,7.0,1.0,0.0,1.0,4.0,15.0,34.0,45.0,6.0,33.0,20.0,9.0,4.0,12.0,1.0,0.0,1.0,8.0,0.0,80.0,0.0,6.0,1.0,1.0,46.0,2.0,36.0,5.0,14.0,49.0,1.0,0.0,3.0,112.0,1.0,0.0,1.0,34.0,46.0,1.0,66.0,1.0,5308.0,1
41.0,3.0,3.0,21.0,3.0,1.0,4.0,4.0,6.0,1.0,0.0,1.0,4.0,5.0,13.0,45.0,0.0,33.0,8.0,9.0,1.0,12.0,1.0,0.0,1.0,8.0,1.0,3.0,0.0,2.0,0.0,1.0,40.0,2.0,36.0,5.0,4.0,49.0,1.0,0.0,2.0,2.0,1.0,0.0,0.0,5.0,40.0,1.0,36.0,1.0,5308.0,1
41.0,3.0,145.0,21.0,11.0,1.0,4.0,12.0,0.0,1.0,1.0,1.0,4.0,15.0,13.0,45.0,15.0,33.0,20.0,9.0,9.0,12.0,1.0,0.0,1.0,8.0,0.0,143.0,0.0,9.0,0.0,1.0,48.0,2.0,36.0,5.0,14.0,49.0,1.0,0.0,16.0,83.0,1.0,1.0,1.0,13.0,40.0,1.0,37.0,1.0,5308.0,1
41.0,3.0,40.0,21.0,36.0,1.0,4.0,37.0,8.0,1.0,0.0,1.0,4.0,38.0,13.0,45.0,0.0,33.0,8.0,9.0,1.0,12.0,1.0,0.0,1.0,8.0,1.0,40.0,0.0,2.0,0.0,1.0,40.0,2.0,36.0,5.0,37.0,49.0,1.0,0.0,2.0,56.0,1.0,1.0,0.0,38.0,40.0,1.0,8.0,1.0,5308.0,1
41.0,3.0,135.0,21.0,11.0,1.0,4.0,12.0,0.0,1.0,1.0,1.0,4.0,15.0,13.0,45.0,15.0,33.0,20.0,9.0,9.0,12.0,1.0,0.0,1.0,8.0,0.0,133.0,0.0,9.0,0.0,1.0,48.0,2.0,36.0,5.0,14.0,49.0,1.0,0.0,16.0,73.0,1.0,1.0,1.0,13.0,40.0,1.0,25.0,1.0,5308.0,1
41.0,3.0,14.0,21.0,13.0,1.0,4.0,14.0,2.0,1.0,0.0,1.0,4.0,15.0,13.0,45.0,0.0,33.0,8.0,9.0,1.0,12.0,1.0,0.0,1.0,8.0,1.0,14.0,0.0,2.0,0.0,1.0,40.0,2.0,36.0,5.0,14.0,49.0,1.0,0.0,2.0,14.0,1.0,0.0,0.0,15.0,40.0,1.0,97.0,1.0,5308.0,1
41.0,3.0,128.0,21.0,8.0,1.0,4.0,9.0,10.0,1.0,1.0,1.0,4.0,15.0,10.0,45.0,15.0,33.0,20.0,9.0,9.0,9.0,1.0,0.0,1.0,8.0,0.0,126.0,0.0,9.0,0.0,1.0,50.0,2.0,36.0,5.0,14.0,51.0,1.0,0.0,16.0,50.0,1.0,1.0,1.0,10.0,40.0,1.0,133.0,1.0,5308.0,1
41.0,3.0,171.0,9.0,13.0,1.0,4.0,14.0,11.0,1.0,1.0,1.0,2.0,15.0,13.0,45.0,16.0,29.0,20.0,9.0,3.0,12.0,1.0,4.0,1.0,8.0,1.0,167.0,1.0,10.0,1.0,1.0,40.0,1.0,33.0,5.0,14.0,49.0,0.0,1.0,26.0,112.0,0.0,1.0,1.0,14.0,40.0,1.0,134.0,1.0,5308.0,1
34.0,1.0,97.0,3.0,13.0,1.0,4.0,14.0,11.0,1.0,1.0,1.0,1.0,15.0,13.0,45.0,10.0,33.0,20.0,9.0,1.0,12.0,0.0,4.0,1.0,8.0,1.0,167.0,1.0,3.0,1.0,1.0,34.0,2.0,36.0,2.0,14.0,49.0,0.0,1.0,12.0,112.0,1.0,1.0,1.0,14.0,40.0,0.0,134.0,1.0,5308.0,1
41.0,3.0,158.0,21.0,32.0,1.0,4.0,33.0,7.0,1.0,1.0,1.0,4.0,15.0,34.0,45.0,15.0,33.0,20.0,9.0,9.0,33.0,1.0,0.0,1.0,8.0,0.0,156.0,0.0,9.0,0.0,1.0,46.0,2.0,36.0,5.0,14.0,47.0,1.0,0.0,16.0,105.0,1.0,4.0,1.0,34.0,40.0,1.0,48.0,1.0,5308.0,1
41.0,1.0,92.0,1.0,13.0,1.0,4.0,14.0,11.0,1.0,0.0,1.0,1.0,1.0,13.0,45.0,3.0,33.0,28.0,9.0,5.0,12.0,1.0,0.0,1.0,8.0,1.0,92.0,1.0,5.0,1.0,1.0,40.0,2.0,36.0,5.0,14.0,49.0,0.0,0.0,5.0,112.0,1.0,1.0,1.0,1.0,40.0,1.0,134.0,1.0,5308.0,1
41.0,3.0,171.0,7.0,13.0,1.0,4.0,14.0,11.0,1.0,1.0,1.0,2.0,15.0,13.0,45.0,16.0,21.0,20.0,9.0,3.0,12.0,1.0,4.0,1.0,8.0,1.0,167.0,1.0,10.0,1.0,1.0,40.0,1.0,13.0,5.0,14.0,49.0,0.0,1.0,26.0,112.0,0.0,1.0,1.0,14.0,40.0,1.0,134.0,1.0,5308.0,1
34.0,1.0,97.0,3.0,13.0,1.0,4.0,14.0,11.0,1.0,1.0,1.0,1.0,15.0,13.0,45.0,10.0,33.0,20.0,9.0,1.0,12.0,0.0,4.0,1.0,8.0,1.0,167.0,1.0,3.0,1.0,1.0,34.0,2.0,36.0,2.0,14.0,49.0,0.0,1.0,12.0,112.0,1.0,1.0,1.0,14.0,40.0,0.0,134.0,1.0,5308.0,1
34.0,3.0,0.0,21.0,13.0,1.0,4.0,14.0,11.0,1.0,1.0,1.0,4.0,15.0,13.0,45.0,9.0,33.0,20.0,9.0,0.0,12.0,0.0,3.0,1.0,8.0,1.0,0.0,1.0,0.0,1.0,1.0,34.0,2.0,36.0,0.0,14.0,49.0,1.0,0.0,1.0,112.0,1.0,1.0,1.0,32.0,40.0,1.0,134.0,1.0,5308.0,1
41.0,4.0,98.0,11.0,13.0,1.0,4.0,14.0,11.0,1.0,1.0,1.0,3.0,15.0,13.0,45.0,4.0,33.0,20.0,9.0,1.0,12.0,1.0,1.0,1.0,0.0,1.0,96.0,1.0,10.0,1.0,1.0,35.0,0.0,36.0,5.0,14.0,49.0,0.0,0.0,14.0,112.0,1.0,1.0,1.0,6.0,40.0,1.0,134.0,1.0,5308.0,1
46.0,3.0,168.0,4.0,13.0,0.0,2.0,14.0,11.0,1.0,0.0,1.0,2.0,15.0,13.0,45.0,5.0,33.0,60.0,9.0,3.0,12.0,1.0,0.0,1.0,8.0,1.0,166.0,1.0,7.0,1.0,1.0,44.0,2.0,36.0,4.0,14.0,49.0,0.0,0.0,21.0,112.0,1.0,1.0,1.0,19.0,44.0,1.0,134.0,1.0,5308.0,1
41.0,3.0,76.0,21.0,32.0,1.0,4.0,14.0,7.0,1.0,0.0,1.0,4.0,15.0,34.0,45.0,6.0,33.0,20.0,9.0,4.0,12.0,1.0,0.0,1.0,8.0,0.0,76.0,0.0,6.0,1.0,1.0,46.0,2.0,36.0,5.0,14.0,49.0,1.0,0.0,3.0,112.0,1.0,0.0,1.0,34.0,46.0,1.0,56.0,1.0,5308.0,1
41.0,3.0,3.0,21.0,3.0,1.0,4.0,4.0,6.0,1.0,0.0,1.0,4.0,5.0,13.0,45.0,0.0,33.0,8.0,9.0,1.0,12.0,1.0,0.0,1.0,8.0,1.0,3.0,0.0,2.0,0.0,1.0,40.0,2.0,36.0,5.0,4.0,49.0,1.0,0.0,2.0,2.0,1.0,0.0,0.0,5.0,40.0,1.0,36.0,1.0,5308.0,1
41.0,3.0,145.0,21.0,11.0,1.0,4.0,12.0,0.0,1.0,1.0,1.0,4.0,15.0,13.0,45.0,15.0,33.0,20.0,9.0,9.0,12.0,1.0,0.0,1.0,8.0,0.0,143.0,0.0,9.0,0.0,1.0,48.0,2.0,36.0,5.0,14.0,49.0,1.0,0.0,16.0,83.0,1.0,1.0,1.0,13.0,40.0,1.0,37.0,1.0,5308.0,1
41.0,3.0,37.0,21.0,36.0,1.0,4.0,37.0,8.0,1.0,0.0,1.0,4.0,38.0,13.0,45.0,0.0,33.0,8.0,9.0,1.0,12.0,1.0,0.0,1.0,8.0,1.0,37.0,0.0,2.0,0.0,1.0,40.0,2.0,36.0,5.0,37.0,49.0,1.0,0.0,2.0,53.0,1.0,1.0,0.0,38.0,40.0,1.0,5.0,1.0,5308.0,1
41.0,3.0,137.0,21.0,11.0,1.0,4.0,12.0,0.0,1.0,1.0,1.0,4.0,15.0,13.0,45.0,15.0,33.0,20.0,9.0,9.0,12.0,1.0,0.0,1.0,8.0,0.0,135.0,0.0,9.0,0.0,1.0,48.0,2.0,36.0,5.0,14.0,49.0,1.0,0.0,16.0,75.0,1.0,1.0,1.0,13.0,40.0,1.0,27.0,1.0,5308.0,1
41.0,3.0,7.0,21.0,13.0,1.0,4.0,14.0,2.0,1.0,0.0,1.0,4.0,15.0,13.0,45.0,0.0,33.0,8.0,9.0,1.0,12.0,1.0,0.0,1.0,8.0,1.0,7.0,0.0,2.0,0.0,1.0,40.0,2.0,36.0,5.0,14.0,49.0,1.0,0.0,2.0,7.0,1.0,0.0,0.0,15.0,40.0,1.0,90.0,1.0,5308.0,1
41.0,3.0,113.0,21.0,8.0,1.0,4.0,9.0,10.0,1.0,1.0,1.0,4.0,15.0,10.0,45.0,15.0,33.0,20.0,9.0,9.0,9.0,1.0,0.0,1.0,8.0,0.0,111.0,0.0,9.0,0.0,1.0,50.0,2.0,36.0,5.0,14.0,51.0,1.0,0.0,16.0,35.0,1.0,1.0,1.0,10.0,40.0,1.0,118.0,1.0,5308.0,1
41.0,1.0,92.0,1.0,13.0,1.0,4.0,14.0,11.0,1.0,0.0,1.0,1.0,1.0,13.0,45.0,3.0,33.0,28.0,9.0,5.0,12.0,1.0,0.0,1.0,8.0,1.0,92.0,1.0,5.0,1.0,1.0,40.0,2.0,36.0,5.0,14.0,49.0,0.0,0.0,5.0,112.0,1.0,1.0,1.0,1.0,40.0,1.0,134.0,1.0,5308.0,1
41.0,3.0,171.0,9.0,13.0,1.0,4.0,14.0,11.0,1.0,1.0,1.0,2.0,15.0,13.0,45.0,16.0,32.0,20.0,9.0,3.0,12.0,1.0,4.0,1.0,8.0,1.0,167.0,1.0,10.0,1.0,1.0,40.0,1.0,35.0,5.0,14.0,49.0,0.0,1.0,26.0,112.0,0.0,1.0,1.0,14.0,40.0,1.0,134.0,1.0,5308.0,0
34.0,1.0,97.0,3.0,13.0,1.0,4.0,14.0,11.0,1.0,1.0,1.0,1.0,15.0,13.0,45.0,10.0,33.0,20.0,9.0,1.0,12.0,0.0,4.0,1.0,8.0,1.0,167.0,1.0,3.0,1.0,1.0,34.0,2.0,36.0,2.0,14.0,49.0,0.0,1.0,12.0,112.0,1.0,1.0,1.0,14.0,40.0,0.0,134.0,1.0,5308.0,0
34.0,3.0,0.0,21.0,13.0,1.0,4.0,14.0,11.0,1.0,1.0,1.0,4.0,15.0,13.0,45.0,9.0,33.0,20.0,9.0,0.0,12.0,0.0,3.0,1.0,8.0,1.0,0.0,1.0,0.0,1.0,1.0,34.0,2.0,36.0,0.0,14.0,49.0,1.0,0.0,1.0,112.0,1.0,1.0,1.0,32.0,40.0,1.0,134.0,1.0,5308.0,0
41.0,4.0,98.0,11.0,13.0,1.0,4.0,14.0,11.0,1.0,1.0,1.0,3.0,15.0,13.0,45.0,4.0,33.0,20.0,9.0,1.0,12.0,1.0,1.0,1.0,0.0,1.0,96.0,1.0,10.0,1.0,1.0,35.0,0.0,36.0,5.0,14.0,49.0,0.0,0.0,14.0,112.0,1.0,1.0,1.0,6.0,40.0,1.0,134.0,1.0,5308.0,0
46.0,3.0,168.0,4.0,13.0,0.0,2.0,14.0,11.0,1.0,0.0,1.0,2.0,15.0,13.0,45.0,5.0,33.0,60.0,9.0,3.0,12.0,1.0,0.0,1.0,8.0,1.0,166.0,1.0,7.0,1.0,1.0,44.0,2.0,36.0,4.0,14.0,49.0,0.0,0.0,21.0,112.0,1.0,1.0,1.0,19.0,44.0,1.0,134.0,1.0,5308.0,0
41.0,3.0,61.0,21.0,21.0,1.0,4.0,14.0,4.0,1.0,0.0,1.0,4.0,15.0,23.0,45.0,6.0,33.0,20.0,9.0,4.0,12.0,1.0,0.0,1.0,8.0,0.0,61.0,0.0,6.0,1.0,1.0,46.0,2.0,36.0,5.0,14.0,49.0,1.0,0.0,3.0,112.0,1.0,0.0,1.0,23.0,46.0,1.0,0.0,1.0,5308.0,0
41.0,3.0,45.0,21.0,36.0,1.0,4.0,37.0,8.0,1.0,0.0,1.0,4.0,38.0,13.0,45.0,0.0,33.0,8.0,9.0,1.0,12.0,1.0,0.0,1.0,8.0,1.0,45.0,0.0,2.0,0.0,1.0,40.0,2.0,36.0,5.0,37.0,49.0,1.0,0.0,2.0,61.0,1.0,1.0,0.0,38.0,40.0,1.0,13.0,1.0,5308.0,0
41.0,3.0,129.0,21.0,11.0,1.0,4.0,12.0,0.0,1.0,1.0,1.0,4.0,15.0,13.0,45.0,15.0,33.0,20.0,9.0,9.0,12.0,1.0,0.0,1.0,8.0,0.0,127.0,0.0,9.0,0.0,1.0,48.0,2.0,36.0,5.0,14.0,49.0,1.0,0.0,16.0,67.0,1.0,1.0,1.0,13.0,40.0,1.0,19.0,1.0,5308.0,0
41.0,3.0,6.0,21.0,13.0,1.0,4.0,14.0,2.0,1.0,0.0,1.0,4.0,15.0,13.0,45.0,0.0,33.0,8.0,9.0,1.0,12.0,1.0,0.0,1.0,8.0,1.0,6.0,0.0,2.0,0.0,1.0,40.0,2.0,36.0,5.0,14.0,49.0,1.0,0.0,2.0,6.0,1.0,0.0,0.0,15.0,40.0,1.0,89.0,1.0,5308.0,0
41.0,3.0,122.0,21.0,8.0,1.0,4.0,9.0,10.0,1.0,1.0,1.0,4.0,15.0,10.0,45.0,15.0,33.0,20.0,9.0,9.0,9.0,1.0,0.0,1.0,8.0,0.0,120.0,0.0,9.0,0.0,1.0,48.0,2.0,36.0,5.0,14.0,49.0,1.0,0.0,16.0,44.0,1.0,1.0,1.0,10.0,40.0,1.0,127.0,1.0,5308.0,0
41.0,0.0,93.0,0.0,13.0,0.0,1.0,14.0,11.0,0.0,0.0,1.0,0.0,2.0,13.0,41.0,7.0,33.0,30.0,9.0,6.0,12.0,1.0,0.0,1.0,8.0,1.0,93.0,1.0,2.0,1.0,1.0,40.0,2.0,36.0,5.0,14.0,49.0,0.0,0.0,7.0,112.0,1.0,1.0,1.0,2.0,40.0,1.0,134.0,0.0,5308.0,0
41.0,3.0,92.0,21.0,13.0,1.0,4.0,14.0,11.0,1.0,0.0,0.0,4.0,15.0,1.0,45.0,8.0,33.0,28.0,9.0,5.0,12.0,1.0,2.0,1.0,8.0,0.0,92.0,1.0,9.0,1.0,1.0,50.0,2.0,36.0,5.0,14.0,49.0,1.0,0.0,5.0,112.0,1.0,1.0,1.0,1.0,50.0,1.0,134.0,1.0,5308.0,0
41.0,3.0,94.0,21.0,13.0,1.0,4.0,14.0,11.0,1.0,0.0,1.0,4.0,2.0,13.0,45.0,11.0,33.0,38.0,9.0,7.0,12.0,1.0,0.0,1.0,8.0,1.0,94.0,1.0,2.0,1.0,0.0,40.0,2.0,36.0,0.0,14.0,49.0,1.0,0.0,9.0,112.0,1.0,1.0,1.0,2.0,40.0,1.0,134.0,1.0,5308.0,0
49.0,3.0,95.0,21.0,13.0,1.0,4.0,14.0,11.0,1.0,0.0,1.0,4.0,15.0,14.0,45.0,12.0,33.0,38.0,9.0,7.0,12.0,1.0,0.0,0.0,8.0,0.0,95.0,1.0,0.0,1.0,1.0,48.0,2.0,36.0,1.0,14.0,49.0,1.0,0.0,9.0,112.0,1.0,1.0,1.0,14.0,48.0,1.0,134.0,1.0,5308.0,0
43.0,4.0,86.0,17.0,13.0,0.0,3.0,14.0,11.0,1.0,0.0,1.0,3.0,106.0,13.0,42.0,2.0,33.0,20.0,3.0,4.0,12.0,1.0,0.0,1.0,8.0,1.0,86.0,1.0,1.0,1.0,1.0,40.0,2.0,36.0,3.0,14.0,49.0,0.0,0.0,3.0,112.0,1.0,1.0,1.0,106.0,40.0,1.0,134.0,1.0,5308.0,0
41.0,3.0,150.0,21.0,13.0,1.0,4.0,14.0,2.0,1.0,1.0,1.0,4.0,15.0,15.0,45.0,15.0,33.0,20.0,9.0,9.0,14.0,1.0,0.0,1.0,8.0,0.0,148.0,0.0,9.0,0.0,1.0,61.0,2.0,36.0,5.0,14.0,62.0,1.0,0.0,16.0,97.0,1.0,1.0,1.0,15.0,40.0,1.0,74.0,1.0,5308.0,0
41.0,3.0,55.0,21.0,51.0,1.0,4.0,52.0,9.0,1.0,0.0,1.0,4.0,53.0,13.0,45.0,0.0,33.0,8.0,9.0,1.0,12.0,1.0,0.0,1.0,8.0,1.0,55.0,0.0,2.0,0.0,1.0,40.0,2.0,36.0,5.0,52.0,49.0,1.0,0.0,2.0,88.0,1.0,1.0,0.0,53.0,40.0,1.0,81.0,1.0,5308.0,0
41.0,1.0,92.0,1.0,13.0,1.0,4.0,14.0,11.0,1.0,0.0,1.0,1.0,1.0,13.0,45.0,3.0,33.0,28.0,9.0,5.0,12.0,1.0,0.0,1.0,8.0,1.0,92.0,1.0,5.0,1.0,1.0,40.0,2.0,36.0,5.0,14.0,49.0,0.0,0.0,5.0,112.0,1.0,1.0,1.0,1.0,40.0,1.0,134.0,1.0,5308.0,0
41.0,4.0,99.0,12.0,13.0,1.0,4.0,14.0,11.0,1.0,1.0,1.0,3.0,15.0,13.0,45.0,4.0,33.0,20.0,9.0,1.0,12.0,1.0,1.0,1.0,0.0,1.0,97.0,1.0,10.0,1.0,1.0,35.0,0.0,36.0,5.0,14.0,49.0,0.0,0.0,14.0,112.0,1.0,1.0,1.0,6.0,40.0,1.0,134.0,1.0,5308.0,1
46.0,3.0,168.0,4.0,13.0,0.0,2.0,14.0,11.0,1.0,0.0,1.0,2.0,15.0,13.0,45.0,5.0,33.0,60.0,9.0,3.0,12.0,1.0,0.0,1.0,8.0,1.0,166.0,1.0,7.0,1.0,1.0,44.0,2.0,36.0,4.0,14.0,49.0,0.0,0.0,21.0,112.0,1.0,1.0,1.0,19.0,44.0,1.0,134.0,1.0,5308.0,1
41.0,3.0,64.0,21.0,28.0,1.0,4.0,14.0,5.0,1.0,0.0,1.0,4.0,15.0,30.0,45.0,6.0,33.0,20.0,9.0,4.0,12.0,1.0,0.0,1.0,8.0,0.0,64.0,0.0,6.0,1.0,1.0,46.0,2.0,36.0,5.0,14.0,49.0,1.0,0.0,3.0,112.0,1.0,0.0,1.0,30.0,46.0,1.0,43.0,1.0,5308.0,1
41.0,3.0,2.0,21.0,3.0,1.0,4.0,4.0,6.0,1.0,0.0,1.0,4.0,5.0,13.0,45.0,0.0,33.0,8.0,9.0,1.0,12.0,1.0,0.0,1.0,8.0,1.0,2.0,0.0,2.0,0.0,1.0,40.0,2.0,36.0,5.0,4.0,49.0,1.0,0.0,2.0,1.0,1.0,0.0,0.0,5.0,40.0,1.0,2.0,1.0,5308.0,1
41.0,3.0,171.0,8.0,13.0,1.0,4.0,14.0,11.0,1.0,1.0,1.0,2.0,15.0,13.0,45.0,16.0,14.0,20.0,9.0,3.0,12.0,1.0,4.0,1.0,8.0,1.0,167.0,1.0,10.0,1.0,1.0,40.0,1.0,21.0,5.0,14.0,49.0,0.0,1.0,26.0,112.0,0.0,1.0,1.0,14.0,40.0,1.0,134.0,1.0,5308.0,1
34.0,1.0,97.0,3.0,13.0,1.0,4.0,14.0,11.0,1.0,1.0,1.0,1.0,15.0,13.0,45.0,10.0,33.0,20.0,9.0,1.0,12.0,0.0,4.0,1.0,8.0,1.0,167.0,1.0,3.0,1.0,1.0,34.0,2.0,36.0,2.0,14.0,49.0,0.0,1.0,12.0,112.0,1.0,1.0,1.0,14.0,40.0,0.0,134.0,1.0,5308.0,1
41.0,3.0,163.0,21.0,32.0,1.0,4.0,33.0,7.0,1.0,1.0,1.0,4.0,15.0,34.0,45.0,15.0,33.0,20.0,9.0,9.0,33.0,1.0,0.0,1.0,8.0,0.0,161.0,0.0,9.0,0.0,1.0,46.0,2.0,36.0,5.0,14.0,47.0,1.0,0.0,16.0,110.0,1.0,4.0,1.0,34.0,40.0,1.0,67.0,1.0,5308.0,1
41.0,1.0,92.0,1.0,13.0,1.0,4.0,14.0,11.0,1.0,0.0,1.0,1.0,1.0,13.0,45.0,3.0,33.0,28.0,9.0,5.0,12.0,1.0,0.0,1.0,8.0,1.0,92.0,1.0,5.0,1.0,1.0,40.0,2.0,36.0,5.0,14.0,49.0,0.0,0.0,5.0,112.0,1.0,1.0,1.0,1.0,40.0,1.0,134.0,1.0,5308.0,1
41.0,3.0,171.0,6.0,13.0,1.0,4.0,14.0,11.0,1.0,1.0,1.0,2.0,15.0,13.0,45.0,16.0,7.0,20.0,9.0,3.0,12.0,1.0,4.0,1.0,8.0,1.0,167.0,1.0,10.0,1.0,1.0,40.0,1.0,1.0,5.0,14.0,49.0,0.0,1.0,26.0,112.0,0.0,1.0,1.0,14.0,40.0,1.0,134.0,1.0,5308.0,1
34.0,1.0,97.0,3.0,13.0,1.0,4.0,14.0,11.0,1.0,1.0,1.0,1.0,15.0,13.0,45.0,10.0,33.0,20.0,9.0,1.0,12.0,0.0,4.0,1.0,8.0,1.0,167.0,1.0,3.0,1.0,1.0,34.0,2.0,36.0,2.0,14.0,49.0,0.0,1.0,12.0,112.0,1.0,1.0,1.0,14.0,40.0,0.0,134.0,1.0,5308.0,1
34.0,3.0,0.0,21.0,13.0,1.0,4.0,14.0,11.0,1.0,1.0,1.0,4.0,15.0,13.0,45.0,9.0,33.0,20.0,9.0,0.0,12.0,0.0,3.0,1.0,8.0,1.0,0.0,1.0,0.0,1.0,1.0,34.0,2.0,36.0,0.0,14.0,49.0,1.0,0.0,1.0,112.0,1.0,1.0,1.0,32.0,40.0,1.0,134.0,1.0,5308.0,1
41.0,4.0,99.0,12.0,13.0,1.0,4.0,14.0,11.0,1.0,1.0,1.0,3.0,15.0,13.0,45.0,4.0,33.0,20.0,9.0,1.0,12.0,1.0,1.0,1.0,0.0,1.0,97.0,1.0,10.0,1.0,1.0,35.0,0.0,36.0,5.0,14.0,49.0,0.0,0.0,14.0,112.0,1.0,1.0,1.0,6.0,40.0,1.0,134.0,1.0,5308.0,1
46.0,3.0,168.0,4.0,13.0,0.0,2.0,14.0,11.0,1.0,0.0,1.0,2.0,15.0,13.0,45.0,5.0,33.0,60.0,9.0,3.0,12.0,1.0,0.0,1.0,8.0,1.0,166.0,1.0,7.0,1.0,1.0,44.0,2.0,36.0,4.0,14.0,49.0,0.0,0.0,21.0,112.0,1.0,1.0,1.0,19.0,44.0,1.0,134.0,1.0,5308.0,1
41.0,3.0,73.0,21.0,32.0,1.0,4.0,14.0,7.0,1.0,0.0,1.0,4.0,15.0,34.0,45.0,6.0,33.0,20.0,9.0,4.0,12.0,1.0,0.0,1.0,8.0,0.0,73.0,0.0,6.0,1.0,1.0,46.0,2.0,36.0,5.0,14.0,49.0,1.0,0.0,3.0,112.0,1.0,0.0,1.0,34.0,46.0,1.0,47.0,1.0,5308.0,1
41.0,3.0,3.0,21.0,3.0,1.0,4.0,4.0,6.0,1.0,0.0,1.0,4.0,5.0,13.0,45.0,0.0,33.0,8.0,9.0,1.0,12.0,1.0,0.0,1.0,8.0,1.0,3.0,0.0,2.0,0.0,1.0,40.0,2.0,36.0,5.0,4.0,49.0,1.0,0.0,2.0,2.0,1.0,0.0,0.0,5.0,40.0,1.0,36.0,1.0,5308.0,1
41.0,3.0,145.0,21.0,11.0,1.0,4.0,12.0,0.0,1.0,1.0,1.0,4.0,15.0,13.0,45.0,15.0,33.0,20.0,9.0,9.0,12.0,1.0,0.0,1.0,8.0,0.0,143.0,0.0,9.0,0.0,1.0,48.0,2.0,36.0,5.0,14.0,49.0,1.0,0.0,16.0,83.0,1.0,1.0,1.0,13.0,40.0,1.0,37.0,1.0,5308.0,1
41.0,3.0,47.0,21.0,36.0,1.0,4.0,37.0,8.0,1.0,0.0,1.0,4.0,38.0,13.0,45.0,0.0,33.0,8.0,9.0,1.0,12.0,1.0,0.0,1.0,8.0,1.0,47.0,0.0,2.0,0.0,1.0,40.0,2.0,36.0,5.0,37.0,49.0,1.0,0.0,2.0,63.0,1.0,1.0,0.0,38.0,40.0,1.0,15.0,1.0,5308.0,1
41.0,3.0,139.0,21.0,11.0,1.0,4.0,12.0,0.0,1.0,1.0,1.0,4.0,15.0,13.0,45.0,15.0,33.0,20.0,9.0,9.0,12.0,1.0,0.0,1.0,8.0,0.0,137.0,0.0,9.0,0.0,1.0,48.0,2.0,36.0,5.0,14.0,49.0,1.0,0.0,16.0,77.0,1.0,1.0,1.0,13.0,40.0,1.0,29.0,1.0,5308.0,1
41.0,3.0,19.0,21.0,13.0,1.0,4.0,14.0,2.0,1.0,0.0,1.0,4.0,15.0,13.0,45.0,0.0,33.0,8.0,9.0,1.0,12.0,1.0,0.0,1.0,8.0,1.0,19.0,0.0,2.0,0.0,1.0,40.0,2.0,36.0,5.0,14.0,49.0,1.0,0.0,2.0,19.0,1.0,0.0,0.0,15.0,40.0,1.0,102.0,1.0,5308.0,1
41.0,3.0,116.0,21.0,8.0,1.0,4.0,9.0,10.0,1.0,1.0,1.0,4.0,15.0,10.0,45.0,15.0,33.0,20.0,9.0,9.0,9.0,1.0,0.0,1.0,8.0,0.0,114.0,0.0,9.0,0.0,1.0,50.0,2.0,36.0,5.0,14.0,51.0,1.0,0.0,16.0,38.0,1.0,1.0,1.0,10.0,40.0,1.0,121.0,1.0,5308.0,1
41.0,3.0,171.0,8.0,13.0,1.0,4.0,14.0,11.0,1.0,1.0,1.0,2.0,15.0,13.0,45.0,16.0,1.0,20.0,9.0,3.0,12.0,1.0,4.0,1.0,8.0,1.0,167.0,1.0,10.0,1.0,1.0,40.0,1.0,18.0,5.0,14.0,49.0,0.0,1.0,26.0,112.0,0.0,1.0,1.0,14.0,40.0,1.0,134.0,1.0,5308.0,1
34.0,1.0,97.0,3.0,13.0,1.0,4.0,14.0,11.0,1.0,1.0,1.0,1.0,15.0,13.0,45.0,10.0,33.0,20.0,9.0,1.0,12.0,0.0,4.0,1.0,8.0,1.0,167.0,1.0,3.0,1.0,1.0,34.0,2.0,36.0,2.0,14.0,49.0,0.0,1.0,12.0,112.0,1.0,1.0,1.0,14.0,40.0,0.0,134.0,1.0,5308.0,1
41.0,3.0,161.0,21.0,32.0,1.0,4.0,33.0,7.0,1.0,1.0,1.0,4.0,15.0,34.0,45.0,15.0,33.0,20.0,9.0,9.0,33.0,1.0,0.0,1.0,8.0,0.0,159.0,0.0,9.0,0.0,1.0,46.0,2.0,36.0,5.0,14.0,47.0,1.0,0.0,16.0,108.0,1.0,4.0,1.0,34.0,40.0,1.0,53.0,1.0,5308.0,1
41.0,1.0,92.0,1.0,13.0,1.0,4.0,14.0,11.0,1.0,0.0,1.0,1.0,1.0,13.0,45.0,3.0,33.0,28.0,9.0,5.0,12.0,1.0,0.0,1.0,8.0,1.0,92.0,1.0,5.0,1.0,1.0,40.0,2.0,36.0,5.0,14.0,49.0,0.0,0.0,5.0,112.0,1.0,1.0,1.0,1.0,40.0,1.0,134.0,1.0,5308.0,1
41.0,3.0,171.0,9.0,13.0,1.0,4.0,14.0,11.0,1.0,1.0,1.0,2.0,15.0,13.0,45.0,16.0,28.0,20.0,9.0,3.0,12.0,1.0,4.0,1.0,8.0,1.0,167.0,1.0,10.0,1.0,1.0,40.0,1.0,32.0,5.0,14.0,49.0,0.0,1.0,26.0,112.0,0.0,1.0,1.0,14.0,40.0,1.0,134.0,1.0,5308.0,1
34.0,1.0,97.0,3.0,13.0,1.0,4.0,14.0,11.0,1.0,1.0,1.0,1.0,15.0,13.0,45.0,10.0,33.0,20.0,9.0,1.0,12.0,0.0,4.0,1.0,8.0,1.0,167.0,1.0,3.0,1.0,1.0,34.0,2.0,36.0,2.0,14.0,49.0,0.0,1.0,12.0,112.0,1.0,1.0,1.0,14.0,40.0,0.0,134.0,1.0,5308.0,1
34.0,3.0,0.0,21.0,13.0,1.0,4.0,14.0,11.0,1.0,1.0,1.0,4.0,15.0,13.0,45.0,9.0,33.0,20.0,9.0,0.0,12.0,0.0,3.0,1.0,8.0,1.0,0.0,1.0,0.0,1.0,1.0,34.0,2.0,36.0,0.0,14.0,49.0,1.0,0.0,1.0,112.0,1.0,1.0,1.0,32.0,40.0,1.0,134.0,1.0,5308.0,1
41.0,4.0,99.0,12.0,13.0,1.0,4.0,14.0,11.0,1.0,1.0,1.0,3.0,15.0,13.0,45.0,4.0,33.0,20.0,9.0,1.0,12.0,1.0,1.0,1.0,0.0,1.0,97.0,1.0,10.0,1.0,1.0,35.0,0.0,36.0,5.0,14.0,49.0,0.0,0.0,14.0,112.0,1.0,1.0,1.0,6.0,40.0,1.0,134.0,1.0,5308.0,1
46.0,3.0,168.0,4.0,13.0,0.0,2.0,14.0,11.0,1.0,0.0,1.0,2.0,15.0,13.0,45.0,5.0,33.0,60.0,9.0,3.0,12.0,1.0,0.0,1.0,8.0,1.0,166.0,1.0,7.0,1.0,1.0,44.0,2.0,36.0,4.0,14.0,49.0,0.0,0.0,21.0,112.0,1.0,1.0,1.0,19.0,44.0,1.0,134.0,1.0,5308.0,1
41.0,3.0,72.0,21.0,32.0,1.0,4.0,14.0,7.0,1.0,0.0,1.0,4.0,15.0,34.0,45.0,6.0,33.0,20.0,9.0,4.0,12.0,1.0,0.0,1.0,8.0,0.0,72.0,0.0,6.0,1.0,1.0,46.0,2.0,36.0,5.0,14.0,49.0,1.0,0.0,3.0,112.0,1.0,0.0,1.0,34.0,46.0,1.0,45.0,1.0,5308.0,1
41.0,3.0,3.0,21.0,3.0,1.0,4.0,4.0,6.0,1.0,0.0,1.0,4.0,5.0,13.0,45.0,0.0,33.0,8.0,9.0,1.0,12.0,1.0,0.0,1.0,8.0,1.0,3.0,0.0,2.0,0.0,1.0,40.0,2.0,36.0,5.0,4.0,49.0,1.0,0.0,2.0,2.0,1.0,0.0,0.0,5.0,40.0,1.0,36.0,1.0,5308.0,1
41.0,3.0,145.0,21.0,11.0,1.0,4.0,12.0,0.0,1.0,1.0,1.0,4.0,15.0,13.0,45.0,15.0,33.0,20.0,9.0,9.0,12.0,1.0,0.0,1.0,8.0,0.0,143.0,0.0,9.0,0.0,1.0,48.0,2.0,36.0,5.0,14.0,49.0,1.0,0.0,16.0,83.0,1.0,1.0,1.0,13.0,40.0,1.0,37.0,1.0,5308.0,1
41.0,3.0,39.0,21.0,36.0,1.0,4.0,37.0,8.0,1.0,0.0,1.0,4.0,38.0,13.0,45.0,0.0,33.0,8.0,9.0,1.0,12.0,1.0,0.0,1.0,8.0,1.0,39.0,0.0,2.0,0.0,1.0,40.0,2.0,36.0,5.0,37.0,49.0,1.0,0.0,2.0,55.0,1.0,1.0,0.0,38.0,40.0,1.0,7.0,1.0,5308.0,1
41.0,3.0,134.0,21.0,11.0,1.0,4.0,12.0,0.0,1.0,1.0,1.0,4.0,15.0,13.0,45.0,15.0,33.0,20.0,9.0,9.0,12.0,1.0,0.0,1.0,8.0,0.0,132.0,0.0,9.0,0.0,1.0,48.0,2.0,36.0,5.0,14.0,49.0,1.0,0.0,16.0,72.0,1.0,1.0,1.0,13.0,40.0,1.0,24.0,1.0,5308.0,1
41.0,3.0,8.0,21.0,13.0,1.0,4.0,14.0,2.0,1.0,0.0,1.0,4.0,15.0,13.0,45.0,0.0,33.0,8.0,9.0,1.0,12.0,1.0,0.0,1.0,8.0,1.0,8.0,0.0,2.0,0.0,1.0,40.0,2.0,36.0,5.0,14.0,49.0,1.0,0.0,2.0,8.0,1.0,0.0,0.0,15.0,40.0,1.0,91.0,1.0,5308.0,1
41.0,3.0,126.0,21.0,8.0,1.0,4.0,9.0,10.0,1.0,1.0,1.0,4.0,15.0,10.0,45.0,15.0,33.0,20.0,9.0,9.0,9.0,1.0,0.0,1.0,8.0,0.0,124.0,0.0,9.0,0.0,1.0,50.0,2.0,36.0,5.0,14.0,51.0,1.0,0.0,16.0,48.0,1.0,1.0,1.0,10.0,40.0,1.0,131.0,1.0,5308.0,1
41.0,1.0,92.0,1.0,13.0,1.0,4.0,14.0,11.0,1.0,0.0,1.0,1.0,1.0,13.0,45.0,3.0,33.0,28.0,9.0,5.0,12.0,1.0,0.0,1.0,8.0,1.0,92.0,1.0,5.0,1.0,1.0,40.0,2.0,36.0,5.0,14.0,49.0,0.0,0.0,5.0,112.0,1.0,1.0,1.0,1.0,40.0,1.0,134.0,1.0,5308.0,1
41.0,3.0,171.0,8.0,13.0,1.0,4.0,14.0,11.0,1.0,1.0,1.0,2.0,15.0,13.0,45.0,16.0,16.0,20.0,9.0,3.0,12.0,1.0,4.0,1.0,8.0,1.0,167.0,1.0,10.0,1.0,1.0,40.0,1.0,22.0,5.0,14.0,49.0,0.0,1.0,26.0,112.0,0.0,1.0,1.0,14.0,40.0,1.0,134.0,1.0,5308.0,1
34.0,1.0,97.0,3.0,13.0,1.0,4.0,14.0,11.0,1.0,1.0,1.0,1.0,15.0,13.0,45.0,10.0,33.0,20.0,9.0,1.0,12.0,0.0,4.0,1.0,8.0,1.0,167.0,1.0,3.0,1.0,1.0,34.0,2.0,36.0,2.0,14.0,49.0,0.0,1.0,12.0,112.0,1.0,1.0,1.0,14.0,40.0,0.0,134.0,1.0,5308.0,1
34.0,3.0,0.0,21.0,13.0,1.0,4.0,14.0,11.0,1.0,1.0,1.0,4.0,15.0,13.0,45.0,9.0,33.0,20.0,9.0,0.0,12.0,0.0,3.0,1.0,8.0,1.0,0.0,1.0,0.0,1.0,1.0,34.0,2.0,36.0,0.0,14.0,49.0,1.0,0.0,1.0,112.0,1.0,1.0,1.0,32.0,40.0,1.0,134.0,1.0,5308.0,1
41.0,4.0,99.0,12.0,13.0,1.0,4.0,14.0,11.0,1.0,1.0,1.0,3.0,15.0,13.0,45.0,4.0,33.0,20.0,9.0,1.0,12.0,1.0,1.0,1.0,0.0,1.0,97.0,1.0,10.0,1.0,1.0,35.0,0.0,36.0,5.0,14.0,49.0,0.0,0.0,14.0,112.0,1.0,1.0,1.0,6.0,40.0,1.0,134.0,1.0,5308.0,1
46.0,3.0,168.0,4.0,13.0,0.0,2.0,14.0,11.0,1.0,0.0,1.0,2.0,15.0,13.0,45.0,5.0,33.0,60.0,9.0,3.0,12.0,1.0,0.0,1.0,8.0,1.0,166.0,1.0,7.0,1.0,1.0,44.0,2.0,36.0,4.0,14.0,49.0,0.0,0.0,21.0,112.0,1.0,1.0,1.0,19.0,44.0,1.0,134.0,1.0,5308.0,1
41.0,3.0,61.0,21.0,21.0,1.0,4.0,14.0,4.0,1.0,0.0,1.0,4.0,15.0,23.0,45.0,6.0,33.0,20.0,9.0,4.0,12.0,1.0,0.0,1.0,8.0,0.0,61.0,0.0,6.0,1.0,1.0,46.0,2.0,36.0,5.0,14.0,49.0,1.0,0.0,3.0,112.0,1.0,0.0,1.0,23.0,46.0,1.0,0.0,1.0,5308.0,1
41.0,3.0,50.0,21.0,36.0,1.0,4.0,37.0,8.0,1.0,0.0,1.0,4.0,38.0,13.0,45.0,0.0,33.0,8.0,9.0,1.0,12.0,1.0,0.0,1.0,8.0,1.0,50.0,0.0,2.0,0.0,1.0,40.0,2.0,36.0,5.0,37.0,49.0,1.0,0.0,2.0,66.0,1.0,1.0,0.0,38.0,40.0,1.0,18.0,1.0,5308.0,1
41.0,3.0,144.0,21.0,11.0,1.0,4.0,12.0,0.0,1.0,1.0,1.0,4.0,15.0,13.0,45.0,15.0,33.0,20.0,9.0,9.0,12.0,1.0,0.0,1.0,8.0,0.0,142.0,0.0,9.0,0.0,1.0,48.0,2.0,36.0,5.0,14.0,49.0,1.0,0.0,16.0,82.0,1.0,1.0,1.0,13.0,40.0,1.0,34.0,1.0,5308.0,1
41.0,3.0,9.0,21.0,13.0,1.0,4.0,14.0,2.0,1.0,0.0,1.0,4.0,15.0,13.0,45.0,0.0,33.0,8.0,9.0,1.0,12.0,1.0,0.0,1.0,8.0,1.0,9.0,0.0,2.0,0.0,1.0,40.0,2.0,36.0,5.0,14.0,49.0,1.0,0.0,2.0,9.0,1.0,0.0,0.0,15.0,40.0,1.0,92.0,1.0,5308.0,1
41.0,3.0,121.0,21.0,8.0,1.0,4.0,9.0,10.0,1.0,1.0,1.0,4.0,15.0,10.0,45.0,15.0,33.0,20.0,9.0,9.0,9.0,1.0,0.0,1.0,8.0,0.0,119.0,0.0,9.0,0.0,1.0,48.0,2.0,36.0,5.0,14.0,49.0,1.0,0.0,16.0,43.0,1.0,1.0,1.0,10.0,40.0,1.0,126.0,1.0,5308.0,1
41.0,3.0,171.0,6.0,13.0,1.0,4.0,14.0,11.0,1.0,1.0,1.0,2.0,15.0,13.0,45.0,16.0,10.0,20.0,9.0,3.0,12.0,1.0,4.0,1.0,8.0,1.0,167.0,1.0,10.0,1.0,1.0,40.0,1.0,3.0,5.0,14.0,49.0,0.0,1.0,26.0,112.0,0.0,1.0,1.0,14.0,40.0,1.0,134.0,1.0,5308.0,1
34.0,1.0,97.0,3.0,13.0,1.0,4.0,14.0,11.0,1.0,1.0,1.0,1.0,15.0,13.0,45.0,10.0,33.0,20.0,9.0,1.0,12.0,0.0,4.0,1.0,8.0,1.0,167.0,1.0,3.0,1.0,1.0,34.0,2.0,36.0,2.0,14.0,49.0,0.0,1.0,12.0,112.0,1.0,1.0,1.0,14.0,40.0,0.0,134.0,1.0,5308.0,1
41.0,3.0,155.0,21.0,21.0,1.0,4.0,22.0,4.0,1.0,1.0,1.0,4.0,15.0,23.0,45.0,15.0,33.0,20.0,9.0,9.0,22.0,1.0,0.0,1.0,8.0,0.0,153.0,0.0,9.0,0.0,1.0,46.0,2.0,36.0,5.0,14.0,47.0,1.0,0.0,16.0,102.0,1.0,2.0,1.0,23.0,40.0,1.0,0.0,1.0,5308.0,1
41.0,1.0,92.0,1.0,13.0,1.0,4.0,14.0,11.0,1.0,0.0,1.0,1.0,1.0,13.0,45.0,3.0,33.0,28.0,9.0,5.0,12.0,1.0,0.0,1.0,8.0,1.0,92.0,1.0,5.0,1.0,1.0,40.0,2.0,36.0,5.0,14.0,49.0,0.0,0.0,5.0,112.0,1.0,1.0,1.0,1.0,40.0,1.0,134.0,1.0,5308.0,1
41.0,3.0,171.0,8.0,13.0,1.0,4.0,14.0,11.0,1.0,1.0,1.0,2.0,15.0,13.0,45.0,16.0,4.0,20.0,9.0,3.0,12.0,1.0,4.0,1.0,8.0,1.0,167.0,1.0,10.0,1.0,1.0,40.0,1.0,20.0,5.0,14.0,49.0,0.0,1.0,26.0,112.0,0.0,1.0,1.0,14.0,40.0,1.0,134.0,1.0,5308.0,1
34.0,1.0,97.0,3.0,13.0,1.0,4.0,14.0,11.0,1.0,1.0,1.0,1.0,15.0,13.0,45.0,10.0,33.0,20.0,9.0,1.0,12.0,0.0,4.0,1.0,8.0,1.0,167.0,1.0,3.0,1.0,1.0,34.0,2.0,36.0,2.0,14.0,49.0,0.0,1.0,12.0,112.0,1.0,1.0,1.0,14.0,40.0,0.0,134.0,1.0,5308.0,1
34.0,3.0,0.0,21.0,13.0,1.0,4.0,14.0,11.0,1.0,1.0,1.0,4.0,15.0,13.0,45.0,9.0,33.0,20.0,9.0,0.0,12.0,0.0,3.0,1.0,8.0,1.0,0.0,1.0,0.0,1.0,1.0,34.0,2.0,36.0,0.0,14.0,49.0,1.0,0.0,1.0,112.0,1.0,1.0,1.0,32.0,40.0,1.0,134.0,1.0,5308.0,1
41.0,4.0,99.0,12.0,13.0,1.0,4.0,14.0,11.0,1.0,1.0,1.0,3.0,15.0,13.0,45.0,4.0,33.0,20.0,9.0,1.0,12.0,1.0,1.0,1.0,0.0,1.0,97.0,1.0,10.0,1.0,1.0,35.0,0.0,36.0,5.0,14.0,49.0,0.0,0.0,14.0,112.0,1.0,1.0,1.0,6.0,40.0,1.0,134.0,1.0,5308.0,1
46.0,3.0,168.0,4.0,13.0,0.0,2.0,14.0,11.0,1.0,0.0,1.0,2.0,15.0,13.0,45.0,5.0,33.0,60.0,9.0,3.0,12.0,1.0,0.0,1.0,8.0,1.0,166.0,1.0,7.0,1.0,1.0,44.0,2.0,36.0,4.0,14.0,49.0,0.0,0.0,21.0,112.0,1.0,1.0,1.0,19.0,44.0,1.0,134.0,1.0,5308.0,1
41.0,3.0,61.0,21.0,21.0,1.0,4.0,14.0,4.0,1.0,0.0,1.0,4.0,15.0,23.0,45.0,6.0,33.0,20.0,9.0,4.0,12.0,1.0,0.0,1.0,8.0,0.0,61.0,0.0,6.0,1.0,1.0,46.0,2.0,36.0,5.0,14.0,49.0,1.0,0.0,3.0,112.0,1.0,0.0,1.0,23.0,46.0,1.0,0.0,1.0,5308.0,1
41.0,3.0,44.0,21.0,36.0,1.0,4.0,37.0,8.0,1.0,0.0,1.0,4.0,38.0,13.0,45.0,0.0,33.0,8.0,9.0,1.0,12.0,1.0,0.0,1.0,8.0,1.0,44.0,0.0,2.0,0.0,1.0,40.0,2.0,36.0,5.0,37.0,49.0,1.0,0.0,2.0,60.0,1.0,1.0,0.0,38.0,40.0,1.0,12.0,1.0,5308.0,1
41.0,3.0,138.0,21.0,11.0,1.0,4.0,12.0,0.0,1.0,1.0,1.0,4.0,15.0,13.0,45.0,15.0,33.0,20.0,9.0,9.0,12.0,1.0,0.0,1.0,8.0,0.0,136.0,0.0,9.0,0.0,1.0,48.0,2.0,36.0,5.0,14.0,49.0,1.0,0.0,16.0,76.0,1.0,1.0,1.0,13.0,40.0,1.0,28.0,1.0,5308.0,1
41.0,3.0,12.0,21.0,13.0,1.0,4.0,14.0,2.0,1.0,0.0,1.0,4.0,15.0,13.0,45.0,0.0,33.0,8.0,9.0,1.0,12.0,1.0,0.0,1.0,8.0,1.0,12.0,0.0,2.0,0.0,1.0,40.0,2.0,36.0,5.0,14.0,49.0,1.0,0.0,2.0,12.0,1.0,0.0,0.0,15.0,40.0,1.0,95.0,1.0,5308.0,1
41.0,3.0,120.0,21.0,8.0,1.0,4.0,9.0,10.0,1.0,1.0,1.0,4.0,15.0,10.0,45.0,15.0,33.0,20.0,9.0,9.0,9.0,1.0,0.0,1.0,8.0,0.0,118.0,0.0,9.0,0.0,1.0,48.0,2.0,36.0,5.0,14.0,49.0,1.0,0.0,16.0,42.0,1.0,1.0,1.0,10.0,40.0,1.0,125.0,1.0,5308.0,1
41.0,3.0,171.0,9.0,13.0,1.0,4.0,14.0,11.0,1.0,1.0,1.0,2.0,15.0,13.0,45.0,16.0,30.0,20.0,9.0,3.0,12.0,1.0,4.0,1.0,8.0,1.0,167.0,1.0,10.0,1.0,1.0,40.0,1.0,34.0,5.0,14.0,49.0,0.0,1.0,26.0,112.0,0.0,1.0,1.0,14.0,40.0,1.0,134.0,1.0,5308.0,1
34.0,1.0,97.0,3.0,13.0,1.0,4.0,14.0,11.0,1.0,1.0,1.0,1.0,15.0,13.0,45.0,10.0,33.0,20.0,9.0,1.0,12.0,0.0,4.0,1.0,8.0,1.0,167.0,1.0,3.0,1.0,1.0,34.0,2.0,36.0,2.0,14.0,49.0,0.0,1.0,12.0,112.0,1.0,1.0,1.0,14.0,40.0,0.0,134.0,1.0,5308.0,1
41.0,3.0,155.0,21.0,21.0,1.0,4.0,22.0,4.0,1.0,1.0,1.0,4.0,15.0,23.0,45.0,15.0,33.0,20.0,9.0,9.0,22.0,1.0,0.0,1.0,8.0,0.0,153.0,0.0,9.0,0.0,1.0,46.0,2.0,36.0,5.0,14.0,47.0,1.0,0.0,16.0,102.0,1.0,2.0,1.0,23.0,40.0,1.0,0.0,1.0,5308.0,1
41.0,1.0,92.0,1.0,13.0,1.0,4.0,14.0,11.0,1.0,0.0,1.0,1.0,1.0,13.0,45.0,3.0,33.0,28.0,9.0,5.0,12.0,1.0,0.0,1.0,8.0,1.0,92.0,1.0,5.0,1.0,1.0,40.0,2.0,36.0,5.0,14.0,49.0,0.0,0.0,5.0,112.0,1.0,1.0,1.0,1.0,40.0,1.0,134.0,1.0,5308.0,1
41.0,3.0,171.0,7.0,13.0,1.0,4.0,14.0,11.0,1.0,1.0,1.0,2.0,15.0,13.0,45.0,16.0,22.0,20.0,9.0,3.0,12.0,1.0,4.0,1.0,8.0,1.0,167.0,1.0,10.0,1.0,1.0,40.0,1.0,14.0,5.0,14.0,49.0,0.0,1.0,26.0,112.0,0.0,1.0,1.0,14.0,40.0,1.0,134.0,1.0,5308.0,1
34.0,1.0,97.0,3.0,13.0,1.0,4.0,14.0,11.0,1.0,1.0,1.0,1.0,15.0,13.0,45.0,10.0,33.0,20.0,9.0,1.0,12.0,0.0,4.0,1.0,8.0,1.0,167.0,1.0,3.0,1.0,1.0,34.0,2.0,36.0,2.0,14.0,49.0,0.0,1.0,12.0,112.0,1.0,1.0,1.0,14.0,40.0,0.0,134.0,1.0,5308.0,1
34.0,3.0,0.0,21.0,13.0,1.0,4.0,14.0,11.0,1.0,1.0,1.0,4.0,15.0,13.0,45.0,9.0,33.0,20.0,9.0,0.0,12.0,0.0,3.0,1.0,8.0,1.0,0.0,1.0,0.0,1.0,1.0,34.0,2.0,36.0,0.0,14.0,49.0,1.0,0.0,1.0,112.0,1.0,1.0,1.0,32.0,40.0,1.0,134.0,1.0,5308.0,1
41.0,4.0,99.0,12.0,13.0,1.0,4.0,14.0,11.0,1.0,1.0,1.0,3.0,15.0,13.0,45.0,4.0,33.0,20.0,9.0,1.0,12.0,1.0,1.0,1.0,0.0,1.0,97.0,1.0,10.0,1.0,1.0,35.0,0.0,36.0,5.0,14.0,49.0,0.0,0.0,14.0,112.0,1.0,1.0,1.0,6.0,40.0,1.0,134.0,1.0,5308.0,1
46.0,3.0,168.0,4.0,13.0,0.0,2.0,14.0,11.0,1.0,0.0,1.0,2.0,15.0,13.0,45.0,5.0,33.0,60.0,9.0,3.0,12.0,1.0,0.0,1.0,8.0,1.0,166.0,1.0,7.0,1.0,1.0,44.0,2.0,36.0,4.0,14.0,49.0,0.0,0.0,21.0,112.0,1.0,1.0,1.0,19.0,44.0,1.0,134.0,1.0,5308.0,1
41.0,3.0,61.0,21.0,21.0,1.0,4.0,14.0,4.0,1.0,0.0,1.0,4.0,15.0,23.0,45.0,6.0,33.0,20.0,9.0,4.0,12.0,1.0,0.0,1.0,8.0,0.0,61.0,0.0,6.0,1.0,1.0,46.0,2.0,36.0,5.0,14.0,49.0,1.0,0.0,3.0,112.0,1.0,0.0,1.0,23.0,46.0,1.0,0.0,1.0,5308.0,1
41.0,3.0,48.0,21.0,36.0,1.0,4.0,37.0,8.0,1.0,0.0,1.0,4.0,38.0,13.0,45.0,0.0,33.0,8.0,9.0,1.0,12.0,1.0,0.0,1.0,8.0,1.0,48.0,0.0,2.0,0.0,1.0,40.0,2.0,36.0,5.0,37.0,49.0,1.0,0.0,2.0,64.0,1.0,1.0,0.0,38.0,40.0,1.0,16.0,1.0,5308.0,1
41.0,3.0,143.0,21.0,11.0,1.0,4.0,12.0,0.0,1.0,1.0,1.0,4.0,15.0,13.0,45.0,15.0,33.0,20.0,9.0,9.0,12.0,1.0,0.0,1.0,8.0,0.0,141.0,0.0,9.0,0.0,1.0,48.0,2.0,36.0,5.0,14.0,49.0,1.0,0.0,16.0,81.0,1.0,1.0,1.0,13.0,40.0,1.0,33.0,1.0,5308.0,1
41.0,3.0,32.0,21.0,13.0,1.0,4.0,14.0,2.0,1.0,0.0,1.0,4.0,15.0,13.0,45.0,0.0,33.0,8.0,9.0,1.0,12.0,1.0,0.0,1.0,8.0,1.0,32.0,0.0,2.0,0.0,1.0,40.0,2.0,36.0,5.0,14.0,49.0,1.0,0.0,2.0,32.0,1.0,0.0,0.0,15.0,40.0,1.0,115.0,1.0,5308.0,1
41.0,3.0,124.0,21.0,8.0,1.0,4.0,9.0,10.0,1.0,1.0,1.0,4.0,15.0,10.0,45.0,15.0,33.0,20.0,9.0,9.0,9.0,1.0,0.0,1.0,8.0,0.0,122.0,0.0,9.0,0.0,1.0,48.0,2.0,36.0,5.0,14.0,49.0,1.0,0.0,16.0,46.0,1.0,1.0,1.0,10.0,40.0,1.0,129.0,1.0,5308.0,1
41.0,1.0,92.0,1.0,13.0,1.0,4.0,14.0,11.0,1.0,0.0,1.0,1.0,1.0,13.0,45.0,3.0,33.0,28.0,9.0,5.0,12.0,1.0,0.0,1.0,8.0,1.0,92.0,1.0,5.0,1.0,1.0,40.0,2.0,36.0,5.0,14.0,49.0,0.0,0.0,5.0,112.0,1.0,1.0,1.0,1.0,40.0,1.0,134.0,1.0,5308.0,1
41.0,3.0,169.0,21.0,13.0,1.0,4.0,14.0,11.0,1.0,1.0,1.0,4.0,15.0,13.0,45.0,16.0,33.0,20.0,9.0,3.0,12.0,1.0,4.0,1.0,8.0,1.0,167.0,1.0,10.0,1.0,1.0,34.0,2.0,36.0,5.0,14.0,49.0,1.0,1.0,24.0,112.0,1.0,1.0,1.0,14.0,40.0,1.0,134.0,1.0,5308.0,0
41.0,3.0,171.0,9.0,13.0,1.0,4.0,14.0,11.0,1.0,1.0,1.0,2.0,15.0,13.0,45.0,16.0,19.0,20.0,9.0,3.0,12.0,1.0,4.0,1.0,8.0,1.0,167.0,1.0,10.0,1.0,1.0,40.0,1.0,29.0,5.0,14.0,49.0,0.0,1.0,26.0,112.0,0.0,1.0,1.0,14.0,40.0,1.0,134.0,1.0,5308.0,0
34.0,1.0,97.0,3.0,13.0,1.0,4.0,14.0,11.0,1.0,1.0,1.0,1.0,15.0,13.0,45.0,10.0,33.0,20.0,9.0,1.0,12.0,0.0,4.0,1.0,8.0,1.0,167.0,1.0,3.0,1.0,1.0,34.0,2.0,36.0,2.0,14.0,49.0,0.0,1.0,12.0,112.0,1.0,1.0,1.0,14.0,40.0,0.0,134.0,1.0,5308.0,0
34.0,3.0,0.0,21.0,13.0,1.0,4.0,14.0,11.0,1.0,1.0,1.0,4.0,15.0,13.0,45.0,9.0,33.0,20.0,9.0,0.0,12.0,0.0,3.0,1.0,8.0,1.0,0.0,1.0,0.0,1.0,1.0,34.0,2.0,36.0,0.0,14.0,49.0,1.0,0.0,1.0,112.0,1.0,1.0,1.0,32.0,40.0,1.0,134.0,1.0,5308.0,0
41.0,4.0,99.0,12.0,13.0,1.0,4.0,14.0,11.0,1.0,1.0,1.0,3.0,15.0,13.0,45.0,4.0,33.0,20.0,9.0,1.0,12.0,1.0,1.0,1.0,0.0,1.0,97.0,1.0,10.0,1.0,1.0,35.0,0.0,36.0,5.0,14.0,49.0,0.0,0.0,14.0,112.0,1.0,1.0,1.0,6.0,40.0,1.0,134.0,1.0,5308.0,0
46.0,3.0,168.0,4.0,13.0,0.0,2.0,14.0,11.0,1.0,0.0,1.0,2.0,15.0,13.0,45.0,5.0,33.0,60.0,9.0,3.0,12.0,1.0,0.0,1.0,8.0,1.0,166.0,1.0,7.0,1.0,1.0,44.0,2.0,36.0,4.0,14.0,49.0,0.0,0.0,21.0,112.0,1.0,1.0,1.0,19.0,44.0,1.0,134.0,1.0,5308.0,0
41.0,3.0,61.0,21.0,21.0,1.0,4.0,14.0,4.0,1.0,0.0,1.0,4.0,15.0,23.0,45.0,6.0,33.0,20.0,9.0,4.0,12.0,1.0,0.0,1.0,8.0,0.0,61.0,0.0,6.0,1.0,1.0,46.0,2.0,36.0,5.0,14.0,49.0,1.0,0.0,3.0,112.0,1.0,0.0,1.0,23.0,46.0,1.0,0.0,1.0,5308.0,0
41.0,3.0,43.0,21.0,36.0,1.0,4.0,37.0,8.0,1.0,0.0,1.0,4.0,38.0,13.0,45.0,0.0,33.0,8.0,9.0,1.0,12.0,1.0,0.0,1.0,8.0,1.0,43.0,0.0,2.0,0.0,1.0,40.0,2.0,36.0,5.0,37.0,49.0,1.0,0.0,2.0,59.0,1.0,1.0,0.0,38.0,40.0,1.0,11.0,1.0,5308.0,0
41.0,3.0,141.0,21.0,11.0,1.0,4.0,12.0,0.0,1.0,1.0,1.0,4.0,15.0,13.0,45.0,15.0,33.0,20.0,9.0,9.0,12.0,1.0,0.0,1.0,8.0,0.0,139.0,0.0,9.0,0.0,1.0,48.0,2.0,36.0,5.0,14.0,49.0,1.0,0.0,16.0,79.0,1.0,1.0,1.0,13.0,40.0,1.0,31.0,1.0,5308.0,0
41.0,3.0,10.0,21.0,13.0,1.0,4.0,14.0,2.0,1.0,0.0,1.0,4.0,15.0,13.0,45.0,0.0,33.0,8.0,9.0,1.0,12.0,1.0,0.0,1.0,8.0,1.0,10.0,0.0,2.0,0.0,1.0,40.0,2.0,36.0,5.0,14.0,49.0,1.0,0.0,2.0,10.0,1.0,0.0,0.0,15.0,40.0,1.0,93.0,1.0,5308.0,0
41.0,3.0,114.0,21.0,8.0,1.0,4.0,9.0,10.0,1.0,1.0,1.0,4.0,15.0,10.0,45.0,15.0,33.0,20.0,9.0,9.0,9.0,1.0,0.0,1.0,8.0,0.0,112.0,0.0,9.0,0.0,1.0,48.0,2.0,36.0,5.0,14.0,49.0,1.0,0.0,16.0,36.0,1.0,1.0,1.0,10.0,40.0,1.0,119.0,1.0,5308.0,0
41.0,0.0,93.0,0.0,13.0,0.0,1.0,14.0,11.0,0.0,0.0,1.0,0.0,2.0,13.0,41.0,7.0,33.0,30.0,9.0,6.0,12.0,1.0,0.0,1.0,8.0,1.0,93.0,1.0,2.0,1.0,1.0,40.0,2.0,36.0,5.0,14.0,49.0,0.0,0.0,7.0,112.0,1.0,1.0,1.0,2.0,40.0,1.0,134.0,0.0,5308.0,0
41.0,3.0,92.0,21.0,13.0,1.0,4.0,14.0,11.0,1.0,0.0,0.0,4.0,15.0,1.0,45.0,8.0,33.0,28.0,9.0,5.0,12.0,1.0,2.0,1.0,8.0,0.0,92.0,1.0,9.0,1.0,1.0,50.0,2.0,36.0,5.0,14.0,49.0,1.0,0.0,5.0,112.0,1.0,1.0,1.0,1.0,50.0,1.0,134.0,1.0,5308.0,0
45.0,3.0,94.0,21.0,13.0,1.0,4.0,14.0,11.0,1.0,0.0,1.0,4.0,2.0,13.0,45.0,11.0,33.0,38.0,9.0,7.0,12.0,1.0,0.0,1.0,8.0,1.0,94.0,1.0,2.0,1.0,0.0,44.0,2.0,36.0,0.0,14.0,49.0,1.0,0.0,9.0,112.0,1.0,1.0,1.0,2.0,44.0,1.0,134.0,1.0,5308.0,0
49.0,3.0,95.0,21.0,13.0,1.0,4.0,14.0,11.0,1.0,0.0,1.0,4.0,15.0,14.0,45.0,12.0,33.0,38.0,9.0,7.0,12.0,1.0,0.0,0.0,8.0,0.0,95.0,1.0,0.0,1.0,1.0,48.0,2.0,36.0,1.0,14.0,49.0,1.0,0.0,9.0,112.0,1.0,1.0,1.0,14.0,48.0,1.0,134.0,1.0,5308.0,0
43.0,4.0,90.0,17.0,13.0,0.0,3.0,14.0,11.0,1.0,0.0,1.0,3.0,106.0,13.0,42.0,2.0,33.0,20.0,7.0,4.0,12.0,1.0,0.0,1.0,8.0,1.0,90.0,1.0,1.0,1.0,1.0,40.0,2.0,36.0,3.0,14.0,49.0,0.0,0.0,3.0,112.0,1.0,1.0,1.0,106.0,40.0,1.0,134.0,1.0,5308.0,0
41.0,3.0,152.0,21.0,13.0,1.0,4.0,14.0,2.0,1.0,1.0,1.0,4.0,15.0,15.0,45.0,15.0,33.0,20.0,9.0,9.0,14.0,1.0,0.0,1.0,8.0,0.0,150.0,0.0,9.0,0.0,1.0,61.0,2.0,36.0,5.0,14.0,62.0,1.0,0.0,16.0,99.0,1.0,1.0,1.0,15.0,40.0,1.0,79.0,1.0,5308.0,0
41.0,3.0,52.0,21.0,51.0,1.0,4.0,52.0,9.0,1.0,0.0,1.0,4.0,53.0,13.0,45.0,0.0,33.0,8.0,9.0,1.0,12.0,1.0,0.0,1.0,8.0,1.0,52.0,0.0,2.0,0.0,1.0,40.0,2.0,36.0,5.0,52.0,49.0,1.0,0.0,2.0,85.0,1.0,1.0,0.0,53.0,40.0,1.0,76.0,1.0,5308.0,0
41.0,1.0,92.0,1.0,13.0,1.0,4.0,14.0,11.0,1.0,0.0,1.0,1.0,1.0,13.0,45.0,3.0,33.0,28.0,9.0,5.0,12.0,1.0,0.0,1.0,8.0,1.0,92.0,1.0,5.0,1.0,1.0,40.0,2.0,36.0,5.0,14.0,49.0,0.0,0.0,5.0,112.0,1.0,1.0,1.0,1.0,40.0,1.0,134.0,1.0,5308.0,0
41.0,3.0,100.0,13.0,13.0,1.0,4.0,14.0,11.0,1.0,1.0,1.0,2.0,15.0,13.0,45.0,4.0,33.0,20.0,9.0,1.0,12.0,1.0,1.0,1.0,0.0,1.0,98.0,1.0,10.0,1.0,1.0,35.0,0.0,36.0,5.0,14.0,49.0,0.0,0.0,14.0,112.0,1.0,1.0,1.0,6.0,40.0,1.0,134.0,1.0,5308.0,0
46.0,3.0,168.0,4.0,13.0,0.0,2.0,14.0,11.0,1.0,0.0,1.0,2.0,15.0,13.0,45.0,5.0,33.0,60.0,9.0,3.0,12.0,1.0,0.0,1.0,8.0,1.0,166.0,1.0,7.0,1.0,1.0,44.0,2.0,36.0,4.0,14.0,49.0,0.0,0.0,21.0,112.0,1.0,1.0,1.0,19.0,44.0,1.0,134.0,1.0,5308.0,0
41.0,3.0,62.0,21.0,21.0,1.0,4.0,14.0,4.0,1.0,0.0,1.0,4.0,15.0,23.0,45.0,6.0,33.0,20.0,9.0,4.0,12.0,1.0,0.0,1.0,8.0,0.0,62.0,0.0,6.0,1.0,1.0,46.0,2.0,36.0,5.0,14.0,49.0,1.0,0.0,3.0,112.0,1.0,0.0,1.0,23.0,46.0,1.0,55.0,1.0,5308.0,0
41.0,3.0,171.0,7.0,13.0,1.0,4.0,14.0,11.0,1.0,1.0,1.0,2.0,15.0,13.0,45.0,16.0,27.0,20.0,9.0,3.0,12.0,1.0,4.0,1.0,8.0,1.0,167.0,1.0,10.0,1.0,1.0,40.0,1.0,16.0,5.0,14.0,49.0,0.0,1.0,26.0,112.0,0.0,1.0,1.0,14.0,40.0,1.0,134.0,1.0,5308.0,0
34.0,1.0,97.0,3.0,13.0,1.0,4.0,14.0,11.0,1.0,1.0,1.0,1.0,15.0,13.0,45.0,10.0,33.0,20.0,9.0,1.0,12.0,0.0,4.0,1.0,8.0,1.0,167.0,1.0,3.0,1.0,1.0,34.0,2.0,36.0,2.0,14.0,49.0,0.0,1.0,12.0,112.0,1.0,1.0,1.0,14.0,40.0,0.0,134.0,1.0,5308.0,0
34.0,3.0,0.0,21.0,13.0,1.0,4.0,14.0,11.0,1.0,1.0,1.0,4.0,15.0,13.0,45.0,9.0,33.0,20.0,9.0,0.0,12.0,0.0,3.0,1.0,8.0,1.0,0.0,1.0,0.0,1.0,1.0,34.0,2.0,36.0,0.0,14.0,49.0,1.0,0.0,1.0,112.0,1.0,1.0,1.0,32.0,40.0,1.0,134.0,1.0,5308.0,0
41.0,4.0,167.0,16.0,13.0,1.0,4.0,14.0,11.0,1.0,1.0,1.0,3.0,15.0,13.0,45.0,4.0,33.0,20.0,9.0,1.0,12.0,1.0,1.0,1.0,7.0,1.0,165.0,1.0,10.0,1.0,1.0,35.0,0.0,36.0,5.0,14.0,49.0,0.0,0.0,20.0,112.0,1.0,1.0,1.0,6.0,40.0,1.0,134.0,1.0,5308.0,0
46.0,3.0,168.0,4.0,13.0,0.0,2.0,14.0,11.0,1.0,0.0,1.0,2.0,15.0,13.0,45.0,5.0,33.0,60.0,9.0,3.0,12.0,1.0,0.0,1.0,8.0,1.0,166.0,1.0,7.0,1.0,1.0,44.0,2.0,36.0,4.0,14.0,49.0,0.0,0.0,21.0,112.0,1.0,1.0,1.0,19.0,44.0,1.0,134.0,1.0,5308.0,0
41.0,3.0,61.0,21.0,21.0,1.0,4.0,14.0,4.0,1.0,0.0,1.0,4.0,15.0,23.0,45.0,6.0,33.0,20.0,9.0,4.0,12.0,1.0,0.0,1.0,8.0,0.0,61.0,0.0,6.0,1.0,1.0,46.0,2.0,36.0,5.0,14.0,49.0,1.0,0.0,3.0,112.0,1.0,0.0,1.0,23.0,46.0,1.0,0.0,1.0,5308.0,0
41.0,3.0,41.0,21.0,36.0,1.0,4.0,37.0,8.0,1.0,0.0,1.0,4.0,38.0,13.0,45.0,0.0,33.0,8.0,9.0,1.0,12.0,1.0,0.0,1.0,8.0,1.0,41.0,0.0,2.0,0.0,1.0,40.0,2.0,36.0,5.0,37.0,49.0,1.0,0.0,2.0,57.0,1.0,1.0,0.0,38.0,40.0,1.0,9.0,1.0,5308.0,0
41.0,3.0,132.0,21.0,11.0,1.0,4.0,12.0,0.0,1.0,1.0,1.0,4.0,15.0,13.0,45.0,15.0,33.0,20.0,9.0,9.0,12.0,1.0,0.0,1.0,8.0,0.0,130.0,0.0,9.0,0.0,1.0,48.0,2.0,36.0,5.0,14.0,49.0,1.0,0.0,16.0,70.0,1.0,1.0,1.0,13.0,40.0,1.0,22.0,1.0,5308.0,0
41.0,3.0,16.0,21.0,13.0,1.0,4.0,14.0,2.0,1.0,0.0,1.0,4.0,15.0,13.0,45.0,0.0,33.0,8.0,9.0,1.0,12.0,1.0,0.0,1.0,8.0,1.0,16.0,0.0,2.0,0.0,1.0,40.0,2.0,36.0,5.0,14.0,49.0,1.0,0.0,2.0,16.0,1.0,0.0,0.0,15.0,40.0,1.0,99.0,1.0,5308.0,0
41.0,3.0,117.0,21.0,8.0,1.0,4.0,9.0,10.0,1.0,1.0,1.0,4.0,15.0,10.0,45.0,15.0,33.0,20.0,9.0,9.0,9.0,1.0,0.0,1.0,8.0,0.0,115.0,0.0,9.0,0.0,1.0,48.0,2.0,36.0,5.0,14.0,49.0,1.0,0.0,16.0,39.0,1.0,1.0,1.0,10.0,40.0,1.0,122.0,1.0,5308.0,0
41.0,0.0,93.0,0.0,13.0,0.0,1.0,14.0,11.0,0.0,0.0,1.0,0.0,2.0,13.0,41.0,7.0,33.0,30.0,9.0,6.0,12.0,1.0,0.0,1.0,8.0,1.0,93.0,1.0,2.0,1.0,1.0,40.0,2.0,36.0,5.0,14.0,49.0,0.0,0.0,7.0,112.0,1.0,1.0,1.0,2.0,40.0,1.0,134.0,0.0,5308.0,0
41.0,3.0,92.0,21.0,13.0,1.0,4.0,14.0,11.0,1.0,0.0,0.0,4.0,15.0,1.0,45.0,8.0,33.0,28.0,9.0,5.0,12.0,1.0,2.0,1.0,8.0,0.0,92.0,1.0,9.0,1.0,1.0,50.0,2.0,36.0,5.0,14.0,49.0,1.0,0.0,5.0,112.0,1.0,1.0,1.0,1.0,50.0,1.0,134.0,1.0,5308.0,0
45.0,3.0,94.0,21.0,13.0,1.0,4.0,14.0,11.0,1.0,0.0,1.0,4.0,2.0,13.0,45.0,11.0,33.0,38.0,9.0,7.0,12.0,1.0,0.0,1.0,8.0,1.0,94.0,1.0,2.0,1.0,0.0,44.0,2.0,36.0,0.0,14.0,49.0,1.0,0.0,9.0,112.0,1.0,1.0,1.0,2.0,44.0,1.0,134.0,1.0,5308.0,0
49.0,3.0,95.0,21.0,13.0,1.0,4.0,14.0,11.0,1.0,0.0,1.0,4.0,15.0,14.0,45.0,12.0,33.0,38.0,9.0,7.0,12.0,1.0,0.0,0.0,8.0,0.0,95.0,1.0,0.0,1.0,1.0,48.0,2.0,36.0,1.0,14.0,49.0,1.0,0.0,9.0,112.0,1.0,1.0,1.0,14.0,48.0,1.0,134.0,1.0,5308.0,0
43.0,4.0,91.0,17.0,13.0,0.0,3.0,14.0,11.0,1.0,0.0,1.0,3.0,106.0,13.0,42.0,2.0,33.0,20.0,8.0,4.0,12.0,1.0,0.0,1.0,8.0,1.0,91.0,1.0,1.0,1.0,1.0,40.0,2.0,36.0,3.0,14.0,49.0,0.0,0.0,3.0,112.0,1.0,1.0,1.0,106.0,40.0,1.0,134.0,1.0,5308.0,0
41.0,3.0,147.0,21.0,13.0,1.0,4.0,14.0,2.0,1.0,1.0,1.0,4.0,15.0,15.0,45.0,15.0,33.0,20.0,9.0,9.0,14.0,1.0,0.0,1.0,8.0,0.0,145.0,0.0,9.0,0.0,1.0,61.0,2.0,36.0,5.0,14.0,62.0,1.0,0.0,16.0,94.0,1.0,1.0,1.0,15.0,40.0,1.0,70.0,1.0,5308.0,0
41.0,3.0,57.0,21.0,51.0,1.0,4.0,52.0,9.0,1.0,0.0,1.0,4.0,53.0,13.0,45.0,0.0,33.0,8.0,9.0,1.0,12.0,1.0,0.0,1.0,8.0,1.0,57.0,0.0,2.0,0.0,1.0,40.0,2.0,36.0,5.0,52.0,49.0,1.0,0.0,2.0,90.0,1.0,1.0,0.0,53.0,40.0,1.0,83.0,1.0,5308.0,0
41.0,1.0,92.0,1.0,13.0,1.0,4.0,14.0,11.0,1.0,0.0,1.0,1.0,1.0,13.0,45.0,3.0,33.0,28.0,9.0,5.0,12.0,1.0,0.0,1.0,8.0,1.0,92.0,1.0,5.0,1.0,1.0,40.0,2.0,36.0,5.0,14.0,49.0,0.0,0.0,5.0,112.0,1.0,1.0,1.0,1.0,40.0,1.0,134.0,1.0,5308.0,0
41.0,4.0,102.0,18.0,13.0,1.0,4.0,14.0,11.0,1.0,1.0,1.0,3.0,15.0,13.0,45.0,4.0,33.0,20.0,9.0,1.0,12.0,1.0,1.0,1.0,2.0,1.0,100.0,1.0,10.0,1.0,1.0,35.0,0.0,36.0,5.0,14.0,49.0,0.0,0.0,14.0,112.0,1.0,1.0,1.0,6.0,40.0,1.0,134.0,1.0,5308.0,0
46.0,3.0,168.0,4.0,13.0,0.0,2.0,14.0,11.0,1.0,0.0,1.0,2.0,15.0,13.0,45.0,5.0,33.0,60.0,9.0,3.0,12.0,1.0,0.0,1.0,8.0,1.0,166.0,1.0,7.0,1.0,1.0,44.0,2.0,36.0,4.0,14.0,49.0,0.0,0.0,21.0,112.0,1.0,1.0,1.0,19.0,44.0,1.0,134.0,1.0,5308.0,3
41.0,3.0,69.0,21.0,28.0,1.0,4.0,14.0,5.0,1.0,0.0,1.0,4.0,15.0,30.0,45.0,6.0,33.0,20.0,9.0,4.0,12.0,1.0,0.0,1.0,8.0,0.0,69.0,0.0,6.0,1.0,1.0,46.0,2.0,36.0,5.0,14.0,49.0,1.0,0.0,3.0,112.0,1.0,0.0,1.0,30.0,46.0,1.0,65.0,1.0,5308.0,3
41.0,3.0,1.0,21.0,2.0,1.0,4.0,3.0,3.0,1.0,0.0,1.0,4.0,4.0,13.0,45.0,0.0,33.0,8.0,9.0,1.0,12.0,1.0,0.0,1.0,8.0,1.0,1.0,0.0,2.0,0.0,1.0,40.0,2.0,36.0,5.0,3.0,49.0,1.0,0.0,2.0,0.0,1.0,0.0,0.0,4.0,40.0,1.0,35.0,1.0,5308.0,3
41.0,3.0,1.0,21.0,2.0,1.0,4.0,3.0,3.0,1.0,0.0,1.0,4.0,4.0,13.0,45.0,0.0,33.0,8.0,9.0,1.0,12.0,1.0,0.0,1.0,8.0,1.0,1.0,0.0,2.0,0.0,1.0,40.0,2.0,36.0,5.0,3.0,49.0,1.0,0.0,2.0,0.0,1.0,0.0,0.0,4.0,40.0,1.0,35.0,1.0,5308.0,3
41.0,3.0,1.0,21.0,2.0,1.0,4.0,3.0,3.0,1.0,0.0,1.0,4.0,4.0,13.0,45.0,0.0,33.0,8.0,9.0,1.0,12.0,1.0,0.0,1.0,8.0,1.0,1.0,0.0,2.0,0.0,1.0,40.0,2.0,36.0,5.0,3.0,49.0,1.0,0.0,2.0,0.0,1.0,0.0,0.0,4.0,40.0,1.0,35.0,1.0,5308.0,3
41.0,3.0,1.0,21.0,2.0,1.0,4.0,3.0,3.0,1.0,0.0,1.0,4.0,4.0,13.0,45.0,0.0,33.0,8.0,9.0,1.0,12.0,1.0,0.0,1.0,8.0,1.0,1.0,0.0,2.0,0.0,1.0,40.0,2.0,36.0,5.0,3.0,49.0,1.0,0.0,2.0,0.0,1.0,0.0,0.0,4.0,40.0,1.0,35.0,1.0,5308.0,3
41.0,3.0,171.0,9.0,13.0,1.0,4.0,14.0,11.0,1.0,1.0,1.0,2.0,15.0,13.0,45.0,16.0,26.0,20.0,9.0,3.0,12.0,1.0,4.0,1.0,8.0,1.0,167.0,1.0,10.0,1.0,1.0,40.0,1.0,31.0,5.0,14.0,49.0,0.0,1.0,26.0,112.0,0.0,1.0,1.0,14.0,40.0,1.0,134.0,1.0,5308.0,3
34.0,1.0,97.0,3.0,13.0,1.0,4.0,14.0,11.0,1.0,1.0,1.0,1.0,15.0,13.0,45.0,10.0,33.0,20.0,9.0,1.0,12.0,0.0,4.0,1.0,8.0,1.0,167.0,1.0,3.0,1.0,1.0,34.0,2.0,36.0,2.0,14.0,49.0,0.0,1.0,12.0,112.0,1.0,1.0,1.0,14.0,40.0,0.0,134.0,1.0,5308.0,3
41.0,3.0,171.0,7.0,13.0,1.0,4.0,14.0,11.0,1.0,1.0,1.0,2.0,15.0,13.0,45.0,16.0,18.0,20.0,9.0,3.0,12.0,1.0,4.0,1.0,8.0,1.0,167.0,1.0,10.0,1.0,1.0,40.0,1.0,12.0,5.0,14.0,49.0,0.0,1.0,26.0,112.0,0.0,1.0,1.0,14.0,40.0,1.0,134.0,1.0,5308.0,3
34.0,1.0,97.0,3.0,13.0,1.0,4.0,14.0,11.0,1.0,1.0,1.0,1.0,15.0,13.0,45.0,10.0,33.0,20.0,9.0,1.0,12.0,0.0,4.0,1.0,8.0,1.0,167.0,1.0,3.0,1.0,1.0,34.0,2.0,36.0,2.0,14.0,49.0,0.0,1.0,12.0,112.0,1.0,1.0,1.0,14.0,40.0,0.0,134.0,1.0,5308.0,3
41.0,3.0,171.0,9.0,13.0,1.0,4.0,14.0,11.0,1.0,1.0,1.0,2.0,15.0,13.0,45.0,16.0,15.0,20.0,9.0,3.0,12.0,1.0,4.0,1.0,8.0,1.0,167.0,1.0,10.0,1.0,1.0,40.0,1.0,28.0,5.0,14.0,49.0,0.0,1.0,26.0,112.0,0.0,1.0,1.0,14.0,40.0,1.0,134.0,1.0,5308.0,3
34.0,1.0,97.0,3.0,13.0,1.0,4.0,14.0,11.0,1.0,1.0,1.0,1.0,15.0,13.0,45.0,10.0,33.0,20.0,9.0,1.0,12.0,0.0,4.0,1.0,8.0,1.0,167.0,1.0,3.0,1.0,1.0,34.0,2.0,36.0,2.0,14.0,49.0,0.0,1.0,12.0,112.0,1.0,1.0,1.0,14.0,40.0,0.0,134.0,1.0,5308.0,3
41.0,3.0,171.0,7.0,13.0,1.0,4.0,14.0,11.0,1.0,1.0,1.0,2.0,15.0,13.0,45.0,16.0,8.0,20.0,9.0,3.0,12.0,1.0,4.0,1.0,8.0,1.0,167.0,1.0,10.0,1.0,1.0,40.0,1.0,8.0,5.0,14.0,49.0,0.0,1.0,26.0,112.0,0.0,1.0,1.0,14.0,40.0,1.0,134.0,1.0,5308.0,3
34.0,1.0,97.0,3.0,13.0,1.0,4.0,14.0,11.0,1.0,1.0,1.0,1.0,15.0,13.0,45.0,10.0,33.0,20.0,9.0,1.0,12.0,0.0,4.0,1.0,8.0,1.0,167.0,1.0,3.0,1.0,1.0,34.0,2.0,36.0,2.0,14.0,49.0,0.0,1.0,12.0,112.0,1.0,1.0,1.0,14.0,40.0,0.0,134.0,1.0,5308.0,3
41.0,3.0,171.0,9.0,13.0,1.0,4.0,14.0,11.0,1.0,1.0,1.0,2.0,15.0,13.0,45.0,16.0,2.0,20.0,9.0,3.0,12.0,1.0,4.0,1.0,8.0,1.0,167.0,1.0,10.0,1.0,1.0,40.0,1.0,25.0,5.0,14.0,49.0,0.0,1.0,26.0,112.0,0.0,1.0,1.0,14.0,40.0,1.0,134.0,1.0,5308.0,3
34.0,1.0,97.0,3.0,13.0,1.0,4.0,14.0,11.0,1.0,1.0,1.0,1.0,15.0,13.0,45.0,10.0,33.0,20.0,9.0,1.0,12.0,0.0,4.0,1.0,8.0,1.0,167.0,1.0,3.0,1.0,1.0,34.0,2.0,36.0,2.0,14.0,49.0,0.0,1.0,12.0,112.0,1.0,1.0,1.0,14.0,40.0,0.0,134.0,1.0,5308.0,3
41.0,3.0,171.0,8.0,13.0,1.0,4.0,14.0,11.0,1.0,1.0,1.0,2.0,15.0,13.0,45.0,16.0,25.0,20.0,9.0,3.0,12.0,1.0,4.0,1.0,8.0,1.0,167.0,1.0,10.0,1.0,1.0,40.0,1.0,23.0,5.0,14.0,49.0,0.0,1.0,26.0,112.0,0.0,1.0,1.0,14.0,40.0,1.0,134.0,1.0,5308.0,3
34.0,1.0,97.0,3.0,13.0,1.0,4.0,14.0,11.0,1.0,1.0,1.0,1.0,15.0,13.0,45.0,10.0,33.0,20.0,9.0,1.0,12.0,0.0,4.0,1.0,8.0,1.0,167.0,1.0,3.0,1.0,1.0,34.0,2.0,36.0,2.0,14.0,49.0,0.0,1.0,12.0,112.0,1.0,1.0,1.0,14.0,40.0,0.0,134.0,1.0,5308.0,3
34.0,3.0,0.0,21.0,13.0,1.0,4.0,14.0,11.0,1.0,1.0,1.0,4.0,15.0,13.0,45.0,9.0,33.0,20.0,9.0,0.0,12.0,0.0,3.0,1.0,8.0,1.0,0.0,1.0,0.0,1.0,1.0,34.0,2.0,36.0,0.0,14.0,49.0,1.0,0.0,1.0,112.0,1.0,1.0,1.0,32.0,40.0,1.0,134.0,1.0,5308.0,3
41.0,4.0,102.0,18.0,13.0,1.0,4.0,14.0,11.0,1.0,1.0,1.0,3.0,15.0,13.0,45.0,4.0,33.0,20.0,9.0,1.0,12.0,1.0,1.0,1.0,2.0,1.0,100.0,1.0,10.0,1.0,1.0,35.0,0.0,36.0,5.0,14.0,49.0,0.0,0.0,14.0,112.0,1.0,1.0,1.0,6.0,40.0,1.0,134.0,1.0,5308.0,3
46.0,3.0,168.0,4.0,13.0,0.0,2.0,14.0,11.0,1.0,0.0,1.0,2.0,15.0,13.0,45.0,5.0,33.0,60.0,9.0,3.0,12.0,1.0,0.0,1.0,8.0,1.0,166.0,1.0,7.0,1.0,1.0,44.0,2.0,36.0,4.0,14.0,49.0,0.0,0.0,21.0,112.0,1.0,1.0,1.0,19.0,44.0,1.0,134.0,1.0,5308.0,0
41.0,0.0,81.0,21.0,21.0,1.0,4.0,14.0,4.0,1.0,0.0,1.0,0.0,15.0,24.0,45.0,6.0,33.0,20.0,9.0,4.0,12.0,1.0,0.0,1.0,8.0,0.0,81.0,0.0,6.0,1.0,1.0,46.0,2.0,36.0,5.0,14.0,49.0,0.0,0.0,3.0,112.0,1.0,10.0,1.0,24.0,46.0,1.0,0.0,1.0,5308.0,0
41.0,3.0,42.0,21.0,36.0,1.0,4.0,37.0,8.0,1.0,0.0,1.0,4.0,38.0,13.0,45.0,0.0,33.0,8.0,9.0,1.0,12.0,1.0,0.0,1.0,8.0,1.0,42.0,0.0,2.0,0.0,1.0,40.0,2.0,36.0,5.0,37.0,49.0,1.0,0.0,2.0,58.0,1.0,1.0,0.0,38.0,40.0,1.0,10.0,1.0,5308.0,0
41.0,3.0,133.0,21.0,11.0,1.0,4.0,12.0,0.0,1.0,1.0,1.0,4.0,15.0,13.0,45.0,15.0,33.0,20.0,9.0,9.0,12.0,1.0,0.0,1.0,8.0,0.0,131.0,0.0,9.0,0.0,1.0,48.0,2.0,36.0,5.0,14.0,49.0,1.0,0.0,16.0,71.0,1.0,1.0,1.0,13.0,40.0,1.0,23.0,1.0,5308.0,0
41.0,3.0,4.0,21.0,13.0,1.0,4.0,14.0,2.0,1.0,0.0,1.0,4.0,15.0,13.0,45.0,0.0,33.0,8.0,9.0,1.0,12.0,1.0,0.0,1.0,8.0,1.0,4.0,0.0,2.0,0.0,1.0,40.0,2.0,36.0,5.0,14.0,49.0,1.0,0.0,2.0,4.0,1.0,0.0,0.0,15.0,40.0,1.0,87.0,1.0,5308.0,0
41.0,3.0,119.0,21.0,8.0,1.0,4.0,9.0,10.0,1.0,1.0,1.0,4.0,15.0,10.0,45.0,15.0,33.0,20.0,9.0,9.0,9.0,1.0,0.0,1.0,8.0,0.0,117.0,0.0,9.0,0.0,1.0,48.0,2.0,36.0,5.0,14.0,49.0,1.0,0.0,16.0,41.0,1.0,1.0,1.0,10.0,40.0,1.0,124.0,1.0,5308.0,0
41.0,0.0,93.0,0.0,13.0,0.0,1.0,14.0,11.0,0.0,0.0,1.0,0.0,2.0,13.0,41.0,7.0,33.0,30.0,9.0,6.0,12.0,1.0,0.0,1.0,8.0,1.0,93.0,1.0,2.0,1.0,1.0,40.0,2.0,36.0,5.0,14.0,49.0,0.0,0.0,7.0,112.0,1.0,1.0,1.0,2.0,40.0,1.0,134.0,0.0,5308.0,0
41.0,3.0,92.0,21.0,13.0,1.0,4.0,14.0,11.0,1.0,0.0,0.0,4.0,15.0,1.0,45.0,8.0,33.0,28.0,9.0,5.0,12.0,1.0,2.0,1.0,8.0,0.0,92.0,1.0,9.0,1.0,1.0,50.0,2.0,36.0,5.0,14.0,49.0,1.0,0.0,5.0,112.0,1.0,1.0,1.0,1.0,50.0,1.0,134.0,1.0,5308.0,0
41.0,3.0,94.0,21.0,13.0,1.0,4.0,14.0,11.0,1.0,0.0,1.0,4.0,2.0,13.0,45.0,11.0,33.0,38.0,9.0,7.0,12.0,1.0,0.0,1.0,8.0,1.0,94.0,1.0,2.0,1.0,0.0,40.0,2.0,36.0,0.0,14.0,49.0,1.0,0.0,9.0,112.0,1.0,1.0,1.0,2.0,40.0,1.0,134.0,1.0,5308.0,0
49.0,3.0,95.0,21.0,13.0,1.0,4.0,14.0,11.0,1.0,0.0,1.0,4.0,15.0,14.0,45.0,12.0,33.0,38.0,9.0,7.0,12.0,1.0,0.0,0.0,8.0,0.0,95.0,1.0,0.0,1.0,1.0,48.0,2.0,36.0,1.0,14.0,49.0,1.0,0.0,9.0,112.0,1.0,1.0,1.0,14.0,48.0,1.0,134.0,1.0,5308.0,0
43.0,4.0,87.0,17.0,13.0,0.0,3.0,14.0,11.0,1.0,0.0,1.0,3.0,106.0,13.0,42.0,2.0,33.0,20.0,4.0,4.0,12.0,1.0,0.0,1.0,8.0,1.0,87.0,1.0,1.0,1.0,1.0,40.0,2.0,36.0,3.0,14.0,49.0,0.0,0.0,3.0,112.0,1.0,1.0,1.0,106.0,40.0,1.0,134.0,1.0,5308.0,0
41.0,3.0,149.0,21.0,13.0,1.0,4.0,14.0,2.0,1.0,1.0,1.0,4.0,15.0,15.0,45.0,15.0,33.0,20.0,9.0,9.0,14.0,1.0,0.0,1.0,8.0,0.0,147.0,0.0,9.0,0.0,1.0,61.0,2.0,36.0,5.0,14.0,62.0,1.0,0.0,16.0,96.0,1.0,1.0,1.0,15.0,40.0,1.0,72.0,1.0,5308.0,0
41.0,3.0,111.0,21.0,13.0,1.0,4.0,14.0,11.0,1.0,0.0,1.0,4.0,1.0,13.0,45.0,13.0,33.0,48.0,9.0,9.0,12.0,1.0,0.0,1.0,8.0,1.0,109.0,1.0,2.0,1.0,1.0,46.0,2.0,36.0,5.0,14.0,49.0,1.0,0.0,16.0,112.0,1.0,1.0,1.0,1.0,46.0,1.0,134.0,1.0,5308.0,0
56.0,0.0,165.0,2.0,13.0,0.0,0.0,14.0,11.0,0.0,0.0,1.0,0.0,15.0,13.0,49.0,14.0,33.0,58.0,9.0,11.0,12.0,1.0,0.0,1.0,8.0,0.0,163.0,1.0,4.0,1.0,1.0,48.0,2.0,36.0,3.0,14.0,49.0,0.0,0.0,18.0,112.0,1.0,1.0,1.0,13.0,48.0,1.0,134.0,1.0,9808.0,0
41.0,3.0,58.0,21.0,51.0,1.0,4.0,52.0,9.0,1.0,0.0,1.0,4.0,53.0,13.0,45.0,0.0,33.0,8.0,9.0,1.0,12.0,1.0,0.0,1.0,8.0,1.0,58.0,0.0,2.0,0.0,1.0,40.0,2.0,36.0,5.0,52.0,49.0,1.0,0.0,2.0,91.0,1.0,1.0,0.0,53.0,40.0,1.0,84.0,1.0,5308.0,0
41.0,1.0,92.0,1.0,13.0,1.0,4.0,14.0,11.0,1.0,0.0,1.0,1.0,1.0,13.0,45.0,3.0,33.0,28.0,9.0,5.0,12.0,1.0,0.0,1.0,8.0,1.0,92.0,1.0,5.0,1.0,1.0,40.0,2.0,36.0,5.0,14.0,49.0,0.0,0.0,5.0,112.0,1.0,1.0,1.0,1.0,40.0,1.0,134.0,1.0,5308.0,0
41.0,3.0,103.0,19.0,13.0,1.0,4.0,14.0,11.0,1.0,1.0,1.0,2.0,15.0,13.0,45.0,4.0,33.0,20.0,9.0,1.0,12.0,1.0,1.0,1.0,2.0,1.0,101.0,1.0,10.0,1.0,1.0,35.0,0.0,36.0,5.0,14.0,49.0,0.0,0.0,14.0,112.0,1.0,1.0,1.0,6.0,40.0,1.0,134.0,1.0,5308.0,0
46.0,3.0,168.0,4.0,13.0,0.0,2.0,14.0,11.0,1.0,0.0,1.0,2.0,15.0,13.0,45.0,5.0,33.0,60.0,9.0,3.0,12.0,1.0,0.0,1.0,8.0,1.0,166.0,1.0,7.0,1.0,1.0,44.0,2.0,36.0,4.0,14.0,49.0,0.0,0.0,21.0,112.0,1.0,1.0,1.0,19.0,44.0,1.0,134.0,1.0,5308.0,0
41.0,3.0,63.0,21.0,21.0,1.0,4.0,14.0,4.0,1.0,0.0,1.0,4.0,15.0,23.0,45.0,6.0,33.0,20.0,9.0,4.0,12.0,1.0,0.0,1.0,8.0,0.0,63.0,0.0,6.0,1.0,1.0,46.0,2.0,36.0,5.0,14.0,49.0,1.0,0.0,3.0,112.0,1.0,0.0,1.0,23.0,46.0,1.0,63.0,1.0,5308.0,0
41.0,3.0,171.0,6.0,13.0,1.0,4.0,14.0,11.0,1.0,1.0,1.0,2.0,15.0,13.0,45.0,16.0,0.0,20.0,9.0,3.0,12.0,1.0,4.0,1.0,8.0,1.0,167.0,1.0,10.0,1.0,1.0,40.0,1.0,0.0,5.0,14.0,49.0,0.0,1.0,26.0,112.0,0.0,1.0,1.0,14.0,40.0,1.0,134.0,1.0,5308.0,0
34.0,1.0,97.0,3.0,13.0,1.0,4.0,14.0,11.0,1.0,1.0,1.0,1.0,15.0,13.0,45.0,10.0,33.0,20.0,9.0,1.0,12.0,0.0,4.0,1.0,8.0,1.0,167.0,1.0,3.0,1.0,1.0,34.0,2.0,36.0,2.0,14.0,49.0,0.0,1.0,13.0,112.0,1.0,1.0,1.0,14.0,40.0,0.0,134.0,1.0,5308.0,0
34.0,3.0,0.0,21.0,13.0,1.0,4.0,14.0,11.0,1.0,1.0,1.0,4.0,15.0,13.0,45.0,9.0,33.0,20.0,9.0,0.0,12.0,0.0,3.0,1.0,8.0,1.0,0.0,1.0,0.0,1.0,1.0,34.0,2.0,36.0,0.0,14.0,49.0,1.0,0.0,0.0,112.0,1.0,1.0,1.0,32.0,40.0,1.0,134.0,1.0,5308.0,0
41.0,4.0,108.0,20.0,13.0,1.0,4.0,14.0,11.0,1.0,1.0,1.0,3.0,15.0,13.0,45.0,4.0,33.0,20.0,9.0,1.0,12.0,1.0,1.0,1.0,5.0,1.0,106.0,1.0,10.0,1.0,1.0,35.0,0.0,36.0,5.0,14.0,49.0,0.0,0.0,15.0,112.0,1.0,1.0,1.0,6.0,40.0,1.0,134.0,1.0,5308.0,0
46.0,3.0,168.0,4.0,13.0,0.0,2.0,14.0,11.0,1.0,0.0,1.0,2.0,15.0,13.0,45.0,5.0,33.0,60.0,9.0,3.0,12.0,1.0,0.0,1.0,8.0,1.0,166.0,1.0,7.0,1.0,1.0,44.0,2.0,36.0,4.0,14.0,49.0,0.0,0.0,22.0,112.0,1.0,1.0,1.0,19.0,44.0,1.0,134.0,1.0,5308.0,0
41.0,3.0,75.0,21.0,32.0,1.0,4.0,14.0,7.0,1.0,0.0,1.0,4.0,15.0,34.0,45.0,6.0,33.0,20.0,9.0,4.0,12.0,1.0,0.0,1.0,8.0,0.0,75.0,0.0,6.0,1.0,1.0,46.0,2.0,36.0,5.0,14.0,49.0,1.0,0.0,4.0,112.0,1.0,0.0,1.0,34.0,46.0,1.0,52.0,1.0,5308.0,0
41.0,3.0,3.0,21.0,3.0,1.0,4.0,4.0,6.0,1.0,0.0,1.0,4.0,5.0,13.0,45.0,0.0,33.0,8.0,9.0,1.0,12.0,1.0,0.0,1.0,8.0,1.0,3.0,0.0,2.0,0.0,1.0,40.0,2.0,36.0,5.0,4.0,49.0,1.0,0.0,23.0,2.0,1.0,0.0,0.0,5.0,40.0,1.0,36.0,1.0,5308.0,0
41.0,3.0,145.0,21.0,11.0,1.0,4.0,12.0,0.0,1.0,1.0,1.0,4.0,15.0,13.0,45.0,15.0,33.0,20.0,9.0,9.0,12.0,1.0,0.0,1.0,8.0,0.0,143.0,0.0,9.0,0.0,1.0,48.0,2.0,36.0,5.0,14.0,49.0,1.0,0.0,17.0,83.0,1.0,1.0,1.0,13.0,40.0,1.0,37.0,1.0,5308.0,0
41.0,3.0,49.0,21.0,36.0,1.0,4.0,37.0,8.0,1.0,0.0,1.0,4.0,38.0,13.0,45.0,0.0,33.0,8.0,9.0,1.0,12.0,1.0,0.0,1.0,8.0,1.0,49.0,0.0,2.0,0.0,1.0,40.0,2.0,36.0,5.0,37.0,49.0,1.0,0.0,23.0,65.0,1.0,1.0,0.0,38.0,40.0,1.0,17.0,1.0,5308.0,0
41.0,3.0,131.0,21.0,11.0,1.0,4.0,12.0,0.0,1.0,1.0,1.0,4.0,15.0,13.0,45.0,15.0,33.0,20.0,9.0,9.0,12.0,1.0,0.0,1.0,8.0,0.0,129.0,0.0,9.0,0.0,1.0,48.0,2.0,36.0,5.0,14.0,49.0,1.0,0.0,17.0,69.0,1.0,1.0,1.0,13.0,40.0,1.0,21.0,1.0,5308.0,0
41.0,3.0,11.0,21.0,13.0,1.0,4.0,14.0,2.0,1.0,0.0,1.0,4.0,15.0,13.0,45.0,0.0,33.0,8.0,9.0,1.0,12.0,1.0,0.0,1.0,8.0,1.0,11.0,0.0,2.0,0.0,1.0,40.0,2.0,36.0,5.0,14.0,49.0,1.0,0.0,23.0,11.0,1.0,0.0,0.0,15.0,40.0,1.0,94.0,1.0,5308.0,0
41.0,3.0,115.0,21.0,8.0,1.0,4.0,9.0,10.0,1.0,1.0,1.0,4.0,15.0,10.0,45.0,15.0,33.0,20.0,9.0,9.0,9.0,1.0,0.0,1.0,8.0,0.0,113.0,0.0,9.0,0.0,1.0,50.0,2.0,36.0,5.0,14.0,51.0,1.0,0.0,17.0,37.0,1.0,1.0,1.0,10.0,40.0,1.0,120.0,1.0,5308.0,0
41.0,0.0,93.0,0.0,13.0,0.0,1.0,14.0,11.0,0.0,0.0,1.0,0.0,2.0,13.0,41.0,7.0,33.0,30.0,9.0,6.0,12.0,1.0,0.0,1.0,8.0,1.0,93.0,1.0,2.0,1.0,1.0,40.0,2.0,36.0,5.0,14.0,49.0,0.0,0.0,8.0,112.0,1.0,1.0,1.0,2.0,40.0,1.0,134.0,0.0,5308.0,0
41.0,3.0,92.0,21.0,13.0,1.0,4.0,14.0,11.0,1.0,0.0,0.0,4.0,15.0,1.0,45.0,8.0,33.0,28.0,9.0,5.0,12.0,1.0,2.0,1.0,8.0,0.0,92.0,1.0,9.0,1.0,1.0,48.0,2.0,36.0,5.0,14.0,49.0,1.0,0.0,6.0,112.0,1.0,1.0,1.0,1.0,48.0,1.0,134.0,1.0,5308.0,0
41.0,3.0,94.0,21.0,13.0,1.0,4.0,14.0,11.0,1.0,0.0,1.0,4.0,2.0,13.0,45.0,11.0,33.0,38.0,9.0,7.0,12.0,1.0,0.0,1.0,8.0,1.0,94.0,1.0,2.0,1.0,0.0,40.0,2.0,36.0,0.0,14.0,49.0,1.0,0.0,10.0,112.0,1.0,1.0,1.0,2.0,40.0,1.0,134.0,1.0,5308.0,0
49.0,3.0,95.0,21.0,13.0,1.0,4.0,14.0,11.0,1.0,0.0,1.0,4.0,15.0,14.0,45.0,12.0,33.0,38.0,9.0,7.0,12.0,1.0,0.0,0.0,8.0,0.0,95.0,1.0,0.0,1.0,1.0,48.0,2.0,36.0,1.0,14.0,49.0,1.0,0.0,10.0,112.0,1.0,1.0,1.0,14.0,48.0,1.0,134.0,1.0,5308.0,0
43.0,4.0,89.0,17.0,13.0,0.0,3.0,14.0,11.0,1.0,0.0,1.0,3.0,106.0,13.0,42.0,2.0,33.0,20.0,6.0,4.0,12.0,1.0,0.0,1.0,8.0,1.0,89.0,1.0,1.0,1.0,1.0,40.0,2.0,36.0,3.0,14.0,49.0,0.0,0.0,4.0,112.0,1.0,1.0,1.0,106.0,40.0,1.0,134.0,1.0,5308.0,0
41.0,3.0,151.0,21.0,13.0,1.0,4.0,14.0,2.0,1.0,1.0,1.0,4.0,15.0,15.0,45.0,15.0,33.0,20.0,9.0,9.0,14.0,1.0,0.0,1.0,8.0,0.0,149.0,0.0,9.0,0.0,1.0,61.0,2.0,36.0,5.0,14.0,62.0,1.0,0.0,17.0,98.0,1.0,1.0,1.0,15.0,40.0,1.0,75.0,1.0,5308.0,0
41.0,3.0,51.0,21.0,51.0,1.0,4.0,52.0,9.0,1.0,0.0,1.0,4.0,53.0,13.0,45.0,0.0,33.0,8.0,9.0,1.0,12.0,1.0,0.0,1.0,8.0,1.0,51.0,0.0,2.0,0.0,1.0,40.0,2.0,36.0,5.0,52.0,49.0,1.0,0.0,23.0,84.0,1.0,1.0,0.0,53.0,40.0,1.0,73.0,1.0,5308.0,0
41.0,1.0,92.0,1.0,13.0,1.0,4.0,14.0,11.0,1.0,0.0,1.0,1.0,1.0,13.0,45.0,3.0,33.0,28.0,9.0,5.0,12.0,1.0,0.0,1.0,8.0,1.0,92.0,1.0,5.0,1.0,1.0,40.0,2.0,36.0,5.0,14.0,49.0,0.0,0.0,6.0,112.0,1.0,1.0,1.0,1.0,40.0,1.0,134.0,1.0,5308.0,0
41.0,4.0,104.0,5.0,13.0,1.0,4.0,14.0,11.0,1.0,1.0,1.0,3.0,15.0,13.0,45.0,4.0,33.0,20.0,9.0,1.0,12.0,1.0,1.0,1.0,3.0,1.0,102.0,1.0,10.0,1.0,1.0,35.0,0.0,36.0,5.0,14.0,49.0,0.0,0.0,15.0,112.0,1.0,1.0,1.0,6.0,40.0,1.0,134.0,1.0,5308.0,4
46.0,3.0,168.0,4.0,13.0,0.0,2.0,14.0,11.0,1.0,0.0,1.0,2.0,15.0,13.0,45.0,5.0,33.0,60.0,9.0,3.0,12.0,1.0,0.0,1.0,8.0,1.0,166.0,1.0,7.0,1.0,1.0,44.0,2.0,36.0,4.0,14.0,49.0,0.0,0.0,22.0,112.0,1.0,1.0,1.0,19.0,44.0,1.0,134.0,1.0,5308.0,4
41.0,3.0,67.0,21.0,28.0,1.0,4.0,14.0,5.0,1.0,0.0,1.0,4.0,15.0,30.0,45.0,6.0,33.0,20.0,9.0,4.0,12.0,1.0,0.0,1.0,8.0,0.0,67.0,0.0,6.0,1.0,1.0,46.0,2.0,36.0,5.0,14.0,49.0,1.0,0.0,4.0,112.0,1.0,0.0,1.0,30.0,46.0,1.0,62.0,1.0,5308.0,4
41.0,3.0,2.0,21.0,3.0,1.0,4.0,4.0,6.0,1.0,0.0,1.0,4.0,5.0,13.0,45.0,0.0,33.0,8.0,9.0,1.0,12.0,1.0,0.0,1.0,8.0,1.0,2.0,0.0,2.0,0.0,1.0,40.0,2.0,36.0,5.0,4.0,49.0,1.0,0.0,23.0,1.0,1.0,0.0,0.0,5.0,40.0,1.0,2.0,1.0,5308.0,4
41.0,3.0,171.0,6.0,13.0,1.0,4.0,14.0,11.0,1.0,1.0,1.0,2.0,15.0,13.0,45.0,16.0,20.0,20.0,9.0,3.0,12.0,1.0,4.0,1.0,8.0,1.0,167.0,1.0,10.0,1.0,1.0,40.0,1.0,4.0,5.0,14.0,49.0,0.0,1.0,26.0,112.0,0.0,1.0,1.0,14.0,40.0,1.0,134.0,1.0,5308.0,4
34.0,1.0,97.0,3.0,13.0,1.0,4.0,14.0,11.0,1.0,1.0,1.0,1.0,15.0,13.0,45.0,10.0,33.0,20.0,9.0,1.0,12.0,0.0,4.0,1.0,8.0,1.0,167.0,1.0,3.0,1.0,1.0,34.0,2.0,36.0,2.0,14.0,49.0,0.0,1.0,13.0,112.0,1.0,1.0,1.0,14.0,40.0,0.0,134.0,1.0,5308.0,4
41.0,3.0,164.0,21.0,32.0,1.0,4.0,33.0,7.0,1.0,1.0,1.0,4.0,15.0,34.0,45.0,15.0,33.0,20.0,9.0,9.0,33.0,1.0,0.0,1.0,8.0,0.0,162.0,0.0,9.0,0.0,1.0,46.0,2.0,36.0,5.0,14.0,47.0,1.0,0.0,17.0,111.0,1.0,4.0,1.0,34.0,40.0,1.0,68.0,1.0,5308.0,4
41.0,3.0,171.0,7.0,13.0,1.0,4.0,14.0,11.0,1.0,1.0,1.0,2.0,15.0,13.0,45.0,16.0,31.0,20.0,9.0,3.0,12.0,1.0,4.0,1.0,8.0,1.0,167.0,1.0,10.0,1.0,1.0,40.0,1.0,17.0,5.0,14.0,49.0,0.0,1.0,26.0,112.0,0.0,1.0,1.0,14.0,40.0,1.0,134.0,1.0,5308.0,0
34.0,1.0,97.0,3.0,13.0,1.0,4.0,14.0,11.0,1.0,1.0,1.0,1.0,15.0,13.0,45.0,10.0,33.0,20.0,9.0,1.0,12.0,0.0,4.0,1.0,8.0,1.0,167.0,1.0,3.0,1.0,1.0,34.0,2.0,36.0,2.0,14.0,49.0,0.0,1.0,13.0,112.0,1.0,1.0,1.0,14.0,40.0,0.0,134.0,1.0,5308.0,0
34.0,3.0,0.0,21.0,13.0,1.0,4.0,14.0,11.0,1.0,1.0,1.0,4.0,15.0,13.0,45.0,9.0,33.0,20.0,9.0,0.0,12.0,0.0,3.0,1.0,8.0,1.0,0.0,1.0,0.0,1.0,1.0,34.0,2.0,36.0,0.0,14.0,49.0,1.0,0.0,0.0,112.0,1.0,1.0,1.0,32.0,40.0,1.0,134.0,1.0,5308.0,0
41.0,4.0,104.0,5.0,13.0,1.0,4.0,14.0,11.0,1.0,1.0,1.0,3.0,15.0,13.0,45.0,4.0,33.0,20.0,9.0,1.0,12.0,1.0,1.0,1.0,3.0,1.0,102.0,1.0,10.0,1.0,1.0,35.0,0.0,36.0,5.0,14.0,49.0,0.0,0.0,15.0,112.0,1.0,1.0,1.0,6.0,40.0,1.0,134.0,1.0,5308.0,0
46.0,3.0,168.0,4.0,13.0,0.0,2.0,14.0,11.0,1.0,0.0,1.0,2.0,15.0,13.0,45.0,5.0,33.0,60.0,9.0,3.0,12.0,1.0,0.0,1.0,8.0,1.0,166.0,1.0,7.0,1.0,1.0,44.0,2.0,36.0,4.0,14.0,49.0,0.0,0.0,22.0,112.0,1.0,1.0,1.0,19.0,44.0,1.0,134.0,1.0,5308.0,0
41.0,0.0,82.0,21.0,32.0,1.0,4.0,14.0,7.0,1.0,0.0,1.0,0.0,15.0,35.0,45.0,6.0,33.0,20.0,9.0,4.0,12.0,1.0,0.0,1.0,8.0,0.0,82.0,0.0,6.0,1.0,1.0,46.0,2.0,36.0,5.0,14.0,49.0,0.0,0.0,4.0,112.0,1.0,10.0,1.0,35.0,46.0,1.0,54.0,1.0,5308.0,0
41.0,3.0,35.0,21.0,36.0,1.0,4.0,37.0,8.0,1.0,0.0,1.0,4.0,38.0,13.0,45.0,0.0,33.0,8.0,9.0,1.0,12.0,1.0,0.0,1.0,8.0,1.0,35.0,0.0,2.0,0.0,1.0,40.0,2.0,36.0,5.0,37.0,49.0,1.0,0.0,23.0,51.0,1.0,1.0,0.0,38.0,40.0,1.0,3.0,1.0,5308.0,0
41.0,3.0,142.0,21.0,11.0,1.0,4.0,12.0,0.0,1.0,1.0,1.0,4.0,15.0,13.0,45.0,15.0,33.0,20.0,9.0,9.0,12.0,1.0,0.0,1.0,8.0,0.0,140.0,0.0,9.0,0.0,1.0,48.0,2.0,36.0,5.0,14.0,49.0,1.0,0.0,17.0,80.0,1.0,1.0,1.0,13.0,40.0,1.0,32.0,1.0,5308.0,0
41.0,3.0,29.0,21.0,13.0,1.0,4.0,14.0,2.0,1.0,0.0,1.0,4.0,15.0,13.0,45.0,0.0,33.0,8.0,9.0,1.0,12.0,1.0,0.0,1.0,8.0,1.0,29.0,0.0,2.0,0.0,1.0,40.0,2.0,36.0,5.0,14.0,49.0,1.0,0.0,23.0,29.0,1.0,0.0,0.0,15.0,40.0,1.0,112.0,1.0,5308.0,0
41.0,3.0,125.0,21.0,8.0,1.0,4.0,9.0,10.0,1.0,1.0,1.0,4.0,15.0,10.0,45.0,15.0,33.0,20.0,9.0,9.0,9.0,1.0,0.0,1.0,8.0,0.0,123.0,0.0,9.0,0.0,1.0,48.0,2.0,36.0,5.0,14.0,49.0,1.0,0.0,17.0,47.0,1.0,1.0,1.0,10.0,40.0,1.0,130.0,1.0,5308.0,0
41.0,0.0,93.0,0.0,13.0,0.0,1.0,14.0,11.0,0.0,0.0,1.0,0.0,2.0,13.0,41.0,7.0,33.0,30.0,9.0,6.0,12.0,1.0,0.0,1.0,8.0,1.0,93.0,1.0,2.0,1.0,1.0,40.0,2.0,36.0,5.0,14.0,49.0,0.0,0.0,8.0,112.0,1.0,1.0,1.0,2.0,40.0,1.0,134.0,0.0,5308.0,0
41.0,3.0,92.0,21.0,13.0,1.0,4.0,14.0,11.0,1.0,0.0,0.0,4.0,15.0,1.0,45.0,8.0,33.0,28.0,9.0,5.0,12.0,1.0,2.0,1.0,8.0,0.0,92.0,1.0,9.0,1.0,1.0,50.0,2.0,36.0,5.0,14.0,49.0,1.0,0.0,6.0,112.0,1.0,1.0,1.0,1.0,50.0,1.0,134.0,1.0,5308.0,0
41.0,3.0,94.0,21.0,13.0,1.0,4.0,14.0,11.0,1.0,0.0,1.0,4.0,2.0,13.0,45.0,11.0,33.0,38.0,9.0,7.0,12.0,1.0,0.0,1.0,8.0,1.0,94.0,1.0,2.0,1.0,0.0,40.0,2.0,36.0,0.0,14.0,49.0,1.0,0.0,10.0,112.0,1.0,1.0,1.0,2.0,40.0,1.0,134.0,1.0,5308.0,0
49.0,3.0,95.0,21.0,13.0,1.0,4.0,14.0,11.0,1.0,0.0,1.0,4.0,15.0,14.0,45.0,12.0,33.0,38.0,9.0,7.0,12.0,1.0,0.0,0.0,8.0,0.0,95.0,1.0,0.0,1.0,1.0,48.0,2.0,36.0,1.0,14.0,49.0,1.0,0.0,10.0,112.0,1.0,1.0,1.0,14.0,48.0,1.0,134.0,1.0,5308.0,0
43.0,4.0,85.0,17.0,13.0,0.0,3.0,14.0,11.0,1.0,0.0,1.0,3.0,106.0,13.0,42.0,2.0,33.0,20.0,2.0,4.0,12.0,1.0,0.0,1.0,8.0,1.0,85.0,1.0,1.0,1.0,1.0,40.0,2.0,36.0,3.0,14.0,49.0,0.0,0.0,4.0,112.0,1.0,1.0,1.0,106.0,40.0,1.0,134.0,1.0,5308.0,0
41.0,3.0,148.0,21.0,13.0,1.0,4.0,14.0,2.0,1.0,1.0,1.0,4.0,15.0,15.0,45.0,15.0,33.0,20.0,9.0,9.0,14.0,1.0,0.0,1.0,8.0,0.0,146.0,0.0,9.0,0.0,1.0,61.0,2.0,36.0,5.0,14.0,62.0,1.0,0.0,17.0,95.0,1.0,1.0,1.0,15.0,40.0,1.0,71.0,1.0,5308.0,0
41.0,3.0,111.0,21.0,13.0,1.0,4.0,14.0,11.0,1.0,0.0,1.0,4.0,1.0,13.0,45.0,13.0,33.0,48.0,9.0,9.0,12.0,1.0,0.0,1.0,8.0,1.0,109.0,1.0,2.0,1.0,1.0,44.0,2.0,36.0,5.0,14.0,49.0,1.0,0.0,17.0,112.0,1.0,1.0,1.0,1.0,44.0,1.0,134.0,1.0,5308.0,0
43.0,4.0,85.0,17.0,13.0,0.0,3.0,14.0,11.0,1.0,0.0,1.0,3.0,106.0,13.0,42.0,2.0,33.0,20.0,2.0,4.0,12.0,1.0,0.0,1.0,8.0,1.0,85.0,1.0,1.0,1.0,1.0,40.0,2.0,36.0,3.0,14.0,49.0,0.0,0.0,4.0,112.0,1.0,1.0,1.0,106.0,40.0,1.0,134.0,1.0,5308.0,0
56.0,0.0,166.0,2.0,13.0,0.0,0.0,14.0,11.0,0.0,0.0,1.0,0.0,15.0,13.0,49.0,14.0,33.0,58.0,9.0,11.0,12.0,1.0,0.0,1.0,8.0,0.0,164.0,1.0,4.0,1.0,1.0,48.0,2.0,36.0,3.0,14.0,49.0,0.0,0.0,19.0,112.0,1.0,1.0,1.0,13.0,48.0,1.0,134.0,1.0,808.0,0
41.0,3.0,53.0,21.0,51.0,1.0,4.0,52.0,9.0,1.0,0.0,1.0,4.0,53.0,13.0,45.0,0.0,33.0,8.0,9.0,1.0,12.0,1.0,0.0,1.0,8.0,1.0,53.0,0.0,2.0,0.0,1.0,40.0,2.0,36.0,5.0,52.0,49.0,1.0,0.0,23.0,86.0,1.0,1.0,0.0,53.0,40.0,1.0,77.0,1.0,5308.0,0
41.0,1.0,92.0,1.0,13.0,1.0,4.0,14.0,11.0,1.0,0.0,1.0,1.0,1.0,13.0,45.0,3.0,33.0,28.0,9.0,5.0,12.0,1.0,0.0,1.0,8.0,1.0,92.0,1.0,5.0,1.0,1.0,40.0,2.0,36.0,5.0,14.0,49.0,0.0,0.0,6.0,112.0,1.0,1.0,1.0,1.0,40.0,1.0,134.0,1.0,5308.0,4
41.0,4.0,106.0,11.0,13.0,1.0,4.0,14.0,11.0,1.0,1.0,1.0,3.0,15.0,13.0,45.0,4.0,33.0,20.0,9.0,1.0,12.0,1.0,1.0,1.0,3.0,1.0,104.0,1.0,10.0,1.0,1.0,35.0,0.0,36.0,5.0,14.0,49.0,0.0,0.0,15.0,112.0,1.0,1.0,1.0,6.0,40.0,1.0,134.0,1.0,5308.0,4
46.0,3.0,168.0,4.0,13.0,0.0,2.0,14.0,11.0,1.0,0.0,1.0,2.0,15.0,13.0,45.0,5.0,33.0,60.0,9.0,3.0,12.0,1.0,0.0,1.0,8.0,1.0,166.0,1.0,7.0,1.0,1.0,44.0,2.0,36.0,4.0,14.0,49.0,0.0,0.0,22.0,112.0,1.0,1.0,1.0,19.0,44.0,1.0,134.0,1.0,5308.0,4
41.0,3.0,66.0,21.0,28.0,1.0,4.0,14.0,5.0,1.0,0.0,1.0,4.0,15.0,30.0,45.0,6.0,33.0,20.0,9.0,4.0,12.0,1.0,0.0,1.0,8.0,0.0,66.0,0.0,6.0,1.0,1.0,46.0,2.0,36.0,5.0,14.0,49.0,1.0,0.0,4.0,112.0,1.0,0.0,1.0,30.0,46.0,1.0,59.0,1.0,5308.0,4
41.0,3.0,2.0,21.0,3.0,1.0,4.0,4.0,6.0,1.0,0.0,1.0,4.0,5.0,13.0,45.0,0.0,33.0,8.0,9.0,1.0,12.0,1.0,0.0,1.0,8.0,1.0,2.0,0.0,2.0,0.0,1.0,40.0,2.0,36.0,5.0,4.0,49.0,1.0,0.0,23.0,1.0,1.0,0.0,0.0,5.0,40.0,1.0,2.0,1.0,5308.0,4
41.0,3.0,171.0,6.0,13.0,1.0,4.0,14.0,11.0,1.0,1.0,1.0,2.0,15.0,13.0,45.0,16.0,30.0,20.0,9.0,3.0,12.0,1.0,4.0,1.0,8.0,1.0,167.0,1.0,10.0,1.0,1.0,40.0,1.0,5.0,5.0,14.0,49.0,0.0,1.0,26.0,112.0,0.0,1.0,1.0,14.0,40.0,1.0,134.0,1.0,5308.0,4
34.0,1.0,97.0,3.0,13.0,1.0,4.0,14.0,11.0,1.0,1.0,1.0,1.0,15.0,13.0,45.0,10.0,33.0,20.0,9.0,1.0,12.0,0.0,4.0,1.0,8.0,1.0,167.0,1.0,3.0,1.0,1.0,34.0,2.0,36.0,2.0,14.0,49.0,0.0,1.0,13.0,112.0,1.0,1.0,1.0,14.0,40.0,0.0,134.0,1.0,5308.0,4
41.0,3.0,156.0,21.0,32.0,1.0,4.0,33.0,7.0,1.0,1.0,1.0,4.0,15.0,34.0,45.0,15.0,33.0,20.0,9.0,9.0,33.0,1.0,0.0,1.0,8.0,0.0,154.0,0.0,9.0,0.0,1.0,46.0,2.0,36.0,5.0,14.0,47.0,1.0,0.0,17.0,103.0,1.0,4.0,1.0,34.0,40.0,1.0,40.0,1.0,5308.0,4
41.0,1.0,92.0,1.0,13.0,1.0,4.0,14.0,11.0,1.0,0.0,1.0,1.0,1.0,13.0,45.0,3.0,33.0,28.0,9.0,5.0,12.0,1.0,0.0,1.0,8.0,1.0,92.0,1.0,5.0,1.0,1.0,40.0,2.0,36.0,5.0,14.0,49.0,0.0,0.0,6.0,112.0,1.0,1.0,1.0,1.0,40.0,1.0,134.0,1.0,5308.0,4
41.0,3.0,171.0,9.0,13.0,1.0,4.0,14.0,11.0,1.0,1.0,1.0,2.0,15.0,13.0,45.0,16.0,11.0,20.0,9.0,3.0,12.0,1.0,4.0,1.0,8.0,1.0,167.0,1.0,10.0,1.0,1.0,40.0,1.0,26.0,5.0,14.0,49.0,0.0,1.0,26.0,112.0,0.0,1.0,1.0,14.0,40.0,1.0,134.0,1.0,5308.0,4
34.0,1.0,97.0,3.0,13.0,1.0,4.0,14.0,11.0,1.0,1.0,1.0,1.0,15.0,13.0,45.0,10.0,33.0,20.0,9.0,1.0,12.0,0.0,4.0,1.0,8.0,1.0,167.0,1.0,3.0,1.0,1.0,34.0,2.0,36.0,2.0,14.0,49.0,0.0,1.0,13.0,112.0,1.0,1.0,1.0,14.0,40.0,0.0,134.0,1.0,5308.0,4
34.0,3.0,0.0,21.0,13.0,1.0,4.0,14.0,11.0,1.0,1.0,1.0,4.0,15.0,13.0,45.0,9.0,33.0,20.0,9.0,0.0,12.0,0.0,3.0,1.0,8.0,1.0,0.0,1.0,0.0,1.0,1.0,34.0,2.0,36.0,0.0,14.0,49.0,1.0,0.0,0.0,112.0,1.0,1.0,1.0,32.0,40.0,1.0,134.0,1.0,5308.0,4
41.0,4.0,106.0,11.0,13.0,1.0,4.0,14.0,11.0,1.0,1.0,1.0,3.0,15.0,13.0,45.0,4.0,33.0,20.0,9.0,1.0,12.0,1.0,1.0,1.0,3.0,1.0,104.0,1.0,10.0,1.0,1.0,35.0,0.0,36.0,5.0,14.0,49.0,0.0,0.0,15.0,112.0,1.0,1.0,1.0,6.0,40.0,1.0,134.0,1.0,5308.0,4
46.0,3.0,168.0,4.0,13.0,0.0,2.0,14.0,11.0,1.0,0.0,1.0,2.0,15.0,13.0,45.0,5.0,33.0,60.0,9.0,3.0,12.0,1.0,0.0,1.0,8.0,1.0,166.0,1.0,7.0,1.0,1.0,44.0,2.0,36.0,4.0,14.0,49.0,0.0,0.0,22.0,112.0,1.0,1.0,1.0,19.0,44.0,1.0,134.0,1.0,5308.0,4
41.0,3.0,70.0,21.0,32.0,1.0,4.0,14.0,7.0,1.0,0.0,1.0,4.0,15.0,34.0,45.0,6.0,33.0,20.0,9.0,4.0,12.0,1.0,0.0,1.0,8.0,0.0,70.0,0.0,6.0,1.0,1.0,46.0,2.0,36.0,5.0,14.0,49.0,1.0,0.0,4.0,112.0,1.0,0.0,1.0,34.0,46.0,1.0,42.0,1.0,5308.0,4
41.0,3.0,3.0,21.0,3.0,1.0,4.0,4.0,6.0,1.0,0.0,1.0,4.0,5.0,13.0,45.0,0.0,33.0,8.0,9.0,1.0,12.0,1.0,0.0,1.0,8.0,1.0,3.0,0.0,2.0,0.0,1.0,40.0,2.0,36.0,5.0,4.0,49.0,1.0,0.0,23.0,2.0,1.0,0.0,0.0,5.0,40.0,1.0,36.0,1.0,5308.0,4
41.0,3.0,145.0,21.0,11.0,1.0,4.0,12.0,0.0,1.0,1.0,1.0,4.0,15.0,13.0,45.0,15.0,33.0,20.0,9.0,9.0,12.0,1.0,0.0,1.0,8.0,0.0,143.0,0.0,9.0,0.0,1.0,48.0,2.0,36.0,5.0,14.0,49.0,1.0,0.0,17.0,83.0,1.0,1.0,1.0,13.0,40.0,1.0,37.0,1.0,5308.0,4
41.0,3.0,171.0,7.0,13.0,1.0,4.0,14.0,11.0,1.0,1.0,1.0,2.0,15.0,13.0,45.0,16.0,5.0,20.0,9.0,3.0,12.0,1.0,4.0,1.0,8.0,1.0,167.0,1.0,10.0,1.0,1.0,40.0,1.0,6.0,5.0,14.0,49.0,0.0,1.0,26.0,112.0,0.0,1.0,1.0,14.0,40.0,1.0,134.0,1.0,5308.0,4
34.0,1.0,97.0,3.0,13.0,1.0,4.0,14.0,11.0,1.0,1.0,1.0,1.0,15.0,13.0,45.0,10.0,33.0,20.0,9.0,1.0,12.0,0.0,4.0,1.0,8.0,1.0,167.0,1.0,3.0,1.0,1.0,34.0,2.0,36.0,2.0,14.0,49.0,0.0,1.0,13.0,112.0,1.0,1.0,1.0,14.0,40.0,0.0,134.0,1.0,5308.0,4
41.0,3.0,160.0,21.0,32.0,1.0,4.0,33.0,7.0,1.0,1.0,1.0,4.0,15.0,34.0,45.0,15.0,33.0,20.0,9.0,9.0,33.0,1.0,0.0,1.0,8.0,0.0,158.0,0.0,9.0,0.0,1.0,46.0,2.0,36.0,5.0,14.0,47.0,1.0,0.0,17.0,107.0,1.0,4.0,1.0,34.0,40.0,1.0,50.0,1.0,5308.0,4
41.0,1.0,92.0,1.0,13.0,1.0,4.0,14.0,11.0,1.0,0.0,1.0,1.0,1.0,13.0,45.0,3.0,33.0,28.0,9.0,5.0,12.0,1.0,0.0,1.0,8.0,1.0,92.0,1.0,5.0,1.0,1.0,40.0,2.0,36.0,5.0,14.0,49.0,0.0,0.0,6.0,112.0,1.0,1.0,1.0,1.0,40.0,1.0,134.0,1.0,5308.0,4
41.0,3.0,171.0,8.0,13.0,1.0,4.0,14.0,11.0,1.0,1.0,1.0,2.0,15.0,13.0,45.0,16.0,31.0,20.0,9.0,3.0,12.0,1.0,4.0,1.0,8.0,1.0,167.0,1.0,10.0,1.0,1.0,40.0,1.0,24.0,5.0,14.0,49.0,0.0,1.0,26.0,112.0,0.0,1.0,1.0,14.0,40.0,1.0,134.0,1.0,5308.0,4
34.0,1.0,97.0,3.0,13.0,1.0,4.0,14.0,11.0,1.0,1.0,1.0,1.0,15.0,13.0,45.0,10.0,33.0,20.0,9.0,1.0,12.0,0.0,4.0,1.0,8.0,1.0,167.0,1.0,3.0,1.0,1.0,34.0,2.0,36.0,2.0,14.0,49.0,0.0,1.0,13.0,112.0,1.0,1.0,1.0,14.0,40.0,0.0,134.0,1.0,5308.0,4
34.0,3.0,0.0,21.0,13.0,1.0,4.0,14.0,11.0,1.0,1.0,1.0,4.0,15.0,13.0,45.0,9.0,33.0,20.0,9.0,0.0,12.0,0.0,3.0,1.0,8.0,1.0,0.0,1.0,0.0,1.0,1.0,34.0,2.0,36.0,0.0,14.0,49.0,1.0,0.0,0.0,112.0,1.0,1.0,1.0,32.0,40.0,1.0,134.0,1.0,5308.0,4
41.0,4.0,106.0,11.0,13.0,1.0,4.0,14.0,11.0,1.0,1.0,1.0,3.0,15.0,13.0,45.0,4.0,33.0,20.0,9.0,1.0,12.0,1.0,1.0,1.0,3.0,1.0,104.0,1.0,10.0,1.0,1.0,35.0,0.0,36.0,5.0,14.0,49.0,0.0,0.0,15.0,112.0,1.0,1.0,1.0,6.0,40.0,1.0,134.0,1.0,5308.0,4
46.0,3.0,168.0,4.0,13.0,0.0,2.0,14.0,11.0,1.0,0.0,1.0,2.0,15.0,13.0,45.0,5.0,33.0,60.0,9.0,3.0,12.0,1.0,0.0,1.0,8.0,1.0,166.0,1.0,7.0,1.0,1.0,44.0,2.0,36.0,4.0,14.0,49.0,0.0,0.0,22.0,112.0,1.0,1.0,1.0,19.0,44.0,1.0,134.0,1.0,5308.0,4
41.0,3.0,71.0,21.0,32.0,1.0,4.0,14.0,7.0,1.0,0.0,1.0,4.0,15.0,34.0,45.0,6.0,33.0,20.0,9.0,4.0,12.0,1.0,0.0,1.0,8.0,0.0,71.0,0.0,6.0,1.0,1.0,46.0,2.0,36.0,5.0,14.0,49.0,1.0,0.0,4.0,112.0,1.0,0.0,1.0,34.0,46.0,1.0,44.0,1.0,5308.0,4
41.0,3.0,3.0,21.0,3.0,1.0,4.0,4.0,6.0,1.0,0.0,1.0,4.0,5.0,13.0,45.0,0.0,33.0,8.0,9.0,1.0,12.0,1.0,0.0,1.0,8.0,1.0,3.0,0.0,2.0,0.0,1.0,40.0,2.0,36.0,5.0,4.0,49.0,1.0,0.0,23.0,2.0,1.0,0.0,0.0,5.0,40.0,1.0,36.0,1.0,5308.0,4
41.0,3.0,145.0,21.0,11.0,1.0,4.0,12.0,0.0,1.0,1.0,1.0,4.0,15.0,13.0,45.0,15.0,33.0,20.0,9.0,9.0,12.0,1.0,0.0,1.0,8.0,0.0,143.0,0.0,9.0,0.0,1.0,48.0,2.0,36.0,5.0,14.0,49.0,1.0,0.0,17.0,83.0,1.0,1.0,1.0,13.0,40.0,1.0,37.0,1.0,5308.0,4
41.0,1.0,92.0,1.0,13.0,1.0,4.0,14.0,11.0,1.0,0.0,1.0,1.0,1.0,13.0,45.0,3.0,33.0,28.0,9.0,5.0,12.0,1.0,0.0,1.0,8.0,1.0,92.0,1.0,5.0,1.0,1.0,40.0,2.0,36.0,5.0,14.0,49.0,0.0,0.0,6.0,112.0,1.0,1.0,1.0,1.0,40.0,1.0,134.0,1.0,5308.0,4
41.0,3.0,105.0,10.0,13.0,1.0,4.0,14.0,11.0,1.0,1.0,1.0,2.0,15.0,13.0,45.0,4.0,33.0,20.0,9.0,1.0,12.0,1.0,1.0,1.0,3.0,1.0,103.0,1.0,10.0,1.0,1.0,35.0,0.0,36.0,5.0,14.0,49.0,0.0,0.0,15.0,112.0,1.0,1.0,1.0,6.0,40.0,1.0,134.0,1.0,5308.0,0
46.0,3.0,168.0,4.0,13.0,0.0,2.0,14.0,11.0,1.0,0.0,1.0,2.0,15.0,13.0,45.0,5.0,33.0,60.0,9.0,3.0,12.0,1.0,0.0,1.0,8.0,1.0,166.0,1.0,7.0,1.0,1.0,44.0,2.0,36.0,4.0,14.0,49.0,0.0,0.0,22.0,112.0,1.0,1.0,1.0,19.0,44.0,1.0,134.0,1.0,5308.0,0
41.0,3.0,60.0,21.0,12.0,1.0,4.0,14.0,1.0,1.0,0.0,1.0,4.0,15.0,14.0,45.0,6.0,33.0,20.0,9.0,4.0,12.0,1.0,0.0,1.0,8.0,0.0,60.0,0.0,6.0,1.0,1.0,46.0,2.0,36.0,5.0,14.0,49.0,1.0,0.0,4.0,112.0,1.0,0.0,1.0,14.0,46.0,1.0,1.0,1.0,5308.0,0
41.0,3.0,171.0,7.0,13.0,1.0,4.0,14.0,11.0,1.0,1.0,1.0,2.0,15.0,13.0,45.0,16.0,13.0,20.0,9.0,3.0,12.0,1.0,4.0,1.0,8.0,1.0,167.0,1.0,10.0,1.0,1.0,40.0,1.0,10.0,5.0,14.0,49.0,0.0,1.0,26.0,112.0,0.0,1.0,1.0,14.0,40.0,1.0,134.0,1.0,5308.0,0
34.0,1.0,97.0,3.0,13.0,1.0,4.0,14.0,11.0,1.0,1.0,1.0,1.0,15.0,13.0,45.0,10.0,33.0,20.0,9.0,1.0,12.0,0.0,4.0,1.0,8.0,1.0,167.0,1.0,3.0,1.0,1.0,34.0,2.0,36.0,2.0,14.0,49.0,0.0,1.0,12.0,112.0,1.0,1.0,1.0,14.0,40.0,0.0,134.0,1.0,5308.0,0
34.0,3.0,0.0,21.0,13.0,1.0,4.0,14.0,11.0,1.0,1.0,1.0,4.0,15.0,13.0,45.0,9.0,33.0,20.0,9.0,0.0,12.0,0.0,3.0,1.0,8.0,1.0,0.0,1.0,0.0,1.0,1.0,34.0,2.0,36.0,0.0,14.0,49.0,1.0,0.0,1.0,112.0,1.0,1.0,1.0,32.0,40.0,1.0,134.0,1.0,5308.0,0
41.0,4.0,107.0,11.0,13.0,1.0,4.0,14.0,11.0,1.0,1.0,1.0,3.0,15.0,13.0,45.0,4.0,33.0,20.0,9.0,1.0,12.0,1.0,1.0,1.0,4.0,1.0,105.0,1.0,10.0,1.0,1.0,35.0,0.0,36.0,5.0,14.0,49.0,0.0,0.0,14.0,112.0,1.0,1.0,1.0,6.0,40.0,1.0,134.0,1.0,5308.0,0
46.0,3.0,168.0,4.0,13.0,0.0,2.0,14.0,11.0,1.0,0.0,1.0,2.0,15.0,13.0,45.0,5.0,33.0,60.0,9.0,3.0,12.0,1.0,0.0,1.0,8.0,1.0,166.0,1.0,7.0,1.0,1.0,44.0,2.0,36.0,4.0,14.0,49.0,0.0,0.0,21.0,112.0,1.0,1.0,1.0,19.0,44.0,1.0,134.0,1.0,5308.0,0
41.0,3.0,79.0,21.0,32.0,1.0,4.0,14.0,7.0,1.0,0.0,1.0,4.0,15.0,34.0,45.0,6.0,33.0,20.0,9.0,4.0,12.0,1.0,0.0,1.0,8.0,0.0,79.0,0.0,6.0,1.0,1.0,46.0,2.0,36.0,5.0,14.0,49.0,1.0,0.0,3.0,112.0,1.0,0.0,1.0,34.0,46.0,1.0,60.0,1.0,5308.0,0
41.0,3.0,3.0,21.0,3.0,1.0,4.0,4.0,6.0,1.0,0.0,1.0,4.0,5.0,13.0,45.0,0.0,33.0,8.0,9.0,1.0,12.0,1.0,0.0,1.0,8.0,1.0,3.0,0.0,2.0,0.0,1.0,40.0,2.0,36.0,5.0,4.0,49.0,1.0,0.0,2.0,2.0,1.0,0.0,0.0,5.0,40.0,1.0,36.0,1.0,5308.0,0
41.0,3.0,145.0,21.0,11.0,1.0,4.0,12.0,0.0,1.0,1.0,1.0,4.0,15.0,13.0,45.0,15.0,33.0,20.0,9.0,9.0,12.0,1.0,0.0,1.0,8.0,0.0,143.0,0.0,9.0,0.0,1.0,48.0,2.0,36.0,5.0,14.0,49.0,1.0,0.0,16.0,83.0,1.0,1.0,1.0,13.0,40.0,1.0,37.0,1.0,5308.0,0
41.0,3.0,46.0,21.0,36.0,1.0,4.0,37.0,8.0,1.0,0.0,1.0,4.0,38.0,13.0,45.0,0.0,33.0,8.0,9.0,1.0,12.0,1.0,0.0,1.0,8.0,1.0,46.0,0.0,2.0,0.0,1.0,40.0,2.0,36.0,5.0,37.0,49.0,1.0,0.0,2.0,62.0,1.0,1.0,0.0,38.0,40.0,1.0,14.0,1.0,5308.0,0
41.0,3.0,130.0,21.0,11.0,1.0,4.0,12.0,0.0,1.0,1.0,1.0,4.0,15.0,13.0,45.0,15.0,33.0,20.0,9.0,9.0,12.0,1.0,0.0,1.0,8.0,0.0,128.0,0.0,9.0,0.0,1.0,48.0,2.0,36.0,5.0,14.0,49.0,1.0,0.0,16.0,68.0,1.0,1.0,1.0,13.0,40.0,1.0,20.0,1.0,5308.0,0
41.0,3.0,33.0,21.0,13.0,1.0,4.0,14.0,2.0,1.0,0.0,1.0,4.0,15.0,13.0,45.0,0.0,33.0,8.0,9.0,1.0,12.0,1.0,0.0,1.0,8.0,1.0,33.0,0.0,2.0,0.0,1.0,40.0,2.0,36.0,5.0,14.0,49.0,1.0,0.0,2.0,33.0,1.0,0.0,0.0,15.0,40.0,1.0,116.0,1.0,5308.0,0
41.0,3.0,127.0,21.0,8.0,1.0,4.0,9.0,10.0,1.0,1.0,1.0,4.0,15.0,10.0,45.0,15.0,33.0,20.0,9.0,9.0,9.0,1.0,0.0,1.0,8.0,0.0,125.0,0.0,9.0,0.0,1.0,50.0,2.0,36.0,5.0,14.0,51.0,1.0,0.0,16.0,49.0,1.0,1.0,1.0,10.0,40.0,1.0,132.0,1.0,5308.0,0
41.0,0.0,93.0,0.0,13.0,0.0,1.0,14.0,11.0,0.0,0.0,1.0,0.0,2.0,13.0,41.0,7.0,33.0,30.0,9.0,6.0,12.0,1.0,0.0,1.0,8.0,1.0,93.0,1.0,2.0,1.0,1.0,40.0,2.0,36.0,5.0,14.0,49.0,0.0,0.0,7.0,112.0,1.0,1.0,1.0,2.0,40.0,1.0,134.0,0.0,5308.0,0
41.0,3.0,92.0,21.0,13.0,1.0,4.0,14.0,11.0,1.0,0.0,0.0,4.0,15.0,1.0,45.0,8.0,33.0,28.0,9.0,5.0,12.0,1.0,2.0,1.0,8.0,0.0,92.0,1.0,9.0,1.0,1.0,48.0,2.0,36.0,5.0,14.0,49.0,1.0,0.0,5.0,112.0,1.0,1.0,1.0,1.0,48.0,1.0,134.0,1.0,5308.0,0
41.0,3.0,94.0,21.0,13.0,1.0,4.0,14.0,11.0,1.0,0.0,1.0,4.0,2.0,13.0,45.0,11.0,33.0,38.0,9.0,7.0,12.0,1.0,0.0,1.0,8.0,1.0,94.0,1.0,2.0,1.0,0.0,40.0,2.0,36.0,0.0,14.0,49.0,1.0,0.0,9.0,112.0,1.0,1.0,1.0,2.0,40.0,1.0,134.0,1.0,5308.0,0
49.0,3.0,95.0,21.0,13.0,1.0,4.0,14.0,11.0,1.0,0.0,1.0,4.0,15.0,14.0,45.0,12.0,33.0,38.0,9.0,7.0,12.0,1.0,0.0,0.0,8.0,0.0,95.0,1.0,0.0,1.0,1.0,48.0,2.0,36.0,1.0,14.0,49.0,1.0,0.0,9.0,112.0,1.0,1.0,1.0,14.0,48.0,1.0,134.0,1.0,5308.0,0
43.0,4.0,83.0,17.0,13.0,0.0,3.0,14.0,11.0,1.0,0.0,1.0,3.0,106.0,13.0,42.0,2.0,33.0,20.0,0.0,4.0,12.0,1.0,0.0,1.0,8.0,1.0,83.0,1.0,1.0,1.0,1.0,40.0,2.0,36.0,3.0,14.0,49.0,0.0,0.0,3.0,112.0,1.0,1.0,1.0,106.0,40.0,1.0,134.0,1.0,5308.0,0
41.0,3.0,146.0,21.0,13.0,1.0,4.0,14.0,2.0,1.0,1.0,1.0,4.0,15.0,15.0,45.0,15.0,33.0,20.0,9.0,9.0,14.0,1.0,0.0,1.0,8.0,0.0,144.0,0.0,9.0,0.0,1.0,61.0,2.0,36.0,5.0,14.0,62.0,1.0,0.0,16.0,93.0,1.0,1.0,1.0,15.0,40.0,1.0,69.0,1.0,5308.0,0
41.0,3.0,56.0,21.0,51.0,1.0,4.0,52.0,9.0,1.0,0.0,1.0,4.0,53.0,13.0,45.0,0.0,33.0,8.0,9.0,1.0,12.0,1.0,0.0,1.0,8.0,1.0,56.0,0.0,2.0,0.0,1.0,40.0,2.0,36.0,5.0,52.0,49.0,1.0,0.0,2.0,89.0,1.0,1.0,0.0,53.0,40.0,1.0,82.0,1.0,5308.0,0
41.0,1.0,92.0,1.0,13.0,1.0,4.0,14.0,11.0,1.0,0.0,1.0,1.0,1.0,13.0,45.0,3.0,33.0,28.0,9.0,5.0,12.0,1.0,0.0,1.0,8.0,1.0,92.0,1.0,5.0,1.0,1.0,40.0,2.0,36.0,5.0,14.0,49.0,0.0,0.0,5.0,112.0,1.0,1.0,1.0,1.0,40.0,1.0,134.0,1.0,5308.0,0
41.0,4.0,109.0,14.0,13.0,1.0,4.0,14.0,11.0,1.0,1.0,1.0,3.0,15.0,13.0,45.0,4.0,33.0,20.0,9.0,1.0,12.0,1.0,1.0,1.0,6.0,1.0,107.0,1.0,10.0,1.0,1.0,35.0,0.0,36.0,5.0,14.0,49.0,0.0,0.0,14.0,112.0,1.0,1.0,1.0,6.0,40.0,1.0,134.0,1.0,5308.0,2
46.0,3.0,168.0,4.0,13.0,0.0,2.0,14.0,11.0,1.0,0.0,1.0,2.0,15.0,13.0,45.0,5.0,33.0,60.0,9.0,3.0,12.0,1.0,0.0,1.0,8.0,1.0,166.0,1.0,7.0,1.0,1.0,44.0,2.0,36.0,4.0,14.0,49.0,0.0,0.0,21.0,112.0,1.0,1.0,1.0,19.0,44.0,1.0,134.0,1.0,5308.0,2
41.0,3.0,65.0,21.0,28.0,1.0,4.0,14.0,5.0,1.0,0.0,1.0,4.0,15.0,30.0,45.0,6.0,33.0,20.0,9.0,4.0,12.0,1.0,0.0,1.0,8.0,0.0,65.0,0.0,6.0,1.0,1.0,46.0,2.0,36.0,5.0,14.0,49.0,1.0,0.0,3.0,112.0,1.0,0.0,1.0,30.0,46.0,1.0,46.0,1.0,5308.0,2
41.0,3.0,26.0,21.0,13.0,1.0,4.0,14.0,2.0,1.0,0.0,1.0,4.0,15.0,13.0,45.0,0.0,33.0,8.0,9.0,1.0,12.0,1.0,0.0,1.0,8.0,1.0,26.0,0.0,2.0,0.0,1.0,40.0,2.0,36.0,5.0,14.0,49.0,1.0,0.0,2.0,26.0,1.0,0.0,0.0,15.0,40.0,1.0,109.0,1.0,5308.0,2
41.0,3.0,112.0,21.0,3.0,1.0,4.0,4.0,6.0,1.0,1.0,1.0,4.0,15.0,5.0,45.0,15.0,33.0,20.0,9.0,9.0,4.0,1.0,0.0,1.0,8.0,0.0,110.0,0.0,9.0,0.0,1.0,48.0,2.0,36.0,5.0,14.0,49.0,1.0,0.0,16.0,3.0,1.0,0.0,1.0,5.0,40.0,1.0,39.0,1.0,5308.0,2
41.0,3.0,23.0,21.0,13.0,1.0,4.0,14.0,2.0,1.0,0.0,1.0,4.0,15.0,13.0,45.0,0.0,33.0,8.0,9.0,1.0,12.0,1.0,0.0,1.0,8.0,1.0,23.0,0.0,2.0,0.0,1.0,942.0,2.0,36.0,5.0,14.0,49.0,1.0,0.0,2.0,23.0,1.0,0.0,0.0,15.0,942.0,1.0,106.0,1.0,5308.0,2
41.0,3.0,30.0,21.0,13.0,1.0,4.0,14.0,2.0,1.0,0.0,1.0,4.0,15.0,13.0,45.0,0.0,33.0,8.0,9.0,1.0,12.0,1.0,0.0,1.0,8.0,1.0,30.0,0.0,2.0,0.0,1.0,1699.0,2.0,36.0,5.0,14.0,49.0,1.0,0.0,2.0,30.0,1.0,0.0,0.0,15.0,1699.0,1.0,113.0,1.0,5308.0,2
41.0,3.0,112.0,21.0,3.0,1.0,4.0,4.0,6.0,1.0,1.0,1.0,4.0,15.0,5.0,45.0,15.0,33.0,20.0,9.0,9.0,4.0,1.0,0.0,1.0,8.0,0.0,110.0,0.0,9.0,0.0,1.0,1483.0,2.0,36.0,5.0,14.0,1484.0,1.0,0.0,16.0,3.0,1.0,0.0,1.0,5.0,40.0,1.0,39.0,1.0,5308.0,2
41.0,3.0,28.0,21.0,13.0,1.0,4.0,14.0,2.0,1.0,0.0,1.0,4.0,15.0,13.0,45.0,0.0,33.0,8.0,9.0,1.0,12.0,1.0,0.0,1.0,8.0,1.0,28.0,0.0,2.0,0.0,1.0,2584.0,2.0,36.0,5.0,14.0,49.0,1.0,0.0,2.0,28.0,1.0,0.0,0.0,15.0,2584.0,1.0,111.0,1.0,5308.0,2
41.0,3.0,21.0,21.0,13.0,1.0,4.0,14.0,2.0,1.0,0.0,1.0,4.0,15.0,13.0,45.0,0.0,33.0,8.0,9.0,1.0,12.0,1.0,0.0,1.0,8.0,1.0,21.0,0.0,2.0,0.0,1.0,552.0,2.0,36.0,5.0,14.0,49.0,1.0,0.0,2.0,21.0,1.0,0.0,0.0,15.0,552.0,1.0,104.0,1.0,5308.0,2
41.0,3.0,112.0,21.0,3.0,1.0,4.0,4.0,6.0,1.0,1.0,1.0,4.0,15.0,5.0,45.0,15.0,33.0,20.0,9.0,9.0,4.0,1.0,0.0,1.0,8.0,0.0,110.0,0.0,9.0,0.0,1.0,1760.0,2.0,36.0,5.0,14.0,1761.0,1.0,0.0,16.0,3.0,1.0,0.0,1.0,5.0,40.0,1.0,39.0,1.0,5308.0,2
41.0,3.0,171.0,9.0,13.0,1.0,4.0,14.0,11.0,1.0,1.0,1.0,2.0,15.0,13.0,45.0,16.0,23.0,20.0,9.0,3.0,12.0,1.0,4.0,1.0,8.0,1.0,167.0,1.0,10.0,1.0,1.0,40.0,1.0,30.0,5.0,14.0,49.0,0.0,1.0,26.0,112.0,0.0,1.0,1.0,14.0,40.0,1.0,134.0,1.0,5308.0,2
34.0,1.0,97.0,3.0,13.0,1.0,4.0,14.0,11.0,1.0,1.0,1.0,1.0,15.0,13.0,45.0,10.0,33.0,20.0,9.0,1.0,12.0,0.0,4.0,1.0,8.0,1.0,167.0,1.0,3.0,1.0,1.0,34.0,2.0,36.0,2.0,14.0,49.0,0.0,1.0,12.0,112.0,1.0,1.0,1.0,14.0,40.0,0.0,134.0,1.0,5308.0,2
41.0,3.0,162.0,21.0,32.0,1.0,4.0,33.0,7.0,1.0,1.0,1.0,4.0,15.0,34.0,45.0,15.0,33.0,20.0,9.0,9.0,33.0,1.0,0.0,1.0,8.0,0.0,160.0,0.0,9.0,0.0,1.0,46.0,2.0,36.0,5.0,14.0,47.0,1.0,0.0,16.0,109.0,1.0,4.0,1.0,34.0,40.0,1.0,61.0,1.0,5308.0,2
41.0,1.0,92.0,1.0,13.0,1.0,4.0,14.0,11.0,1.0,0.0,1.0,1.0,1.0,13.0,45.0,3.0,33.0,28.0,9.0,5.0,12.0,1.0,0.0,1.0,8.0,1.0,92.0,1.0,5.0,1.0,1.0,40.0,2.0,36.0,5.0,14.0,49.0,0.0,0.0,5.0,112.0,1.0,1.0,1.0,1.0,40.0,1.0,134.0,1.0,5308.0,2
41.0,3.0,171.0,7.0,13.0,1.0,4.0,14.0,11.0,1.0,1.0,1.0,2.0,15.0,13.0,45.0,16.0,17.0,20.0,9.0,3.0,12.0,1.0,4.0,1.0,8.0,1.0,167.0,1.0,10.0,1.0,1.0,40.0,1.0,11.0,5.0,14.0,49.0,0.0,1.0,26.0,112.0,0.0,1.0,1.0,14.0,40.0,1.0,134.0,1.0,5308.0,2
34.0,1.0,97.0,3.0,13.0,1.0,4.0,14.0,11.0,1.0,1.0,1.0,1.0,15.0,13.0,45.0,10.0,33.0,20.0,9.0,1.0,12.0,0.0,4.0,1.0,8.0,1.0,167.0,1.0,3.0,1.0,1.0,34.0,2.0,36.0,2.0,14.0,49.0,0.0,1.0,12.0,112.0,1.0,1.0,1.0,14.0,40.0,0.0,134.0,1.0,5308.0,2
34.0,3.0,0.0,21.0,13.0,1.0,4.0,14.0,11.0,1.0,1.0,1.0,4.0,15.0,13.0,45.0,9.0,33.0,20.0,9.0,0.0,12.0,0.0,3.0,1.0,8.0,1.0,0.0,1.0,0.0,1.0,1.0,34.0,2.0,36.0,0.0,14.0,49.0,1.0,0.0,1.0,112.0,1.0,1.0,1.0,32.0,40.0,1.0,134.0,1.0,5308.0,2
41.0,4.0,109.0,14.0,13.0,1.0,4.0,14.0,11.0,1.0,1.0,1.0,3.0,15.0,13.0,45.0,4.0,33.0,20.0,9.0,1.0,12.0,1.0,1.0,1.0,6.0,1.0,107.0,1.0,10.0,1.0,1.0,35.0,0.0,36.0,5.0,14.0,49.0,0.0,0.0,14.0,112.0,1.0,1.0,1.0,6.0,40.0,1.0,134.0,1.0,5308.0,2
46.0,3.0,168.0,4.0,13.0,0.0,2.0,14.0,11.0,1.0,0.0,1.0,2.0,15.0,13.0,45.0,5.0,33.0,60.0,9.0,3.0,12.0,1.0,0.0,1.0,8.0,1.0,166.0,1.0,7.0,1.0,1.0,44.0,2.0,36.0,4.0,14.0,49.0,0.0,0.0,21.0,112.0,1.0,1.0,1.0,19.0,44.0,1.0,134.0,1.0,5308.0,2
41.0,3.0,74.0,21.0,32.0,1.0,4.0,14.0,7.0,1.0,0.0,1.0,4.0,15.0,34.0,45.0,6.0,33.0,20.0,9.0,4.0,12.0,1.0,0.0,1.0,8.0,0.0,74.0,0.0,6.0,1.0,1.0,46.0,2.0,36.0,5.0,14.0,49.0,1.0,0.0,3.0,112.0,1.0,0.0,1.0,34.0,46.0,1.0,51.0,1.0,5308.0,2
41.0,3.0,15.0,21.0,13.0,1.0,4.0,14.0,2.0,1.0,0.0,1.0,4.0,15.0,13.0,45.0,0.0,33.0,8.0,9.0,1.0,12.0,1.0,0.0,1.0,8.0,1.0,15.0,0.0,2.0,0.0,1.0,40.0,2.0,36.0,5.0,14.0,49.0,1.0,0.0,2.0,15.0,1.0,0.0,0.0,15.0,40.0,1.0,98.0,1.0,5308.0,2
41.0,3.0,112.0,21.0,3.0,1.0,4.0,4.0,6.0,1.0,1.0,1.0,4.0,15.0,5.0,45.0,15.0,33.0,20.0,9.0,9.0,4.0,1.0,0.0,1.0,8.0,0.0,110.0,0.0,9.0,0.0,1.0,48.0,2.0,36.0,5.0,14.0,49.0,1.0,0.0,16.0,3.0,1.0,0.0,1.0,5.0,40.0,1.0,38.0,1.0,5308.0,2
41.0,3.0,24.0,21.0,13.0,1.0,4.0,14.0,2.0,1.0,0.0,1.0,4.0,15.0,13.0,45.0,0.0,33.0,8.0,9.0,1.0,12.0,1.0,0.0,1.0,8.0,1.0,24.0,0.0,2.0,0.0,1.0,1391.0,2.0,36.0,5.0,14.0,49.0,1.0,0.0,2.0,24.0,1.0,0.0,0.0,15.0,1391.0,1.0,107.0,1.0,5308.0,2
41.0,3.0,25.0,21.0,13.0,1.0,4.0,14.0,2.0,1.0,0.0,1.0,4.0,15.0,13.0,45.0,0.0,33.0,8.0,9.0,1.0,12.0,1.0,0.0,1.0,8.0,1.0,25.0,0.0,2.0,0.0,1.0,1436.0,2.0,36.0,5.0,14.0,49.0,1.0,0.0,2.0,25.0,1.0,0.0,0.0,15.0,1436.0,1.0,108.0,1.0,5308.0,2
41.0,3.0,112.0,21.0,3.0,1.0,4.0,4.0,6.0,1.0,1.0,1.0,4.0,15.0,5.0,45.0,15.0,33.0,20.0,9.0,9.0,4.0,1.0,0.0,1.0,8.0,0.0,110.0,0.0,9.0,0.0,1.0,1583.0,2.0,36.0,5.0,14.0,1584.0,1.0,0.0,16.0,3.0,1.0,0.0,1.0,5.0,40.0,1.0,38.0,1.0,5308.0,2
41.0,3.0,20.0,21.0,13.0,1.0,4.0,14.0,2.0,1.0,0.0,1.0,4.0,15.0,13.0,45.0,0.0,33.0,8.0,9.0,1.0,12.0,1.0,0.0,1.0,8.0,1.0,20.0,0.0,2.0,0.0,1.0,2921.0,2.0,36.0,5.0,14.0,49.0,1.0,0.0,2.0,20.0,1.0,0.0,0.0,15.0,2921.0,1.0,103.0,1.0,5308.0,2
41.0,3.0,5.0,21.0,13.0,1.0,4.0,14.0,2.0,1.0,0.0,1.0,4.0,15.0,13.0,45.0,0.0,33.0,8.0,9.0,1.0,12.0,1.0,0.0,1.0,8.0,1.0,5.0,0.0,2.0,0.0,1.0,40.0,2.0,36.0,5.0,14.0,49.0,1.0,0.0,2.0,5.0,1.0,0.0,0.0,15.0,40.0,1.0,88.0,1.0,5308.0,2
41.0,3.0,20.0,21.0,13.0,1.0,4.0,14.0,2.0,1.0,0.0,1.0,4.0,15.0,13.0,45.0,0.0,33.0,8.0,9.0,1.0,12.0,1.0,0.0,1.0,8.0,1.0,20.0,0.0,2.0,0.0,1.0,2921.0,2.0,36.0,5.0,14.0,49.0,1.0,0.0,2.0,20.0,1.0,0.0,0.0,15.0,2921.0,1.0,103.0,1.0,5308.0,2
41.0,3.0,112.0,21.0,3.0,1.0,4.0,4.0,6.0,1.0,1.0,1.0,4.0,15.0,5.0,45.0,15.0,33.0,20.0,9.0,9.0,4.0,1.0,0.0,1.0,8.0,0.0,110.0,0.0,9.0,0.0,1.0,1664.0,2.0,36.0,5.0,14.0,1665.0,1.0,0.0,16.0,3.0,1.0,0.0,1.0,5.0,40.0,1.0,38.0,1.0,5308.0,2
41.0,3.0,171.0,9.0,13.0,1.0,4.0,14.0,11.0,1.0,1.0,1.0,2.0,15.0,13.0,45.0,16.0,13.0,20.0,9.0,3.0,12.0,1.0,4.0,1.0,8.0,1.0,167.0,1.0,10.0,1.0,1.0,40.0,1.0,27.0,5.0,14.0,49.0,0.0,1.0,26.0,112.0,0.0,1.0,1.0,14.0,40.0,1.0,134.0,1.0,5308.0,2
34.0,1.0,97.0,3.0,13.0,1.0,4.0,14.0,11.0,1.0,1.0,1.0,1.0,15.0,13.0,45.0,10.0,33.0,20.0,9.0,1.0,12.0,0.0,4.0,1.0,8.0,1.0,167.0,1.0,3.0,1.0,1.0,34.0,2.0,36.0,2.0,14.0,49.0,0.0,1.0,12.0,112.0,1.0,1.0,1.0,14.0,40.0,0.0,134.0,1.0,5308.0,2
41.0,3.0,157.0,21.0,32.0,1.0,4.0,33.0,7.0,1.0,1.0,1.0,4.0,15.0,34.0,45.0,15.0,33.0,20.0,9.0,9.0,33.0,1.0,0.0,1.0,8.0,0.0,155.0,0.0,9.0,0.0,1.0,46.0,2.0,36.0,5.0,14.0,47.0,1.0,0.0,16.0,104.0,1.0,4.0,1.0,34.0,40.0,1.0,41.0,1.0,5308.0,2
41.0,1.0,92.0,1.0,13.0,1.0,4.0,14.0,11.0,1.0,0.0,1.0,1.0,1.0,13.0,45.0,3.0,33.0,28.0,9.0,5.0,12.0,1.0,0.0,1.0,8.0,1.0,92.0,1.0,5.0,1.0,1.0,40.0,2.0,36.0,5.0,14.0,49.0,0.0,0.0,5.0,112.0,1.0,1.0,1.0,1.0,40.0,1.0,134.0,1.0,5308.0,2
41.0,3.0,171.0,7.0,13.0,1.0,4.0,14.0,11.0,1.0,1.0,1.0,2.0,15.0,13.0,45.0,16.0,6.0,20.0,9.0,3.0,12.0,1.0,4.0,1.0,8.0,1.0,167.0,1.0,10.0,1.0,1.0,40.0,1.0,7.0,5.0,14.0,49.0,0.0,1.0,26.0,112.0,0.0,1.0,1.0,14.0,40.0,1.0,134.0,1.0,5308.0,2
34.0,1.0,97.0,3.0,13.0,1.0,4.0,14.0,11.0,1.0,1.0,1.0,1.0,15.0,13.0,45.0,10.0,33.0,20.0,9.0,1.0,12.0,0.0,4.0,1.0,8.0,1.0,167.0,1.0,3.0,1.0,1.0,34.0,2.0,36.0,2.0,14.0,49.0,0.0,1.0,12.0,112.0,1.0,1.0,1.0,14.0,40.0,0.0,134.0,1.0,5308.0,2
34.0,3.0,0.0,21.0,13.0,1.0,4.0,14.0,11.0,1.0,1.0,1.0,4.0,15.0,13.0,45.0,9.0,33.0,20.0,9.0,0.0,12.0,0.0,3.0,1.0,8.0,1.0,0.0,1.0,0.0,1.0,1.0,34.0,2.0,36.0,0.0,14.0,49.0,1.0,0.0,1.0,112.0,1.0,1.0,1.0,32.0,40.0,1.0,134.0,1.0,5308.0,2
41.0,4.0,109.0,14.0,13.0,1.0,4.0,14.0,11.0,1.0,1.0,1.0,3.0,15.0,13.0,45.0,4.0,33.0,20.0,9.0,1.0,12.0,1.0,1.0,1.0,6.0,1.0,107.0,1.0,10.0,1.0,1.0,35.0,0.0,36.0,5.0,14.0,49.0,0.0,0.0,14.0,112.0,1.0,1.0,1.0,6.0,40.0,1.0,134.0,1.0,5308.0,2
46.0,3.0,168.0,4.0,13.0,0.0,2.0,14.0,11.0,1.0,0.0,1.0,2.0,15.0,13.0,45.0,5.0,33.0,60.0,9.0,3.0,12.0,1.0,0.0,1.0,8.0,1.0,166.0,1.0,7.0,1.0,1.0,44.0,2.0,36.0,4.0,14.0,49.0,0.0,0.0,21.0,112.0,1.0,1.0,1.0,19.0,44.0,1.0,134.0,1.0,5308.0,2
41.0,3.0,78.0,21.0,32.0,1.0,4.0,14.0,7.0,1.0,0.0,1.0,4.0,15.0,34.0,45.0,6.0,33.0,20.0,9.0,4.0,12.0,1.0,0.0,1.0,8.0,0.0,78.0,0.0,6.0,1.0,1.0,46.0,2.0,36.0,5.0,14.0,49.0,1.0,0.0,3.0,112.0,1.0,0.0,1.0,34.0,46.0,1.0,58.0,1.0,5308.0,2
41.0,3.0,34.0,21.0,13.0,1.0,4.0,14.0,2.0,1.0,0.0,1.0,4.0,15.0,13.0,45.0,0.0,33.0,8.0,9.0,1.0,12.0,1.0,0.0,1.0,8.0,1.0,34.0,0.0,2.0,0.0,1.0,40.0,2.0,36.0,5.0,14.0,49.0,1.0,0.0,2.0,34.0,1.0,0.0,0.0,15.0,40.0,1.0,117.0,1.0,5308.0,2
41.0,3.0,112.0,21.0,3.0,1.0,4.0,4.0,6.0,1.0,1.0,1.0,4.0,15.0,5.0,45.0,15.0,33.0,20.0,9.0,9.0,4.0,1.0,0.0,1.0,8.0,0.0,110.0,0.0,9.0,0.0,1.0,48.0,2.0,36.0,5.0,14.0,49.0,1.0,0.0,16.0,3.0,1.0,0.0,1.0,5.0,40.0,1.0,38.0,1.0,5308.0,2
41.0,3.0,13.0,21.0,13.0,1.0,4.0,14.0,2.0,1.0,0.0,1.0,4.0,15.0,13.0,45.0,0.0,33.0,8.0,9.0,1.0,12.0,1.0,0.0,1.0,8.0,1.0,13.0,0.0,2.0,0.0,1.0,784.0,2.0,36.0,5.0,14.0,49.0,1.0,0.0,2.0,13.0,1.0,0.0,0.0,15.0,784.0,1.0,96.0,1.0,5308.0,2
41.0,3.0,17.0,21.0,13.0,1.0,4.0,14.0,2.0,1.0,0.0,1.0,4.0,15.0,13.0,45.0,0.0,33.0,8.0,9.0,1.0,12.0,1.0,0.0,1.0,8.0,1.0,17.0,0.0,2.0,0.0,1.0,1751.0,2.0,36.0,5.0,14.0,49.0,1.0,0.0,2.0,17.0,1.0,0.0,0.0,15.0,1751.0,1.0,100.0,1.0,5308.0,2
41.0,3.0,112.0,21.0,3.0,1.0,4.0,4.0,6.0,1.0,1.0,1.0,4.0,15.0,5.0,45.0,15.0,33.0,20.0,9.0,9.0,4.0,1.0,0.0,1.0,8.0,0.0,110.0,0.0,9.0,0.0,1.0,1420.0,2.0,36.0,5.0,14.0,1421.0,1.0,0.0,16.0,3.0,1.0,0.0,1.0,5.0,40.0,1.0,38.0,1.0,5308.0,2
41.0,3.0,18.0,21.0,13.0,1.0,4.0,14.0,2.0,1.0,0.0,1.0,4.0,15.0,13.0,45.0,0.0,33.0,8.0,9.0,1.0,12.0,1.0,0.0,1.0,8.0,1.0,18.0,0.0,2.0,0.0,1.0,2921.0,2.0,36.0,5.0,14.0,49.0,1.0,0.0,2.0,18.0,1.0,0.0,0.0,15.0,2921.0,1.0,101.0,1.0,5308.0,2
41.0,3.0,27.0,21.0,13.0,1.0,4.0,14.0,2.0,1.0,0.0,1.0,4.0,15.0,13.0,45.0,0.0,33.0,8.0,9.0,1.0,12.0,1.0,0.0,1.0,8.0,1.0,27.0,0.0,2.0,0.0,1.0,334.0,2.0,36.0,5.0,14.0,49.0,1.0,0.0,2.0,27.0,1.0,0.0,0.0,15.0,334.0,1.0,110.0,1.0,5308.0,2
41.0,3.0,18.0,21.0,13.0,1.0,4.0,14.0,2.0,1.0,0.0,1.0,4.0,15.0,13.0,45.0,0.0,33.0,8.0,9.0,1.0,12.0,1.0,0.0,1.0,8.0,1.0,18.0,0.0,2.0,0.0,1.0,2921.0,2.0,36.0,5.0,14.0,49.0,1.0,0.0,2.0,18.0,1.0,0.0,0.0,15.0,2921.0,1.0,101.0,1.0,5308.0,2
41.0,3.0,112.0,21.0,3.0,1.0,4.0,4.0,6.0,1.0,1.0,1.0,4.0,15.0,5.0,45.0,15.0,33.0,20.0,9.0,9.0,4.0,1.0,0.0,1.0,8.0,0.0,110.0,0.0,9.0,0.0,1.0,1817.0,2.0,36.0,5.0,14.0,1818.0,1.0,0.0,16.0,3.0,1.0,0.0,1.0,5.0,40.0,1.0,38.0,1.0,5308.0,2
41.0,1.0,92.0,1.0,13.0,1.0,4.0,14.0,11.0,1.0,0.0,1.0,1.0,1.0,13.0,45.0,3.0,33.0,28.0,9.0,5.0,12.0,1.0,0.0,1.0,8.0,1.0,92.0,1.0,5.0,1.0,1.0,40.0,2.0,36.0,5.0,14.0,49.0,0.0,0.0,5.0,112.0,1.0,1.0,1.0,1.0,40.0,1.0,134.0,1.0,5308.0,2
41.0,0.0,96.0,21.0,13.0,1.0,4.0,14.0,11.0,1.0,1.0,1.0,0.0,15.0,13.0,45.0,1.0,33.0,20.0,9.0,0.0,12.0,1.0,4.0,1.0,8.0,1.0,167.0,1.0,8.0,1.0,1.0,34.0,2.0,36.0,5.0,14.0,49.0,0.0,1.0,11.0,112.0,1.0,1.0,1.0,1.0,40.0,1.0,134.0,1.0,5308.0,2
41.0,3.0,170.0,21.0,13.0,1.0,4.0,14.0,11.0,1.0,1.0,1.0,4.0,15.0,13.0,45.0,16.0,33.0,20.0,9.0,3.0,12.0,1.0,4.0,1.0,8.0,1.0,167.0,1.0,10.0,1.0,1.0,34.0,2.0,36.0,5.0,14.0,49.0,1.0,1.0,25.0,112.0,1.0,1.0,1.0,14.0,40.0,1.0,134.0,1.0,5308.0,0
41.0,3.0,171.0,7.0,13.0,1.0,4.0,14.0,11.0,1.0,1.0,1.0,2.0,15.0,13.0,45.0,16.0,12.0,20.0,9.0,3.0,12.0,1.0,4.0,1.0,8.0,1.0,167.0,1.0,10.0,1.0,1.0,40.0,1.0,9.0,5.0,14.0,49.0,0.0,1.0,26.0,112.0,0.0,1.0,1.0,14.0,40.0,1.0,134.0,1.0,5308.0,0
34.0,1.0,97.0,3.0,13.0,1.0,4.0,14.0,11.0,1.0,1.0,1.0,1.0,15.0,13.0,45.0,10.0,33.0,20.0,9.0,1.0,12.0,0.0,4.0,1.0,8.0,1.0,167.0,1.0,3.0,1.0,1.0,34.0,2.0,36.0,2.0,14.0,49.0,0.0,1.0,12.0,112.0,1.0,1.0,1.0,14.0,40.0,0.0,134.0,1.0,5308.0,0
34.0,3.0,0.0,21.0,13.0,1.0,4.0,14.0,11.0,1.0,1.0,1.0,4.0,15.0,13.0,45.0,9.0,33.0,20.0,9.0,0.0,12.0,0.0,3.0,1.0,8.0,1.0,0.0,1.0,0.0,1.0,1.0,34.0,2.0,36.0,0.0,14.0,49.0,1.0,0.0,1.0,112.0,1.0,1.0,1.0,32.0,40.0,1.0,134.0,1.0,5308.0,0
41.0,4.0,109.0,14.0,13.0,1.0,4.0,14.0,11.0,1.0,1.0,1.0,3.0,15.0,13.0,45.0,4.0,33.0,20.0,9.0,1.0,12.0,1.0,1.0,1.0,6.0,1.0,107.0,1.0,10.0,1.0,1.0,35.0,0.0,36.0,5.0,14.0,49.0,0.0,0.0,14.0,112.0,1.0,1.0,1.0,6.0,40.0,1.0,134.0,1.0,5308.0,0
46.0,3.0,168.0,4.0,13.0,0.0,2.0,14.0,11.0,1.0,0.0,1.0,2.0,15.0,13.0,45.0,5.0,33.0,60.0,9.0,3.0,12.0,1.0,0.0,1.0,8.0,1.0,166.0,1.0,7.0,1.0,1.0,44.0,2.0,36.0,4.0,14.0,49.0,0.0,0.0,21.0,112.0,1.0,1.0,1.0,19.0,44.0,1.0,134.0,1.0,5308.0,0
41.0,3.0,61.0,21.0,21.0,1.0,4.0,14.0,4.0,1.0,0.0,1.0,4.0,15.0,23.0,45.0,6.0,33.0,20.0,9.0,4.0,12.0,1.0,0.0,1.0,8.0,0.0,61.0,0.0,6.0,1.0,1.0,46.0,2.0,36.0,5.0,14.0,49.0,1.0,0.0,3.0,112.0,1.0,0.0,1.0,23.0,46.0,1.0,0.0,1.0,5308.0,0
41.0,3.0,36.0,21.0,36.0,1.0,4.0,37.0,8.0,1.0,0.0,1.0,4.0,38.0,13.0,45.0,0.0,33.0,8.0,9.0,1.0,12.0,1.0,0.0,1.0,8.0,1.0,36.0,0.0,2.0,0.0,1.0,40.0,2.0,36.0,5.0,37.0,49.0,1.0,0.0,2.0,52.0,1.0,1.0,0.0,38.0,40.0,1.0,4.0,1.0,5308.0,0
41.0,3.0,136.0,21.0,11.0,1.0,4.0,12.0,0.0,1.0,1.0,1.0,4.0,15.0,13.0,45.0,15.0,33.0,20.0,9.0,9.0,12.0,1.0,0.0,1.0,8.0,0.0,134.0,0.0,9.0,0.0,1.0,48.0,2.0,36.0,5.0,14.0,49.0,1.0,0.0,16.0,74.0,1.0,1.0,1.0,13.0,40.0,1.0,26.0,1.0,5308.0,0
41.0,3.0,31.0,21.0,13.0,1.0,4.0,14.0,2.0,1.0,0.0,1.0,4.0,15.0,13.0,45.0,0.0,33.0,8.0,9.0,1.0,12.0,1.0,0.0,1.0,8.0,1.0,31.0,0.0,2.0,0.0,1.0,40.0,2.0,36.0,5.0,14.0,49.0,1.0,0.0,2.0,31.0,1.0,0.0,0.0,15.0,40.0,1.0,114.0,1.0,5308.0,0
41.0,3.0,118.0,21.0,8.0,1.0,4.0,9.0,10.0,1.0,1.0,1.0,4.0,15.0,10.0,45.0,15.0,33.0,20.0,9.0,9.0,9.0,1.0,0.0,1.0,8.0,0.0,116.0,0.0,9.0,0.0,1.0,48.0,2.0,36.0,5.0,14.0,49.0,1.0,0.0,16.0,40.0,1.0,1.0,1.0,10.0,40.0,1.0,123.0,1.0,5308.0,0
41.0,0.0,93.0,0.0,13.0,0.0,1.0,14.0,11.0,0.0,0.0,1.0,0.0,2.0,13.0,41.0,7.0,33.0,30.0,9.0,6.0,12.0,1.0,0.0,1.0,8.0,1.0,93.0,1.0,2.0,1.0,1.0,40.0,2.0,36.0,5.0,14.0,49.0,0.0,0.0,7.0,112.0,1.0,1.0,1.0,2.0,40.0,1.0,134.0,0.0,5308.0,0
41.0,3.0,92.0,21.0,13.0,1.0,4.0,14.0,11.0,1.0,0.0,0.0,4.0,15.0,1.0,45.0,8.0,33.0,28.0,9.0,5.0,12.0,1.0,2.0,1.0,8.0,0.0,92.0,1.0,9.0,1.0,1.0,50.0,2.0,36.0,5.0,14.0,49.0,1.0,0.0,5.0,112.0,1.0,1.0,1.0,1.0,50.0,1.0,134.0,1.0,5308.0,0
41.0,3.0,94.0,21.0,13.0,1.0,4.0,14.0,11.0,1.0,0.0,1.0,4.0,2.0,13.0,45.0,11.0,33.0,38.0,9.0,7.0,12.0,1.0,0.0,1.0,8.0,1.0,94.0,1.0,2.0,1.0,0.0,40.0,2.0,36.0,0.0,14.0,49.0,1.0,0.0,9.0,112.0,1.0,1.0,1.0,2.0,40.0,1.0,134.0,1.0,5308.0,0
49.0,3.0,95.0,21.0,13.0,1.0,4.0,14.0,11.0,1.0,0.0,1.0,4.0,15.0,14.0,45.0,12.0,33.0,38.0,9.0,7.0,12.0,1.0,0.0,0.0,8.0,0.0,95.0,1.0,0.0,1.0,1.0,48.0,2.0,36.0,1.0,14.0,49.0,1.0,0.0,9.0,112.0,1.0,1.0,1.0,14.0,48.0,1.0,134.0,1.0,5308.0,0
43.0,4.0,84.0,17.0,13.0,0.0,3.0,14.0,11.0,1.0,0.0,1.0,3.0,106.0,13.0,42.0,2.0,33.0,20.0,1.0,4.0,12.0,1.0,0.0,1.0,8.0,1.0,84.0,1.0,1.0,1.0,1.0,40.0,2.0,36.0,3.0,14.0,49.0,0.0,0.0,3.0,112.0,1.0,1.0,1.0,106.0,40.0,1.0,134.0,1.0,5308.0,0
41.0,3.0,154.0,21.0,13.0,1.0,4.0,14.0,2.0,1.0,1.0,1.0,4.0,15.0,15.0,45.0,15.0,33.0,20.0,9.0,9.0,14.0,1.0,0.0,1.0,8.0,0.0,152.0,0.0,9.0,0.0,1.0,61.0,2.0,36.0,5.0,14.0,62.0,1.0,0.0,16.0,101.0,1.0,1.0,1.0,15.0,40.0,1.0,86.0,1.0,5308.0,0
41.0,3.0,54.0,21.0,51.0,1.0,4.0,52.0,9.0,1.0,0.0,1.0,4.0,53.0,13.0,45.0,0.0,33.0,8.0,9.0,1.0,12.0,1.0,0.0,1.0,8.0,1.0,54.0,0.0,2.0,0.0,1.0,40.0,2.0,36.0,5.0,52.0,49.0,1.0,0.0,2.0,87.0,1.0,1.0,0.0,53.0,40.0,1.0,78.0,1.0,5308.0,0
41.0,1.0,92.0,1.0,13.0,1.0,4.0,14.0,11.0,1.0,0.0,1.0,1.0,1.0,13.0,45.0,3.0,33.0,28.0,9.0,5.0,12.0,1.0,0.0,1.0,8.0,1.0,92.0,1.0,5.0,1.0,1.0,40.0,2.0,36.0,5.0,14.0,49.0,0.0,0.0,5.0,112.0,1.0,1.0,1.0,1.0,40.0,1.0,134.0,1.0,5308.0,0
41.0,3.0,110.0,15.0,13.0,1.0,4.0,14.0,11.0,1.0,1.0,1.0,2.0,15.0,13.0,45.0,4.0,33.0,20.0,9.0,1.0,12.0,1.0,1.0,1.0,6.0,1.0,108.0,1.0,10.0,1.0,1.0,35.0,0.0,36.0,5.0,14.0,49.0,0.0,0.0,14.0,112.0,1.0,1.0,1.0,6.0,40.0,1.0,134.0,1.0,5308.0,0
46.0,3.0,168.0,4.0,13.0,0.0,2.0,14.0,11.0,1.0,0.0,1.0,2.0,15.0,13.0,45.0,5.0,33.0,60.0,9.0,3.0,12.0,1.0,0.0,1.0,8.0,1.0,166.0,1.0,7.0,1.0,1.0,44.0,2.0,36.0,4.0,14.0,49.0,0.0,0.0,21.0,112.0,1.0,1.0,1.0,19.0,44.0,1.0,134.0,1.0,5308.0,0
41.0,3.0,171.0,7.0,13.0,1.0,4.0,14.0,11.0,1.0,1.0,1.0,2.0,15.0,13.0,45.0,16.0,24.0,20.0,9.0,3.0,12.0,1.0,4.0,1.0,8.0,1.0,167.0,1.0,10.0,1.0,1.0,40.0,1.0,15.0,5.0,14.0,49.0,0.0,1.0,26.0,112.0,0.0,1.0,1.0,14.0,40.0,1.0,134.0,1.0,5308.0,0
34.0,1.0,97.0,3.0,13.0,1.0,4.0,14.0,11.0,1.0,1.0,1.0,1.0,15.0,13.0,45.0,10.0,33.0,20.0,9.0,1.0,12.0,0.0,4.0,1.0,8.0,1.0,167.0,1.0,3.0,1.0,1.0,34.0,2.0,36.0,2.0,14.0,49.0,0.0,1.0,12.0,112.0,1.0,1.0,1.0,14.0,40.0,0.0,134.0,1.0,5308.0,0
34.0,3.0,0.0,21.0,13.0,1.0,4.0,14.0,11.0,1.0,1.0,1.0,4.0,15.0,13.0,45.0,9.0,33.0,20.0,9.0,0.0,12.0,0.0,3.0,1.0,8.0,1.0,0.0,1.0,0.0,1.0,1.0,34.0,2.0,36.0,0.0,14.0,49.0,1.0,0.0,1.0,112.0,1.0,1.0,1.0,32.0,40.0,1.0,134.0,1.0,5308.0,0
41.0,4.0,101.0,12.0,13.0,1.0,4.0,14.0,11.0,1.0,1.0,1.0,3.0,15.0,13.0,45.0,4.0,33.0,20.0,9.0,1.0,12.0,1.0,1.0,1.0,1.0,1.0,99.0,1.0,10.0,1.0,1.0,35.0,0.0,36.0,5.0,14.0,49.0,0.0,0.0,14.0,112.0,1.0,1.0,1.0,6.0,40.0,1.0,134.0,1.0,5308.0,0
46.0,3.0,168.0,4.0,13.0,0.0,2.0,14.0,11.0,1.0,0.0,1.0,2.0,15.0,13.0,45.0,5.0,33.0,60.0,9.0,3.0,12.0,1.0,0.0,1.0,8.0,1.0,166.0,1.0,7.0,1.0,1.0,44.0,2.0,36.0,4.0,14.0,49.0,0.0,0.0,21.0,112.0,1.0,1.0,1.0,19.0,44.0,1.0,134.0,1.0,5308.0,0
41.0,3.0,77.0,21.0,32.0,1.0,4.0,14.0,7.0,1.0,0.0,1.0,4.0,15.0,34.0,45.0,6.0,33.0,20.0,9.0,4.0,12.0,1.0,0.0,1.0,8.0,0.0,77.0,0.0,6.0,1.0,1.0,46.0,2.0,36.0,5.0,14.0,49.0,1.0,0.0,3.0,112.0,1.0,0.0,1.0,34.0,46.0,1.0,57.0,1.0,5308.0,0
41.0,3.0,3.0,21.0,3.0,1.0,4.0,4.0,6.0,1.0,0.0,1.0,4.0,5.0,13.0,45.0,0.0,33.0,8.0,9.0,1.0,12.0,1.0,0.0,1.0,8.0,1.0,3.0,0.0,2.0,0.0,1.0,40.0,2.0,36.0,5.0,4.0,49.0,1.0,0.0,2.0,2.0,1.0,0.0,0.0,5.0,40.0,1.0,36.0,1.0,5308.0,0
41.0,3.0,145.0,21.0,11.0,1.0,4.0,12.0,0.0,1.0,1.0,1.0,4.0,15.0,13.0,45.0,15.0,33.0,20.0,9.0,9.0,12.0,1.0,0.0,1.0,8.0,0.0,143.0,0.0,9.0,0.0,1.0,48.0,2.0,36.0,5.0,14.0,49.0,1.0,0.0,16.0,83.0,1.0,1.0,1.0,13.0,40.0,1.0,37.0,1.0,5308.0,0
41.0,3.0,38.0,21.0,36.0,1.0,4.0,37.0,8.0,1.0,0.0,1.0,4.0,38.0,13.0,45.0,0.0,33.0,8.0,9.0,1.0,12.0,1.0,0.0,1.0,8.0,1.0,38.0,0.0,2.0,0.0,1.0,40.0,2.0,36.0,5.0,37.0,49.0,1.0,0.0,2.0,54.0,1.0,1.0,0.0,38.0,40.0,1.0,6.0,1.0,5308.0,0
41.0,3.0,140.0,21.0,11.0,1.0,4.0,12.0,0.0,1.0,1.0,1.0,4.0,15.0,13.0,45.0,15.0,33.0,20.0,9.0,9.0,12.0,1.0,0.0,1.0,8.0,0.0,138.0,0.0,9.0,0.0,1.0,48.0,2.0,36.0,5.0,14.0,49.0,1.0,0.0,16.0,78.0,1.0,1.0,1.0,13.0,40.0,1.0,30.0,1.0,5308.0,0
41.0,3.0,22.0,21.0,13.0,1.0,4.0,14.0,2.0,1.0,0.0,1.0,4.0,15.0,13.0,45.0,0.0,33.0,8.0,9.0,1.0,12.0,1.0,0.0,1.0,8.0,1.0,22.0,0.0,2.0,0.0,1.0,40.0,2.0,36.0,5.0,14.0,49.0,1.0,0.0,2.0,22.0,1.0,0.0,0.0,15.0,40.0,1.0,105.0,1.0,5308.0,0
41.0,3.0,123.0,21.0,8.0,1.0,4.0,9.0,10.0,1.0,1.0,1.0,4.0,15.0,10.0,45.0,15.0,33.0,20.0,9.0,9.0,9.0,1.0,0.0,1.0,8.0,0.0,121.0,0.0,9.0,0.0,1.0,50.0,2.0,36.0,5.0,14.0,51.0,1.0,0.0,16.0,45.0,1.0,1.0,1.0,10.0,40.0,1.0,128.0,1.0,5308.0,0
41.0,0.0,93.0,0.0,13.0,0.0,1.0,14.0,11.0,0.0,0.0,1.0,0.0,2.0,13.0,41.0,7.0,33.0,30.0,9.0,6.0,12.0,1.0,0.0,1.0,8.0,1.0,93.0,1.0,2.0,1.0,1.0,40.0,2.0,36.0,5.0,14.0,49.0,0.0,0.0,7.0,112.0,1.0,1.0,1.0,2.0,40.0,1.0,134.0,0.0,5308.0,0
41.0,3.0,92.0,21.0,13.0,1.0,4.0,14.0,11.0,1.0,0.0,0.0,4.0,15.0,1.0,45.0,8.0,33.0,28.0,9.0,5.0,12.0,1.0,2.0,1.0,8.0,0.0,92.0,1.0,9.0,1.0,1.0,48.0,2.0,36.0,5.0,14.0,49.0,1.0,0.0,5.0,112.0,1.0,1.0,1.0,1.0,48.0,1.0,134.0,1.0,5308.0,0
41.0,3.0,94.0,21.0,13.0,1.0,4.0,14.0,11.0,1.0,0.0,1.0,4.0,2.0,13.0,45.0,11.0,33.0,38.0,9.0,7.0,12.0,1.0,0.0,1.0,8.0,1.0,94.0,1.0,2.0,1.0,0.0,40.0,2.0,36.0,0.0,14.0,49.0,1.0,0.0,9.0,112.0,1.0,1.0,1.0,2.0,40.0,1.0,134.0,1.0,5308.0,0
49.0,3.0,95.0,21.0,13.0,1.0,4.0,14.0,11.0,1.0,0.0,1.0,4.0,15.0,14.0,45.0,12.0,33.0,38.0,9.0,7.0,12.0,1.0,0.0,0.0,8.0,0.0,95.0,1.0,0.0,1.0,1.0,48.0,2.0,36.0,1.0,14.0,49.0,1.0,0.0,9.0,112.0,1.0,1.0,1.0,14.0,48.0,1.0,134.0,1.0,5308.0,0
43.0,4.0,88.0,17.0,13.0,0.0,3.0,14.0,11.0,1.0,0.0,1.0,3.0,106.0,13.0,42.0,2.0,33.0,20.0,5.0,4.0,12.0,1.0,0.0,1.0,8.0,1.0,88.0,1.0,1.0,1.0,1.0,40.0,2.0,36.0,3.0,14.0,49.0,0.0,0.0,3.0,112.0,1.0,1.0,1.0,106.0,40.0,1.0,134.0,1.0,5308.0,0
41.0,3.0,153.0,21.0,13.0,1.0,4.0,14.0,2.0,1.0,1.0,1.0,4.0,15.0,15.0,45.0,15.0,33.0,20.0,9.0,9.0,14.0,1.0,0.0,1.0,8.0,0.0,151.0,0.0,9.0,0.0,1.0,61.0,2.0,36.0,5.0,14.0,62.0,1.0,0.0,16.0,100.0,1.0,1.0,1.0,15.0,40.0,1.0,80.0,1.0,5308.0,0
41.0,3.0,59.0,21.0,51.0,1.0,4.0,52.0,9.0,1.0,0.0,1.0,4.0,53.0,13.0,45.0,0.0,33.0,8.0,9.0,1.0,12.0,1.0,0.0,1.0,8.0,1.0,59.0,0.0,2.0,0.0,1.0,40.0,2.0,36.0,5.0,52.0,49.0,1.0,0.0,2.0,92.0,1.0,1.0,0.0,53.0,40.0,1.0,85.0,1.0,5308.0,0
41.0,1.0,92.0,1.0,13.0,1.0,4.0,14.0,11.0,1.0,0.0,1.0,1.0,1.0,13.0,45.0,3.0,33.0,28.0,9.0,5.0,12.0,1.0,0.0,1.0,8.0,1.0,92.0,1.0,5.0,1.0,1.0,40.0,2.0,36.0,5.0,14.0,49.0,0.0,0.0,5.0,112.0,1.0,1.0,1.0,1.0,40.0,1.0,134.0,1.0,5308.0,0
41.0,4.0,98.0,11.0,13.0,1.0,4.0,14.0,11.0,1.0,1.0,1.0,3.0,15.0,13.0,45.0,4.0,33.0,20.0,9.0,1.0,12.0,1.0,1.0,1.0,0.0,1.0,96.0,1.0,10.0,1.0,1.0,35.0,0.0,36.0,5.0,14.0,49.0,0.0,0.0,14.0,112.0,1.0,1.0,1.0,6.0,40.0,1.0,134.0,1.0,5308.0,6
46.0,3.0,168.0,4.0,13.0,0.0,2.0,14.0,11.0,1.0,0.0,1.0,2.0,15.0,13.0,45.0,5.0,33.0,60.0,9.0,3.0,12.0,1.0,0.0,1.0,8.0,1.0,166.0,1.0,7.0,1.0,1.0,44.0,2.0,36.0,4.0,14.0,49.0,0.0,0.0,21.0,112.0,1.0,1.0,1.0,19.0,44.0,1.0,134.0,1.0,5308.0,6
41.0,3.0,68.0,21.0,28.0,1.0,4.0,14.0,5.0,1.0,0.0,1.0,4.0,15.0,30.0,45.0,6.0,33.0,20.0,9.0,4.0,12.0,1.0,0.0,1.0,8.0,0.0,68.0,0.0,6.0,1.0,1.0,46.0,2.0,36.0,5.0,14.0,49.0,1.0,0.0,3.0,112.0,1.0,0.0,1.0,30.0,46.0,1.0,64.0,1.0,5308.0,6
41.0,3.0,2.0,21.0,3.0,1.0,4.0,4.0,6.0,1.0,0.0,1.0,4.0,5.0,13.0,45.0,0.0,33.0,8.0,9.0,1.0,12.0,1.0,0.0,1.0,8.0,1.0,2.0,0.0,2.0,0.0,1.0,40.0,2.0,36.0,5.0,4.0,49.0,1.0,0.0,2.0,1.0,1.0,0.0,0.0,5.0,40.0,1.0,2.0,1.0,5308.0,6
41.0,3.0,171.0,6.0,13.0,1.0,4.0,14.0,11.0,1.0,1.0,1.0,2.0,15.0,13.0,45.0,16.0,9.0,20.0,9.0,3.0,12.0,1.0,4.0,1.0,8.0,1.0,167.0,1.0,10.0,1.0,1.0,40.0,1.0,2.0,5.0,14.0,49.0,0.0,1.0,26.0,112.0,0.0,1.0,1.0,14.0,40.0,1.0,134.0,1.0,5308.0,6
34.0,1.0,97.0,3.0,13.0,1.0,4.0,14.0,11.0,1.0,1.0,1.0,1.0,15.0,13.0,45.0,10.0,33.0,20.0,9.0,1.0,12.0,0.0,4.0,1.0,8.0,1.0,167.0,1.0,3.0,1.0,1.0,34.0,2.0,36.0,2.0,14.0,49.0,0.0,1.0,12.0,112.0,1.0,1.0,1.0,14.0,40.0,0.0,134.0,1.0,5308.0,6
41.0,3.0,159.0,21.0,32.0,1.0,4.0,33.0,7.0,1.0,1.0,1.0,4.0,15.0,34.0,45.0,15.0,33.0,20.0,9.0,9.0,33.0,1.0,0.0,1.0,8.0,0.0,157.0,0.0,9.0,0.0,1.0,46.0,2.0,36.0,5.0,14.0,47.0,1.0,0.0,16.0,106.0,1.0,4.0,1.0,34.0,40.0,1.0,49.0,1.0,5308.0,6
41.0,1.0,92.0,1.0,13.0,1.0,4.0,14.0,11.0,1.0,0.0,1.0,1.0,1.0,13.0,45.0,3.0,33.0,28.0,9.0,5.0,12.0,1.0,0.0,1.0,8.0,1.0,92.0,1.0,5.0,1.0,1.0,40.0,2.0,36.0,5.0,14.0,49.0,0.0,0.0,5.0,112.0,1.0,1.0,1.0,1.0,40.0,1.0,134.0,1.0,5308.0,6
41.0,3.0,171.0,8.0,13.0,1.0,4.0,14.0,11.0,1.0,1.0,1.0,2.0,15.0,13.0,45.0,16.0,3.0,20.0,9.0,3.0,12.0,1.0,4.0,1.0,8.0,1.0,167.0,1.0,10.0,1.0,1.0,40.0,1.0,19.0,5.0,14.0,49.0,0.0,1.0,26.0,112.0,0.0,1.0,1.0,14.0,40.0,1.0,134.0,1.0,5308.0,6
34.0,1.0,97.0,3.0,13.0,1.0,4.0,14.0,11.0,1.0,1.0,1.0,1.0,15.0,13.0,45.0,10.0,33.0,20.0,9.0,1.0,12.0,0.0,4.0,1.0,8.0,1.0,167.0,1.0,3.0,1.0,1.0,34.0,2.0,36.0,2.0,14.0,49.0,0.0,1.0,12.0,112.0,1.0,1.0,1.0,14.0,40.0,0.0,134.0,1.0,5308.0,6
34.0,3.0,0.0,21.0,13.0,1.0,4.0,14.0,11.0,1.0,1.0,1.0,4.0,15.0,13.0,45.0,9.0,33.0,20.0,9.0,0.0,12.0,0.0,3.0,1.0,8.0,1.0,0.0,1.0,0.0,1.0,1.0,34.0,2.0,36.0,0.0,14.0,49.0,1.0,0.0,1.0,112.0,1.0,1.0,1.0,32.0,40.0,1.0,134.0,1.0,5308.0,6
41.0,4.0,98.0,11.0,13.0,1.0,4.0,14.0,11.0,1.0,1.0,1.0,3.0,15.0,13.0,45.0,4.0,33.0,20.0,9.0,1.0,12.0,1.0,1.0,1.0,0.0,1.0,96.0,1.0,10.0,1.0,1.0,35.0,0.0,36.0,5.0,14.0,49.0,0.0,0.0,14.0,112.0,1.0,1.0,1.0,6.0,40.0,1.0,134.0,1.0,5308.0,6
46.0,3.0,168.0,4.0,13.0,0.0,2.0,14.0,11.0,1.0,0.0,1.0,2.0,15.0,13.0,45.0,5.0,33.0,60.0,9.0,3.0,12.0,1.0,0.0,1.0,8.0,1.0,166.0,1.0,7.0,1.0,1.0,44.0,2.0,36.0,4.0,14.0,49.0,0.0,0.0,21.0,112.0,1.0,1.0,1.0,19.0,44.0,1.0,134.0,1.0,5308.0,6
41.0,3.0,80.0,21.0,32.0,1.0,4.0,14.0,7.0,1.0,0.0,1.0,4.0,15.0,34.0,45.0,6.0,33.0,20.0,9.0,4.0,12.0,1.0,0.0,1.0,8.0,0.0,80.0,0.0,6.0,1.0,1.0,46.0,2.0,36.0,5.0,14.0,49.0,1.0,0.0,3.0,112.0,1.0,0.0,1.0,34.0,46.0,1.0,66.0,1.0,5308.0,6
41.0,3.0,3.0,21.0,3.0,1.0,4.0,4.0,6.0,1.0,0.0,1.0,4.0,5.0,13.0,45.0,0.0,33.0,8.0,9.0,1.0,12.0,1.0,0.0,1.0,8.0,1.0,3.0,0.0,2.0,0.0,1.0,40.0,2.0,36.0,5.0,4.0,49.0,1.0,0.0,2.0,2.0,1.0,0.0,0.0,5.0,40.0,1.0,36.0,1.0,5308.0,6
41.0,3.0,145.0,21.0,11.0,1.0,4.0,12.0,0.0,1.0,1.0,1.0,4.0,15.0,13.0,45.0,15.0,33.0,20.0,9.0,9.0,12.0,1.0,0.0,1.0,8.0,0.0,143.0,0.0,9.0,0.0,1.0,48.0,2.0,36.0,5.0,14.0,49.0,1.0,0.0,16.0,83.0,1.0,1.0,1.0,13.0,40.0,1.0,37.0,1.0,5308.0,6
41.0,3.0,40.0,21.0,36.0,1.0,4.0,37.0,8.0,1.0,0.0,1.0,4.0,38.0,13.0,45.0,0.0,33.0,8.0,9.0,1.0,12.0,1.0,0.0,1.0,8.0,1.0,40.0,0.0,2.0,0.0,1.0,40.0,2.0,36.0,5.0,37.0,49.0,1.0,0.0,2.0,56.0,1.0,1.0,0.0,38.0,40.0,1.0,8.0,1.0,5308.0,6
41.0,3.0,135.0,21.0,11.0,1.0,4.0,12.0,0.0,1.0,1.0,1.0,4.0,15.0,13.0,45.0,15.0,33.0,20.0,9.0,9.0,12.0,1.0,0.0,1.0,8.0,0.0,133.0,0.0,9.0,0.0,1.0,48.0,2.0,36.0,5.0,14.0,49.0,1.0,0.0,16.0,73.0,1.0,1.0,1.0,13.0,40.0,1.0,25.0,1.0,5308.0,6
41.0,3.0,14.0,21.0,13.0,1.0,4.0,14.0,2.0,1.0,0.0,1.0,4.0,15.0,13.0,45.0,0.0,33.0,8.0,9.0,1.0,12.0,1.0,0.0,1.0,8.0,1.0,14.0,0.0,2.0,0.0,1.0,40.0,2.0,36.0,5.0,14.0,49.0,1.0,0.0,2.0,14.0,1.0,0.0,0.0,15.0,40.0,1.0,97.0,1.0,5308.0,6
41.0,3.0,128.0,21.0,8.0,1.0,4.0,9.0,10.0,1.0,1.0,1.0,4.0,15.0,10.0,45.0,15.0,33.0,20.0,9.0,9.0,9.0,1.0,0.0,1.0,8.0,0.0,126.0,0.0,9.0,0.0,1.0,50.0,2.0,36.0,5.0,14.0,51.0,1.0,0.0,16.0,50.0,1.0,1.0,1.0,10.0,40.0,1.0,133.0,1.0,5308.0,6
41.0,3.0,171.0,9.0,13.0,1.0,4.0,14.0,11.0,1.0,1.0,1.0,2.0,15.0,13.0,45.0,16.0,29.0,20.0,9.0,3.0,12.0,1.0,4.0,1.0,8.0,1.0,167.0,1.0,10.0,1.0,1.0,40.0,1.0,33.0,5.0,14.0,49.0,0.0,1.0,26.0,112.0,0.0,1.0,1.0,14.0,40.0,1.0,134.0,1.0,5308.0,6
34.0,1.0,97.0,3.0,13.0,1.0,4.0,14.0,11.0,1.0,1.0,1.0,1.0,15.0,13.0,45.0,10.0,33.0,20.0,9.0,1.0,12.0,0.0,4.0,1.0,8.0,1.0,167.0,1.0,3.0,1.0,1.0,34.0,2.0,36.0,2.0,14.0,49.0,0.0,1.0,12.0,112.0,1.0,1.0,1.0,14.0,40.0,0.0,134.0,1.0,5308.0,6
41.0,3.0,158.0,21.0,32.0,1.0,4.0,33.0,7.0,1.0,1.0,1.0,4.0,15.0,34.0,45.0,15.0,33.0,20.0,9.0,9.0,33.0,1.0,0.0,1.0,8.0,0.0,156.0,0.0,9.0,0.0,1.0,46.0,2.0,36.0,5.0,14.0,47.0,1.0,0.0,16.0,105.0,1.0,4.0,1.0,34.0,40.0,1.0,48.0,1.0,5308.0,6
41.0,1.0,92.0,1.0,13.0,1.0,4.0,14.0,11.0,1.0,0.0,1.0,1.0,1.0,13.0,45.0,3.0,33.0,28.0,9.0,5.0,12.0,1.0,0.0,1.0,8.0,1.0,92.0,1.0,5.0,1.0,1.0,40.0,2.0,36.0,5.0,14.0,49.0,0.0,0.0,5.0,112.0,1.0,1.0,1.0,1.0,40.0,1.0,134.0,1.0,5308.0,6
41.0,3.0,171.0,7.0,13.0,1.0,4.0,14.0,11.0,1.0,1.0,1.0,2.0,15.0,13.0,45.0,16.0,21.0,20.0,9.0,3.0,12.0,1.0,4.0,1.0,8.0,1.0,167.0,1.0,10.0,1.0,1.0,40.0,1.0,13.0,5.0,14.0,49.0,0.0,1.0,26.0,112.0,0.0,1.0,1.0,14.0,40.0,1.0,134.0,1.0,5308.0,6
34.0,1.0,97.0,3.0,13.0,1.0,4.0,14.0,11.0,1.0,1.0,1.0,1.0,15.0,13.0,45.0,10.0,33.0,20.0,9.0,1.0,12.0,0.0,4.0,1.0,8.0,1.0,167.0,1.0,3.0,1.0,1.0,34.0,2.0,36.0,2.0,14.0,49.0,0.0,1.0,12.0,112.0,1.0,1.0,1.0,14.0,40.0,0.0,134.0,1.0,5308.0,6
34.0,3.0,0.0,21.0,13.0,1.0,4.0,14.0,11.0,1.0,1.0,1.0,4.0,15.0,13.0,45.0,9.0,33.0,20.0,9.0,0.0,12.0,0.0,3.0,1.0,8.0,1.0,0.0,1.0,0.0,1.0,1.0,34.0,2.0,36.0,0.0,14.0,49.0,1.0,0.0,1.0,112.0,1.0,1.0,1.0,32.0,40.0,1.0,134.0,1.0,5308.0,6
41.0,4.0,98.0,11.0,13.0,1.0,4.0,14.0,11.0,1.0,1.0,1.0,3.0,15.0,13.0,45.0,4.0,33.0,20.0,9.0,1.0,12.0,1.0,1.0,1.0,0.0,1.0,96.0,1.0,10.0,1.0,1.0,35.0,0.0,36.0,5.0,14.0,49.0,0.0,0.0,14.0,112.0,1.0,1.0,1.0,6.0,40.0,1.0,134.0,1.0,5308.0,6
46.0,3.0,168.0,4.0,13.0,0.0,2.0,14.0,11.0,1.0,0.0,1.0,2.0,15.0,13.0,45.0,5.0,33.0,60.0,9.0,3.0,12.0,1.0,0.0,1.0,8.0,1.0,166.0,1.0,7.0,1.0,1.0,44.0,2.0,36.0,4.0,14.0,49.0,0.0,0.0,21.0,112.0,1.0,1.0,1.0,19.0,44.0,1.0,134.0,1.0,5308.0,6
41.0,3.0,76.0,21.0,32.0,1.0,4.0,14.0,7.0,1.0,0.0,1.0,4.0,15.0,34.0,45.0,6.0,33.0,20.0,9.0,4.0,12.0,1.0,0.0,1.0,8.0,0.0,76.0,0.0,6.0,1.0,1.0,46.0,2.0,36.0,5.0,14.0,49.0,1.0,0.0,3.0,112.0,1.0,0.0,1.0,34.0,46.0,1.0,56.0,1.0,5308.0,6
41.0,3.0,3.0,21.0,3.0,1.0,4.0,4.0,6.0,1.0,0.0,1.0,4.0,5.0,13.0,45.0,0.0,33.0,8.0,9.0,1.0,12.0,1.0,0.0,1.0,8.0,1.0,3.0,0.0,2.0,0.0,1.0,40.0,2.0,36.0,5.0,4.0,49.0,1.0,0.0,2.0,2.0,1.0,0.0,0.0,5.0,40.0,1.0,36.0,1.0,5308.0,6
41.0,3.0,145.0,21.0,11.0,1.0,4.0,12.0,0.0,1.0,1.0,1.0,4.0,15.0,13.0,45.0,15.0,33.0,20.0,9.0,9.0,12.0,1.0,0.0,1.0,8.0,0.0,143.0,0.0,9.0,0.0,1.0,48.0,2.0,36.0,5.0,14.0,49.0,1.0,0.0,16.0,83.0,1.0,1.0,1.0,13.0,40.0,1.0,37.0,1.0,5308.0,6
41.0,3.0,37.0,21.0,36.0,1.0,4.0,37.0,8.0,1.0,0.0,1.0,4.0,38.0,13.0,45.0,0.0,33.0,8.0,9.0,1.0,12.0,1.0,0.0,1.0,8.0,1.0,37.0,0.0,2.0,0.0,1.0,40.0,2.0,36.0,5.0,37.0,49.0,1.0,0.0,2.0,53.0,1.0,1.0,0.0,38.0,40.0,1.0,5.0,1.0,5308.0,6
41.0,3.0,137.0,21.0,11.0,1.0,4.0,12.0,0.0,1.0,1.0,1.0,4.0,15.0,13.0,45.0,15.0,33.0,20.0,9.0,9.0,12.0,1.0,0.0,1.0,8.0,0.0,135.0,0.0,9.0,0.0,1.0,48.0,2.0,36.0,5.0,14.0,49.0,1.0,0.0,16.0,75.0,1.0,1.0,1.0,13.0,40.0,1.0,27.0,1.0,5308.0,6
41.0,3.0,7.0,21.0,13.0,1.0,4.0,14.0,2.0,1.0,0.0,1.0,4.0,15.0,13.0,45.0,0.0,33.0,8.0,9.0,1.0,12.0,1.0,0.0,1.0,8.0,1.0,7.0,0.0,2.0,0.0,1.0,40.0,2.0,36.0,5.0,14.0,49.0,1.0,0.0,2.0,7.0,1.0,0.0,0.0,15.0,40.0,1.0,90.0,1.0,5308.0,6
41.0,3.0,113.0,21.0,8.0,1.0,4.0,9.0,10.0,1.0,1.0,1.0,4.0,15.0,10.0,45.0,15.0,33.0,20.0,9.0,9.0,9.0,1.0,0.0,1.0,8.0,0.0,111.0,0.0,9.0,0.0,1.0,50.0,2.0,36.0,5.0,14.0,51.0,1.0,0.0,16.0,35.0,1.0,1.0,1.0,10.0,40.0,1.0,118.0,1.0,5308.0,6
41.0,1.0,92.0,1.0,13.0,1.0,4.0,14.0,11.0,1.0,0.0,1.0,1.0,1.0,13.0,45.0,3.0,33.0,28.0,9.0,5.0,12.0,1.0,0.0,1.0,8.0,1.0,92.0,1.0,5.0,1.0,1.0,40.0,2.0,36.0,5.0,14.0,49.0,0.0,0.0,5.0,112.0,1.0,1.0,1.0,1.0,40.0,1.0,134.0,1.0,5308.0,6
41.0,3.0,171.0,9.0,13.0,1.0,4.0,14.0,11.0,1.0,1.0,1.0,2.0,15.0,13.0,45.0,16.0,32.0,20.0,9.0,3.0,12.0,1.0,4.0,1.0,8.0,1.0,167.0,1.0,10.0,1.0,1.0,40.0,1.0,35.0,5.0,14.0,49.0,0.0,1.0,26.0,112.0,0.0,1.0,1.0,14.0,40.0,1.0,134.0,1.0,5308.0,0
34.0,1.0,97.0,3.0,13.0,1.0,4.0,14.0,11.0,1.0,1.0,1.0,1.0,15.0,13.0,45.0,10.0,33.0,20.0,9.0,1.0,12.0,0.0,4.0,1.0,8.0,1.0,167.0,1.0,3.0,1.0,1.0,34.0,2.0,36.0,2.0,14.0,49.0,0.0,1.0,12.0,112.0,1.0,1.0,1.0,14.0,40.0,0.0,134.0,1.0,5308.0,0
34.0,3.0,0.0,21.0,13.0,1.0,4.0,14.0,11.0,1.0,1.0,1.0,4.0,15.0,13.0,45.0,9.0,33.0,20.0,9.0,0.0,12.0,0.0,3.0,1.0,8.0,1.0,0.0,1.0,0.0,1.0,1.0,34.0,2.0,36.0,0.0,14.0,49.0,1.0,0.0,1.0,112.0,1.0,1.0,1.0,32.0,40.0,1.0,134.0,1.0,5308.0,0
41.0,4.0,98.0,11.0,13.0,1.0,4.0,14.0,11.0,1.0,1.0,1.0,3.0,15.0,13.0,45.0,4.0,33.0,20.0,9.0,1.0,12.0,1.0,1.0,1.0,0.0,1.0,96.0,1.0,10.0,1.0,1.0,35.0,0.0,36.0,5.0,14.0,49.0,0.0,0.0,14.0,112.0,1.0,1.0,1.0,6.0,40.0,1.0,134.0,1.0,5308.0,0
46.0,3.0,168.0,4.0,13.0,0.0,2.0,14.0,11.0,1.0,0.0,1.0,2.0,15.0,13.0,45.0,5.0,33.0,60.0,9.0,3.0,12.0,1.0,0.0,1.0,8.0,1.0,166.0,1.0,7.0,1.0,1.0,44.0,2.0,36.0,4.0,14.0,49.0,0.0,0.0,21.0,112.0,1.0,1.0,1.0,19.0,44.0,1.0,134.0,1.0,5308.0,0
41.0,3.0,61.0,21.0,21.0,1.0,4.0,14.0,4.0,1.0,0.0,1.0,4.0,15.0,23.0,45.0,6.0,33.0,20.0,9.0,4.0,12.0,1.0,0.0,1.0,8.0,0.0,61.0,0.0,6.0,1.0,1.0,46.0,2.0,36.0,5.0,14.0,49.0,1.0,0.0,3.0,112.0,1.0,0.0,1.0,23.0,46.0,1.0,0.0,1.0,5308.0,0
41.0,3.0,45.0,21.0,36.0,1.0,4.0,37.0,8.0,1.0,0.0,1.0,4.0,38.0,13.0,45.0,0.0,33.0,8.0,9.0,1.0,12.0,1.0,0.0,1.0,8.0,1.0,45.0,0.0,2.0,0.0,1.0,40.0,2.0,36.0,5.0,37.0,49.0,1.0,0.0,2.0,61.0,1.0,1.0,0.0,38.0,40.0,1.0,13.0,1.0,5308.0,0
41.0,3.0,129.0,21.0,11.0,1.0,4.0,12.0,0.0,1.0,1.0,1.0,4.0,15.0,13.0,45.0,15.0,33.0,20.0,9.0,9.0,12.0,1.0,0.0,1.0,8.0,0.0,127.0,0.0,9.0,0.0,1.0,48.0,2.0,36.0,5.0,14.0,49.0,1.0,0.0,16.0,67.0,1.0,1.0,1.0,13.0,40.0,1.0,19.0,1.0,5308.0,0
41.0,3.0,6.0,21.0,13.0,1.0,4.0,14.0,2.0,1.0,0.0,1.0,4.0,15.0,13.0,45.0,0.0,33.0,8.0,9.0,1.0,12.0,1.0,0.0,1.0,8.0,1.0,6.0,0.0,2.0,0.0,1.0,40.0,2.0,36.0,5.0,14.0,49.0,1.0,0.0,2.0,6.0,1.0,0.0,0.0,15.0,40.0,1.0,89.0,1.0,5308.0,0
41.0,3.0,122.0,21.0,8.0,1.0,4.0,9.0,10.0,1.0,1.0,1.0,4.0,15.0,10.0,45.0,15.0,33.0,20.0,9.0,9.0,9.0,1.0,0.0,1.0,8.0,0.0,120.0,0.0,9.0,0.0,1.0,48.0,2.0,36.0,5.0,14.0,49.0,1.0,0.0,16.0,44.0,1.0,1.0,1.0,10.0,40.0,1.0,127.0,1.0,5308.0,0
41.0,0.0,93.0,0.0,13.0,0.0,1.0,14.0,11.0,0.0,0.0,1.0,0.0,2.0,13.0,41.0,7.0,33.0,30.0,9.0,6.0,12.0,1.0,0.0,1.0,8.0,1.0,93.0,1.0,2.0,1.0,1.0,40.0,2.0,36.0,5.0,14.0,49.0,0.0,0.0,7.0,112.0,1.0,1.0,1.0,2.0,40.0,1.0,134.0,0.0,5308.0,0
41.0,3.0,92.0,21.0,13.0,1.0,4.0,14.0,11.0,1.0,0.0,0.0,4.0,15.0,1.0,45.0,8.0,33.0,28.0,9.0,5.0,12.0,1.0,2.0,1.0,8.0,0.0,92.0,1.0,9.0,1.0,1.0,50.0,2.0,36.0,5.0,14.0,49.0,1.0,0.0,5.0,112.0,1.0,1.0,1.0,1.0,50.0,1.0,134.0,1.0,5308.0,0
41.0,3.0,94.0,21.0,13.0,1.0,4.0,14.0,11.0,1.0,0.0,1.0,4.0,2.0,13.0,45.0,11.0,33.0,38.0,9.0,7.0,12.0,1.0,0.0,1.0,8.0,1.0,94.0,1.0,2.0,1.0,0.0,40.0,2.0,36.0,0.0,14.0,49.0,1.0,0.0,9.0,112.0,1.0,1.0,1.0,2.0,40.0,1.0,134.0,1.0,5308.0,0
49.0,3.0,95.0,21.0,13.0,1.0,4.0,14.0,11.0,1.0,0.0,1.0,4.0,15.0,14.0,45.0,12.0,33.0,38.0,9.0,7.0,12.0,1.0,0.0,0.0,8.0,0.0,95.0,1.0,0.0,1.0,1.0,48.0,2.0,36.0,1.0,14.0,49.0,1.0,0.0,9.0,112.0,1.0,1.0,1.0,14.0,48.0,1.0,134.0,1.0,5308.0,0
43.0,4.0,86.0,17.0,13.0,0.0,3.0,14.0,11.0,1.0,0.0,1.0,3.0,106.0,13.0,42.0,2.0,33.0,20.0,3.0,4.0,12.0,1.0,0.0,1.0,8.0,1.0,86.0,1.0,1.0,1.0,1.0,40.0,2.0,36.0,3.0,14.0,49.0,0.0,0.0,3.0,112.0,1.0,1.0,1.0,106.0,40.0,1.0,134.0,1.0,5308.0,0
41.0,3.0,150.0,21.0,13.0,1.0,4.0,14.0,2.0,1.0,1.0,1.0,4.0,15.0,15.0,45.0,15.0,33.0,20.0,9.0,9.0,14.0,1.0,0.0,1.0,8.0,0.0,148.0,0.0,9.0,0.0,1.0,61.0,2.0,36.0,5.0,14.0,62.0,1.0,0.0,16.0,97.0,1.0,1.0,1.0,15.0,40.0,1.0,74.0,1.0,5308.0,0
41.0,3.0,55.0,21.0,51.0,1.0,4.0,52.0,9.0,1.0,0.0,1.0,4.0,53.0,13.0,45.0,0.0,33.0,8.0,9.0,1.0,12.0,1.0,0.0,1.0,8.0,1.0,55.0,0.0,2.0,0.0,1.0,40.0,2.0,36.0,5.0,52.0,49.0,1.0,0.0,2.0,88.0,1.0,1.0,0.0,53.0,40.0,1.0,81.0,1.0,5308.0,0
41.0,1.0,92.0,1.0,13.0,1.0,4.0,14.0,11.0,1.0,0.0,1.0,1.0,1.0,13.0,45.0,3.0,33.0,28.0,9.0,5.0,12.0,1.0,0.0,1.0,8.0,1.0,92.0,1.0,5.0,1.0,1.0,40.0,2.0,36.0,5.0,14.0,49.0,0.0,0.0,5.0,112.0,1.0,1.0,1.0,1.0,40.0,1.0,134.0,1.0,5308.0,0
41.0,4.0,99.0,12.0,13.0,1.0,4.0,14.0,11.0,1.0,1.0,1.0,3.0,15.0,13.0,45.0,4.0,33.0,20.0,9.0,1.0,12.0,1.0,1.0,1.0,0.0,1.0,97.0,1.0,10.0,1.0,1.0,35.0,0.0,36.0,5.0,14.0,49.0,0.0,0.0,14.0,112.0,1.0,1.0,1.0,6.0,40.0,1.0,134.0,1.0,5308.0,6
46.0,3.0,168.0,4.0,13.0,0.0,2.0,14.0,11.0,1.0,0.0,1.0,2.0,15.0,13.0,45.0,5.0,33.0,60.0,9.0,3.0,12.0,1.0,0.0,1.0,8.0,1.0,166.0,1.0,7.0,1.0,1.0,44.0,2.0,36.0,4.0,14.0,49.0,0.0,0.0,21.0,112.0,1.0,1.0,1.0,19.0,44.0,1.0,134.0,1.0,5308.0,6
41.0,3.0,64.0,21.0,28.0,1.0,4.0,14.0,5.0,1.0,0.0,1.0,4.0,15.0,30.0,45.0,6.0,33.0,20.0,9.0,4.0,12.0,1.0,0.0,1.0,8.0,0.0,64.0,0.0,6.0,1.0,1.0,46.0,2.0,36.0,5.0,14.0,49.0,1.0,0.0,3.0,112.0,1.0,0.0,1.0,30.0,46.0,1.0,43.0,1.0,5308.0,6
41.0,3.0,2.0,21.0,3.0,1.0,4.0,4.0,6.0,1.0,0.0,1.0,4.0,5.0,13.0,45.0,0.0,33.0,8.0,9.0,1.0,12.0,1.0,0.0,1.0,8.0,1.0,2.0,0.0,2.0,0.0,1.0,40.0,2.0,36.0,5.0,4.0,49.0,1.0,0.0,2.0,1.0,1.0,0.0,0.0,5.0,40.0,1.0,2.0,1.0,5308.0,6
41.0,3.0,171.0,8.0,13.0,1.0,4.0,14.0,11.0,1.0,1.0,1.0,2.0,15.0,13.0,45.0,16.0,14.0,20.0,9.0,3.0,12.0,1.0,4.0,1.0,8.0,1.0,167.0,1.0,10.0,1.0,1.0,40.0,1.0,21.0,5.0,14.0,49.0,0.0,1.0,26.0,112.0,0.0,1.0,1.0,14.0,40.0,1.0,134.0,1.0,5308.0,6
34.0,1.0,97.0,3.0,13.0,1.0,4.0,14.0,11.0,1.0,1.0,1.0,1.0,15.0,13.0,45.0,10.0,33.0,20.0,9.0,1.0,12.0,0.0,4.0,1.0,8.0,1.0,167.0,1.0,3.0,1.0,1.0,34.0,2.0,36.0,2.0,14.0,49.0,0.0,1.0,12.0,112.0,1.0,1.0,1.0,14.0,40.0,0.0,134.0,1.0,5308.0,6
41.0,3.0,163.0,21.0,32.0,1.0,4.0,33.0,7.0,1.0,1.0,1.0,4.0,15.0,34.0,45.0,15.0,33.0,20.0,9.0,9.0,33.0,1.0,0.0,1.0,8.0,0.0,161.0,0.0,9.0,0.0,1.0,46.0,2.0,36.0,5.0,14.0,47.0,1.0,0.0,16.0,110.0,1.0,4.0,1.0,34.0,40.0,1.0,67.0,1.0,5308.0,6
41.0,1.0,92.0,1.0,13.0,1.0,4.0,14.0,11.0,1.0,0.0,1.0,1.0,1.0,13.0,45.0,3.0,33.0,28.0,9.0,5.0,12.0,1.0,0.0,1.0,8.0,1.0,92.0,1.0,5.0,1.0,1.0,40.0,2.0,36.0,5.0,14.0,49.0,0.0,0.0,5.0,112.0,1.0,1.0,1.0,1.0,40.0,1.0,134.0,1.0,5308.0,6
41.0,3.0,171.0,6.0,13.0,1.0,4.0,14.0,11.0,1.0,1.0,1.0,2.0,15.0,13.0,45.0,16.0,7.0,20.0,9.0,3.0,12.0,1.0,4.0,1.0,8.0,1.0,167.0,1.0,10.0,1.0,1.0,40.0,1.0,1.0,5.0,14.0,49.0,0.0,1.0,26.0,112.0,0.0,1.0,1.0,14.0,40.0,1.0,134.0,1.0,5308.0,6
34.0,1.0,97.0,3.0,13.0,1.0,4.0,14.0,11.0,1.0,1.0,1.0,1.0,15.0,13.0,45.0,10.0,33.0,20.0,9.0,1.0,12.0,0.0,4.0,1.0,8.0,1.0,167.0,1.0,3.0,1.0,1.0,34.0,2.0,36.0,2.0,14.0,49.0,0.0,1.0,12.0,112.0,1.0,1.0,1.0,14.0,40.0,0.0,134.0,1.0,5308.0,6
34.0,3.0,0.0,21.0,13.0,1.0,4.0,14.0,11.0,1.0,1.0,1.0,4.0,15.0,13.0,45.0,9.0,33.0,20.0,9.0,0.0,12.0,0.0,3.0,1.0,8.0,1.0,0.0,1.0,0.0,1.0,1.0,34.0,2.0,36.0,0.0,14.0,49.0,1.0,0.0,1.0,112.0,1.0,1.0,1.0,32.0,40.0,1.0,134.0,1.0,5308.0,6
41.0,4.0,99.0,12.0,13.0,1.0,4.0,14.0,11.0,1.0,1.0,1.0,3.0,15.0,13.0,45.0,4.0,33.0,20.0,9.0,1.0,12.0,1.0,1.0,1.0,0.0,1.0,97.0,1.0,10.0,1.0,1.0,35.0,0.0,36.0,5.0,14.0,49.0,0.0,0.0,14.0,112.0,1.0,1.0,1.0,6.0,40.0,1.0,134.0,1.0,5308.0,6
46.0,3.0,168.0,4.0,13.0,0.0,2.0,14.0,11.0,1.0,0.0,1.0,2.0,15.0,13.0,45.0,5.0,33.0,60.0,9.0,3.0,12.0,1.0,0.0,1.0,8.0,1.0,166.0,1.0,7.0,1.0,1.0,44.0,2.0,36.0,4.0,14.0,49.0,0.0,0.0,21.0,112.0,1.0,1.0,1.0,19.0,44.0,1.0,134.0,1.0,5308.0,6
41.0,3.0,73.0,21.0,32.0,1.0,4.0,14.0,7.0,1.0,0.0,1.0,4.0,15.0,34.0,45.0,6.0,33.0,20.0,9.0,4.0,12.0,1.0,0.0,1.0,8.0,0.0,73.0,0.0,6.0,1.0,1.0,46.0,2.0,36.0,5.0,14.0,49.0,1.0,0.0,3.0,112.0,1.0,0.0,1.0,34.0,46.0,1.0,47.0,1.0,5308.0,6
41.0,3.0,3.0,21.0,3.0,1.0,4.0,4.0,6.0,1.0,0.0,1.0,4.0,5.0,13.0,45.0,0.0,33.0,8.0,9.0,1.0,12.0,1.0,0.0,1.0,8.0,1.0,3.0,0.0,2.0,0.0,1.0,40.0,2.0,36.0,5.0,4.0,49.0,1.0,0.0,2.0,2.0,1.0,0.0,0.0,5.0,40.0,1.0,36.0,1.0,5308.0,6
41.0,3.0,145.0,21.0,11.0,1.0,4.0,12.0,0.0,1.0,1.0,1.0,4.0,15.0,13.0,45.0,15.0,33.0,20.0,9.0,9.0,12.0,1.0,0.0,1.0,8.0,0.0,143.0,0.0,9.0,0.0,1.0,48.0,2.0,36.0,5.0,14.0,49.0,1.0,0.0,16.0,83.0,1.0,1.0,1.0,13.0,40.0,1.0,37.0,1.0,5308.0,6
41.0,3.0,47.0,21.0,36.0,1.0,4.0,37.0,8.0,1.0,0.0,1.0,4.0,38.0,13.0,45.0,0.0,33.0,8.0,9.0,1.0,12.0,1.0,0.0,1.0,8.0,1.0,47.0,0.0,2.0,0.0,1.0,40.0,2.0,36.0,5.0,37.0,49.0,1.0,0.0,2.0,63.0,1.0,1.0,0.0,38.0,40.0,1.0,15.0,1.0,5308.0,6
41.0,3.0,139.0,21.0,11.0,1.0,4.0,12.0,0.0,1.0,1.0,1.0,4.0,15.0,13.0,45.0,15.0,33.0,20.0,9.0,9.0,12.0,1.0,0.0,1.0,8.0,0.0,137.0,0.0,9.0,0.0,1.0,48.0,2.0,36.0,5.0,14.0,49.0,1.0,0.0,16.0,77.0,1.0,1.0,1.0,13.0,40.0,1.0,29.0,1.0,5308.0,6
41.0,3.0,19.0,21.0,13.0,1.0,4.0,14.0,2.0,1.0,0.0,1.0,4.0,15.0,13.0,45.0,0.0,33.0,8.0,9.0,1.0,12.0,1.0,0.0,1.0,8.0,1.0,19.0,0.0,2.0,0.0,1.0,40.0,2.0,36.0,5.0,14.0,49.0,1.0,0.0,2.0,19.0,1.0,0.0,0.0,15.0,40.0,1.0,102.0,1.0,5308.0,6
41.0,3.0,116.0,21.0,8.0,1.0,4.0,9.0,10.0,1.0,1.0,1.0,4.0,15.0,10.0,45.0,15.0,33.0,20.0,9.0,9.0,9.0,1.0,0.0,1.0,8.0,0.0,114.0,0.0,9.0,0.0,1.0,50.0,2.0,36.0,5.0,14.0,51.0,1.0,0.0,16.0,38.0,1.0,1.0,1.0,10.0,40.0,1.0,121.0,1.0,5308.0,6
41.0,3.0,171.0,8.0,13.0,1.0,4.0,14.0,11.0,1.0,1.0,1.0,2.0,15.0,13.0,45.0,16.0,1.0,20.0,9.0,3.0,12.0,1.0,4.0,1.0,8.0,1.0,167.0,1.0,10.0,1.0,1.0,40.0,1.0,18.0,5.0,14.0,49.0,0.0,1.0,26.0,112.0,0.0,1.0,1.0,14.0,40.0,1.0,134.0,1.0,5308.0,6
34.0,1.0,97.0,3.0,13.0,1.0,4.0,14.0,11.0,1.0,1.0,1.0,1.0,15.0,13.0,45.0,10.0,33.0,20.0,9.0,1.0,12.0,0.0,4.0,1.0,8.0,1.0,167.0,1.0,3.0,1.0,1.0,34.0,2.0,36.0,2.0,14.0,49.0,0.0,1.0,12.0,112.0,1.0,1.0,1.0,14.0,40.0,0.0,134.0,1.0,5308.0,6
41.0,3.0,161.0,21.0,32.0,1.0,4.0,33.0,7.0,1.0,1.0,1.0,4.0,15.0,34.0,45.0,15.0,33.0,20.0,9.0,9.0,33.0,1.0,0.0,1.0,8.0,0.0,159.0,0.0,9.0,0.0,1.0,46.0,2.0,36.0,5.0,14.0,47.0,1.0,0.0,16.0,108.0,1.0,4.0,1.0,34.0,40.0,1.0,53.0,1.0,5308.0,6
41.0,1.0,92.0,1.0,13.0,1.0,4.0,14.0,11.0,1.0,0.0,1.0,1.0,1.0,13.0,45.0,3.0,33.0,28.0,9.0,5.0,12.0,1.0,0.0,1.0,8.0,1.0,92.0,1.0,5.0,1.0,1.0,40.0,2.0,36.0,5.0,14.0,49.0,0.0,0.0,5.0,112.0,1.0,1.0,1.0,1.0,40.0,1.0,134.0,1.0,5308.0,6
41.0,3.0,171.0,9.0,13.0,1.0,4.0,14.0,11.0,1.0,1.0,1.0,2.0,15.0,13.0,45.0,16.0,28.0,20.0,9.0,3.0,12.0,1.0,4.0,1.0,8.0,1.0,167.0,1.0,10.0,1.0,1.0,40.0,1.0,32.0,5.0,14.0,49.0,0.0,1.0,26.0,112.0,0.0,1.0,1.0,14.0,40.0,1.0,134.0,1.0,5308.0,6
34.0,1.0,97.0,3.0,13.0,1.0,4.0,14.0,11.0,1.0,1.0,1.0,1.0,15.0,13.0,45.0,10.0,33.0,20.0,9.0,1.0,12.0,0.0,4.0,1.0,8.0,1.0,167.0,1.0,3.0,1.0,1.0,34.0,2.0,36.0,2.0,14.0,49.0,0.0,1.0,12.0,112.0,1.0,1.0,1.0,14.0,40.0,0.0,134.0,1.0,5308.0,6
34.0,3.0,0.0,21.0,13.0,1.0,4.0,14.0,11.0,1.0,1.0,1.0,4.0,15.0,13.0,45.0,9.0,33.0,20.0,9.0,0.0,12.0,0.0,3.0,1.0,8.0,1.0,0.0,1.0,0.0,1.0,1.0,34.0,2.0,36.0,0.0,14.0,49.0,1.0,0.0,1.0,112.0,1.0,1.0,1.0,32.0,40.0,1.0,134.0,1.0,5308.0,6
41.0,4.0,99.0,12.0,13.0,1.0,4.0,14.0,11.0,1.0,1.0,1.0,3.0,15.0,13.0,45.0,4.0,33.0,20.0,9.0,1.0,12.0,1.0,1.0,1.0,0.0,1.0,97.0,1.0,10.0,1.0,1.0,35.0,0.0,36.0,5.0,14.0,49.0,0.0,0.0,14.0,112.0,1.0,1.0,1.0,6.0,40.0,1.0,134.0,1.0,5308.0,6
46.0,3.0,168.0,4.0,13.0,0.0,2.0,14.0,11.0,1.0,0.0,1.0,2.0,15.0,13.0,45.0,5.0,33.0,60.0,9.0,3.0,12.0,1.0,0.0,1.0,8.0,1.0,166.0,1.0,7.0,1.0,1.0,44.0,2.0,36.0,4.0,14.0,49.0,0.0,0.0,21.0,112.0,1.0,1.0,1.0,19.0,44.0,1.0,134.0,1.0,5308.0,6
41.0,3.0,72.0,21.0,32.0,1.0,4.0,14.0,7.0,1.0,0.0,1.0,4.0,15.0,34.0,45.0,6.0,33.0,20.0,9.0,4.0,12.0,1.0,0.0,1.0,8.0,0.0,72.0,0.0,6.0,1.0,1.0,46.0,2.0,36.0,5.0,14.0,49.0,1.0,0.0,3.0,112.0,1.0,0.0,1.0,34.0,46.0,1.0,45.0,1.0,5308.0,6
41.0,3.0,3.0,21.0,3.0,1.0,4.0,4.0,6.0,1.0,0.0,1.0,4.0,5.0,13.0,45.0,0.0,33.0,8.0,9.0,1.0,12.0,1.0,0.0,1.0,8.0,1.0,3.0,0.0,2.0,0.0,1.0,40.0,2.0,36.0,5.0,4.0,49.0,1.0,0.0,2.0,2.0,1.0,0.0,0.0,5.0,40.0,1.0,36.0,1.0,5308.0,6
41.0,3.0,145.0,21.0,11.0,1.0,4.0,12.0,0.0,1.0,1.0,1.0,4.0,15.0,13.0,45.0,15.0,33.0,20.0,9.0,9.0,12.0,1.0,0.0,1.0,8.0,0.0,143.0,0.0,9.0,0.0,1.0,48.0,2.0,36.0,5.0,14.0,49.0,1.0,0.0,16.0,83.0,1.0,1.0,1.0,13.0,40.0,1.0,37.0,1.0,5308.0,6
41.0,3.0,39.0,21.0,36.0,1.0,4.0,37.0,8.0,1.0,0.0,1.0,4.0,38.0,13.0,45.0,0.0,33.0,8.0,9.0,1.0,12.0,1.0,0.0,1.0,8.0,1.0,39.0,0.0,2.0,0.0,1.0,40.0,2.0,36.0,5.0,37.0,49.0,1.0,0.0,2.0,55.0,1.0,1.0,0.0,38.0,40.0,1.0,7.0,1.0,5308.0,6
41.0,3.0,134.0,21.0,11.0,1.0,4.0,12.0,0.0,1.0,1.0,1.0,4.0,15.0,13.0,45.0,15.0,33.0,20.0,9.0,9.0,12.0,1.0,0.0,1.0,8.0,0.0,132.0,0.0,9.0,0.0,1.0,48.0,2.0,36.0,5.0,14.0,49.0,1.0,0.0,16.0,72.0,1.0,1.0,1.0,13.0,40.0,1.0,24.0,1.0,5308.0,6
41.0,3.0,8.0,21.0,13.0,1.0,4.0,14.0,2.0,1.0,0.0,1.0,4.0,15.0,13.0,45.0,0.0,33.0,8.0,9.0,1.0,12.0,1.0,0.0,1.0,8.0,1.0,8.0,0.0,2.0,0.0,1.0,40.0,2.0,36.0,5.0,14.0,49.0,1.0,0.0,2.0,8.0,1.0,0.0,0.0,15.0,40.0,1.0,91.0,1.0,5308.0,6
41.0,3.0,126.0,21.0,8.0,1.0,4.0,9.0,10.0,1.0,1.0,1.0,4.0,15.0,10.0,45.0,15.0,33.0,20.0,9.0,9.0,9.0,1.0,0.0,1.0,8.0,0.0,124.0,0.0,9.0,0.0,1.0,50.0,2.0,36.0,5.0,14.0,51.0,1.0,0.0,16.0,48.0,1.0,1.0,1.0,10.0,40.0,1.0,131.0,1.0,5308.0,6
41.0,1.0,92.0,1.0,13.0,1.0,4.0,14.0,11.0,1.0,0.0,1.0,1.0,1.0,13.0,45.0,3.0,33.0,28.0,9.0,5.0,12.0,1.0,0.0,1.0,8.0,1.0,92.0,1.0,5.0,1.0,1.0,40.0,2.0,36.0,5.0,14.0,49.0,0.0,0.0,5.0,112.0,1.0,1.0,1.0,1.0,40.0,1.0,134.0,1.0,5308.0,6
41.0,3.0,171.0,8.0,13.0,1.0,4.0,14.0,11.0,1.0,1.0,1.0,2.0,15.0,13.0,45.0,16.0,16.0,20.0,9.0,3.0,12.0,1.0,4.0,1.0,8.0,1.0,167.0,1.0,10.0,1.0,1.0,40.0,1.0,22.0,5.0,14.0,49.0,0.0,1.0,26.0,112.0,0.0,1.0,1.0,14.0,40.0,1.0,134.0,1.0,5308.0,6
34.0,1.0,97.0,3.0,13.0,1.0,4.0,14.0,11.0,1.0,1.0,1.0,1.0,15.0,13.0,45.0,10.0,33.0,20.0,9.0,1.0,12.0,0.0,4.0,1.0,8.0,1.0,167.0,1.0,3.0,1.0,1.0,34.0,2.0,36.0,2.0,14.0,49.0,0.0,1.0,12.0,112.0,1.0,1.0,1.0,14.0,40.0,0.0,134.0,1.0,5308.0,6
34.0,3.0,0.0,21.0,13.0,1.0,4.0,14.0,11.0,1.0,1.0,1.0,4.0,15.0,13.0,45.0,9.0,33.0,20.0,9.0,0.0,12.0,0.0,3.0,1.0,8.0,1.0,0.0,1.0,0.0,1.0,1.0,34.0,2.0,36.0,0.0,14.0,49.0,1.0,0.0,1.0,112.0,1.0,1.0,1.0,32.0,40.0,1.0,134.0,1.0,5308.0,6
41.0,4.0,99.0,12.0,13.0,1.0,4.0,14.0,11.0,1.0,1.0,1.0,3.0,15.0,13.0,45.0,4.0,33.0,20.0,9.0,1.0,12.0,1.0,1.0,1.0,0.0,1.0,97.0,1.0,10.0,1.0,1.0,35.0,0.0,36.0,5.0,14.0,49.0,0.0,0.0,14.0,112.0,1.0,1.0,1.0,6.0,40.0,1.0,134.0,1.0,5308.0,6
46.0,3.0,168.0,4.0,13.0,0.0,2.0,14.0,11.0,1.0,0.0,1.0,2.0,15.0,13.0,45.0,5.0,33.0,60.0,9.0,3.0,12.0,1.0,0.0,1.0,8.0,1.0,166.0,1.0,7.0,1.0,1.0,44.0,2.0,36.0,4.0,14.0,49.0,0.0,0.0,21.0,112.0,1.0,1.0,1.0,19.0,44.0,1.0,134.0,1.0,5308.0,6
41.0,3.0,61.0,21.0,21.0,1.0,4.0,14.0,4.0,1.0,0.0,1.0,4.0,15.0,23.0,45.0,6.0,33.0,20.0,9.0,4.0,12.0,1.0,0.0,1.0,8.0,0.0,61.0,0.0,6.0,1.0,1.0,46.0,2.0,36.0,5.0,14.0,49.0,1.0,0.0,3.0,112.0,1.0,0.0,1.0,23.0,46.0,1.0,0.0,1.0,5308.0,6
41.0,3.0,50.0,21.0,36.0,1.0,4.0,37.0,8.0,1.0,0.0,1.0,4.0,38.0,13.0,45.0,0.0,33.0,8.0,9.0,1.0,12.0,1.0,0.0,1.0,8.0,1.0,50.0,0.0,2.0,0.0,1.0,40.0,2.0,36.0,5.0,37.0,49.0,1.0,0.0,2.0,66.0,1.0,1.0,0.0,38.0,40.0,1.0,18.0,1.0,5308.0,6
41.0,3.0,144.0,21.0,11.0,1.0,4.0,12.0,0.0,1.0,1.0,1.0,4.0,15.0,13.0,45.0,15.0,33.0,20.0,9.0,9.0,12.0,1.0,0.0,1.0,8.0,0.0,142.0,0.0,9.0,0.0,1.0,48.0,2.0,36.0,5.0,14.0,49.0,1.0,0.0,16.0,82.0,1.0,1.0,1.0,13.0,40.0,1.0,34.0,1.0,5308.0,6
41.0,3.0,9.0,21.0,13.0,1.0,4.0,14.0,2.0,1.0,0.0,1.0,4.0,15.0,13.0,45.0,0.0,33.0,8.0,9.0,1.0,12.0,1.0,0.0,1.0,8.0,1.0,9.0,0.0,2.0,0.0,1.0,40.0,2.0,36.0,5.0,14.0,49.0,1.0,0.0,2.0,9.0,1.0,0.0,0.0,15.0,40.0,1.0,92.0,1.0,5308.0,6
41.0,3.0,121.0,21.0,8.0,1.0,4.0,9.0,10.0,1.0,1.0,1.0,4.0,15.0,10.0,45.0,15.0,33.0,20.0,9.0,9.0,9.0,1.0,0.0,1.0,8.0,0.0,119.0,0.0,9.0,0.0,1.0,48.0,2.0,36.0,5.0,14.0,49.0,1.0,0.0,16.0,43.0,1.0,1.0,1.0,10.0,40.0,1.0,126.0,1.0,5308.0,6
41.0,3.0,171.0,6.0,13.0,1.0,4.0,14.0,11.0,1.0,1.0,1.0,2.0,15.0,13.0,45.0,16.0,10.0,20.0,9.0,3.0,12.0,1.0,4.0,1.0,8.0,1.0,167.0,1.0,10.0,1.0,1.0,40.0,1.0,3.0,5.0,14.0,49.0,0.0,1.0,26.0,112.0,0.0,1.0,1.0,14.0,40.0,1.0,134.0,1.0,5308.0,6
34.0,1.0,97.0,3.0,13.0,1.0,4.0,14.0,11.0,1.0,1.0,1.0,1.0,15.0,13.0,45.0,10.0,33.0,20.0,9.0,1.0,12.0,0.0,4.0,1.0,8.0,1.0,167.0,1.0,3.0,1.0,1.0,34.0,2.0,36.0,2.0,14.0,49.0,0.0,1.0,12.0,112.0,1.0,1.0,1.0,14.0,40.0,0.0,134.0,1.0,5308.0,6
41.0,3.0,155.0,21.0,21.0,1.0,4.0,22.0,4.0,1.0,1.0,1.0,4.0,15.0,23.0,45.0,15.0,33.0,20.0,9.0,9.0,22.0,1.0,0.0,1.0,8.0,0.0,153.0,0.0,9.0,0.0,1.0,46.0,2.0,36.0,5.0,14.0,47.0,1.0,0.0,16.0,102.0,1.0,2.0,1.0,23.0,40.0,1.0,0.0,1.0,5308.0,6
41.0,1.0,92.0,1.0,13.0,1.0,4.0,14.0,11.0,1.0,0.0,1.0,1.0,1.0,13.0,45.0,3.0,33.0,28.0,9.0,5.0,12.0,1.0,0.0,1.0,8.0,1.0,92.0,1.0,5.0,1.0,1.0,40.0,2.0,36.0,5.0,14.0,49.0,0.0,0.0,5.0,112.0,1.0,1.0,1.0,1.0,40.0,1.0,134.0,1.0,5308.0,6
41.0,3.0,171.0,8.0,13.0,1.0,4.0,14.0,11.0,1.0,1.0,1.0,2.0,15.0,13.0,45.0,16.0,4.0,20.0,9.0,3.0,12.0,1.0,4.0,1.0,8.0,1.0,167.0,1.0,10.0,1.0,1.0,40.0,1.0,20.0,5.0,14.0,49.0,0.0,1.0,26.0,112.0,0.0,1.0,1.0,14.0,40.0,1.0,134.0,1.0,5308.0,6
34.0,1.0,97.0,3.0,13.0,1.0,4.0,14.0,11.0,1.0,1.0,1.0,1.0,15.0,13.0,45.0,10.0,33.0,20.0,9.0,1.0,12.0,0.0,4.0,1.0,8.0,1.0,167.0,1.0,3.0,1.0,1.0,34.0,2.0,36.0,2.0,14.0,49.0,0.0,1.0,12.0,112.0,1.0,1.0,1.0,14.0,40.0,0.0,134.0,1.0,5308.0,6
34.0,3.0,0.0,21.0,13.0,1.0,4.0,14.0,11.0,1.0,1.0,1.0,4.0,15.0,13.0,45.0,9.0,33.0,20.0,9.0,0.0,12.0,0.0,3.0,1.0,8.0,1.0,0.0,1.0,0.0,1.0,1.0,34.0,2.0,36.0,0.0,14.0,49.0,1.0,0.0,1.0,112.0,1.0,1.0,1.0,32.0,40.0,1.0,134.0,1.0,5308.0,6
41.0,4.0,99.0,12.0,13.0,1.0,4.0,14.0,11.0,1.0,1.0,1.0,3.0,15.0,13.0,45.0,4.0,33.0,20.0,9.0,1.0,12.0,1.0,1.0,1.0,0.0,1.0,97.0,1.0,10.0,1.0,1.0,35.0,0.0,36.0,5.0,14.0,49.0,0.0,0.0,14.0,112.0,1.0,1.0,1.0,6.0,40.0,1.0,134.0,1.0,5308.0,6
46.0,3.0,168.0,4.0,13.0,0.0,2.0,14.0,11.0,1.0,0.0,1.0,2.0,15.0,13.0,45.0,5.0,33.0,60.0,9.0,3.0,12.0,1.0,0.0,1.0,8.0,1.0,166.0,1.0,7.0,1.0,1.0,44.0,2.0,36.0,4.0,14.0,49.0,0.0,0.0,21.0,112.0,1.0,1.0,1.0,19.0,44.0,1.0,134.0,1.0,5308.0,6
41.0,3.0,61.0,21.0,21.0,1.0,4.0,14.0,4.0,1.0,0.0,1.0,4.0,15.0,23.0,45.0,6.0,33.0,20.0,9.0,4.0,12.0,1.0,0.0,1.0,8.0,0.0,61.0,0.0,6.0,1.0,1.0,46.0,2.0,36.0,5.0,14.0,49.0,1.0,0.0,3.0,112.0,1.0,0.0,1.0,23.0,46.0,1.0,0.0,1.0,5308.0,6
41.0,3.0,44.0,21.0,36.0,1.0,4.0,37.0,8.0,1.0,0.0,1.0,4.0,38.0,13.0,45.0,0.0,33.0,8.0,9.0,1.0,12.0,1.0,0.0,1.0,8.0,1.0,44.0,0.0,2.0,0.0,1.0,40.0,2.0,36.0,5.0,37.0,49.0,1.0,0.0,2.0,60.0,1.0,1.0,0.0,38.0,40.0,1.0,12.0,1.0,5308.0,6
41.0,3.0,138.0,21.0,11.0,1.0,4.0,12.0,0.0,1.0,1.0,1.0,4.0,15.0,13.0,45.0,15.0,33.0,20.0,9.0,9.0,12.0,1.0,0.0,1.0,8.0,0.0,136.0,0.0,9.0,0.0,1.0,48.0,2.0,36.0,5.0,14.0,49.0,1.0,0.0,16.0,76.0,1.0,1.0,1.0,13.0,40.0,1.0,28.0,1.0,5308.0,6
41.0,3.0,12.0,21.0,13.0,1.0,4.0,14.0,2.0,1.0,0.0,1.0,4.0,15.0,13.0,45.0,0.0,33.0,8.0,9.0,1.0,12.0,1.0,0.0,1.0,8.0,1.0,12.0,0.0,2.0,0.0,1.0,40.0,2.0,36.0,5.0,14.0,49.0,1.0,0.0,2.0,12.0,1.0,0.0,0.0,15.0,40.0,1.0,95.0,1.0,5308.0,6
41.0,3.0,120.0,21.0,8.0,1.0,4.0,9.0,10.0,1.0,1.0,1.0,4.0,15.0,10.0,45.0,15.0,33.0,20.0,9.0,9.0,9.0,1.0,0.0,1.0,8.0,0.0,118.0,0.0,9.0,0.0,1.0,48.0,2.0,36.0,5.0,14.0,49.0,1.0,0.0,16.0,42.0,1.0,1.0,1.0,10.0,40.0,1.0,125.0,1.0,5308.0,6
41.0,3.0,171.0,9.0,13.0,1.0,4.0,14.0,11.0,1.0,1.0,1.0,2.0,15.0,13.0,45.0,16.0,30.0,20.0,9.0,3.0,12.0,1.0,4.0,1.0,8.0,1.0,167.0,1.0,10.0,1.0,1.0,40.0,1.0,34.0,5.0,14.0,49.0,0.0,1.0,26.0,112.0,0.0,1.0,1.0,14.0,40.0,1.0,134.0,1.0,5308.0,6
34.0,1.0,97.0,3.0,13.0,1.0,4.0,14.0,11.0,1.0,1.0,1.0,1.0,15.0,13.0,45.0,10.0,33.0,20.0,9.0,1.0,12.0,0.0,4.0,1.0,8.0,1.0,167.0,1.0,3.0,1.0,1.0,34.0,2.0,36.0,2.0,14.0,49.0,0.0,1.0,12.0,112.0,1.0,1.0,1.0,14.0,40.0,0.0,134.0,1.0,5308.0,6
41.0,3.0,155.0,21.0,21.0,1.0,4.0,22.0,4.0,1.0,1.0,1.0,4.0,15.0,23.0,45.0,15.0,33.0,20.0,9.0,9.0,22.0,1.0,0.0,1.0,8.0,0.0,153.0,0.0,9.0,0.0,1.0,46.0,2.0,36.0,5.0,14.0,47.0,1.0,0.0,16.0,102.0,1.0,2.0,1.0,23.0,40.0,1.0,0.0,1.0,5308.0,6
41.0,1.0,92.0,1.0,13.0,1.0,4.0,14.0,11.0,1.0,0.0,1.0,1.0,1.0,13.0,45.0,3.0,33.0,28.0,9.0,5.0,12.0,1.0,0.0,1.0,8.0,1.0,92.0,1.0,5.0,1.0,1.0,40.0,2.0,36.0,5.0,14.0,49.0,0.0,0.0,5.0,112.0,1.0,1.0,1.0,1.0,40.0,1.0,134.0,1.0,5308.0,6
41.0,3.0,171.0,7.0,13.0,1.0,4.0,14.0,11.0,1.0,1.0,1.0,2.0,15.0,13.0,45.0,16.0,22.0,20.0,9.0,3.0,12.0,1.0,4.0,1.0,8.0,1.0,167.0,1.0,10.0,1.0,1.0,40.0,1.0,14.0,5.0,14.0,49.0,0.0,1.0,26.0,112.0,0.0,1.0,1.0,14.0,40.0,1.0,134.0,1.0,5308.0,6
34.0,1.0,97.0,3.0,13.0,1.0,4.0,14.0,11.0,1.0,1.0,1.0,1.0,15.0,13.0,45.0,10.0,33.0,20.0,9.0,1.0,12.0,0.0,4.0,1.0,8.0,1.0,167.0,1.0,3.0,1.0,1.0,34.0,2.0,36.0,2.0,14.0,49.0,0.0,1.0,12.0,112.0,1.0,1.0,1.0,14.0,40.0,0.0,134.0,1.0,5308.0,6
34.0,3.0,0.0,21.0,13.0,1.0,4.0,14.0,11.0,1.0,1.0,1.0,4.0,15.0,13.0,45.0,9.0,33.0,20.0,9.0,0.0,12.0,0.0,3.0,1.0,8.0,1.0,0.0,1.0,0.0,1.0,1.0,34.0,2.0,36.0,0.0,14.0,49.0,1.0,0.0,1.0,112.0,1.0,1.0,1.0,32.0,40.0,1.0,134.0,1.0,5308.0,6
41.0,4.0,99.0,12.0,13.0,1.0,4.0,14.0,11.0,1.0,1.0,1.0,3.0,15.0,13.0,45.0,4.0,33.0,20.0,9.0,1.0,12.0,1.0,1.0,1.0,0.0,1.0,97.0,1.0,10.0,1.0,1.0,35.0,0.0,36.0,5.0,14.0,49.0,0.0,0.0,14.0,112.0,1.0,1.0,1.0,6.0,40.0,1.0,134.0,1.0,5308.0,6
46.0,3.0,168.0,4.0,13.0,0.0,2.0,14.0,11.0,1.0,0.0,1.0,2.0,15.0,13.0,45.0,5.0,33.0,60.0,9.0,3.0,12.0,1.0,0.0,1.0,8.0,1.0,166.0,1.0,7.0,1.0,1.0,44.0,2.0,36.0,4.0,14.0,49.0,0.0,0.0,21.0,112.0,1.0,1.0,1.0,19.0,44.0,1.0,134.0,1.0,5308.0,6
41.0,3.0,61.0,21.0,21.0,1.0,4.0,14.0,4.0,1.0,0.0,1.0,4.0,15.0,23.0,45.0,6.0,33.0,20.0,9.0,4.0,12.0,1.0,0.0,1.0,8.0,0.0,61.0,0.0,6.0,1.0,1.0,46.0,2.0,36.0,5.0,14.0,49.0,1.0,0.0,3.0,112.0,1.0,0.0,1.0,23.0,46.0,1.0,0.0,1.0,5308.0,6
41.0,3.0,48.0,21.0,36.0,1.0,4.0,37.0,8.0,1.0,0.0,1.0,4.0,38.0,13.0,45.0,0.0,33.0,8.0,9.0,1.0,12.0,1.0,0.0,1.0,8.0,1.0,48.0,0.0,2.0,0.0,1.0,40.0,2.0,36.0,5.0,37.0,49.0,1.0,0.0,2.0,64.0,1.0,1.0,0.0,38.0,40.0,1.0,16.0,1.0,5308.0,6
41.0,3.0,143.0,21.0,11.0,1.0,4.0,12.0,0.0,1.0,1.0,1.0,4.0,15.0,13.0,45.0,15.0,33.0,20.0,9.0,9.0,12.0,1.0,0.0,1.0,8.0,0.0,141.0,0.0,9.0,0.0,1.0,48.0,2.0,36.0,5.0,14.0,49.0,1.0,0.0,16.0,81.0,1.0,1.0,1.0,13.0,40.0,1.0,33.0,1.0,5308.0,6
41.0,3.0,32.0,21.0,13.0,1.0,4.0,14.0,2.0,1.0,0.0,1.0,4.0,15.0,13.0,45.0,0.0,33.0,8.0,9.0,1.0,12.0,1.0,0.0,1.0,8.0,1.0,32.0,0.0,2.0,0.0,1.0,40.0,2.0,36.0,5.0,14.0,49.0,1.0,0.0,2.0,32.0,1.0,0.0,0.0,15.0,40.0,1.0,115.0,1.0,5308.0,6
41.0,3.0,124.0,21.0,8.0,1.0,4.0,9.0,10.0,1.0,1.0,1.0,4.0,15.0,10.0,45.0,15.0,33.0,20.0,9.0,9.0,9.0,1.0,0.0,1.0,8.0,0.0,122.0,0.0,9.0,0.0,1.0,48.0,2.0,36.0,5.0,14.0,49.0,1.0,0.0,16.0,46.0,1.0,1.0,1.0,10.0,40.0,1.0,129.0,1.0,5308.0,6
41.0,1.0,92.0,1.0,13.0,1.0,4.0,14.0,11.0,1.0,0.0,1.0,1.0,1.0,13.0,45.0,3.0,33.0,28.0,9.0,5.0,12.0,1.0,0.0,1.0,8.0,1.0,92.0,1.0,5.0,1.0,1.0,40.0,2.0,36.0,5.0,14.0,49.0,0.0,0.0,5.0,112.0,1.0,1.0,1.0,1.0,40.0,1.0,134.0,1.0,5308.0,6
41.0,3.0,169.0,21.0,13.0,1.0,4.0,14.0,11.0,1.0,1.0,1.0,4.0,15.0,13.0,45.0,16.0,33.0,20.0,9.0,3.0,12.0,1.0,4.0,1.0,8.0,1.0,167.0,1.0,10.0,1.0,1.0,34.0,2.0,36.0,5.0,14.0,49.0,1.0,1.0,24.0,112.0,1.0,1.0,1.0,14.0,40.0,1.0,134.0,1.0,5308.0,0
41.0,3.0,171.0,9.0,13.0,1.0,4.0,14.0,11.0,1.0,1.0,1.0,2.0,15.0,13.0,45.0,16.0,19.0,20.0,9.0,3.0,12.0,1.0,4.0,1.0,8.0,1.0,167.0,1.0,10.0,1.0,1.0,40.0,1.0,29.0,5.0,14.0,49.0,0.0,1.0,26.0,112.0,0.0,1.0,1.0,14.0,40.0,1.0,134.0,1.0,5308.0,0
34.0,1.0,97.0,3.0,13.0,1.0,4.0,14.0,11.0,1.0,1.0,1.0,1.0,15.0,13.0,45.0,10.0,33.0,20.0,9.0,1.0,12.0,0.0,4.0,1.0,8.0,1.0,167.0,1.0,3.0,1.0,1.0,34.0,2.0,36.0,2.0,14.0,49.0,0.0,1.0,12.0,112.0,1.0,1.0,1.0,14.0,40.0,0.0,134.0,1.0,5308.0,0
34.0,3.0,0.0,21.0,13.0,1.0,4.0,14.0,11.0,1.0,1.0,1.0,4.0,15.0,13.0,45.0,9.0,33.0,20.0,9.0,0.0,12.0,0.0,3.0,1.0,8.0,1.0,0.0,1.0,0.0,1.0,1.0,34.0,2.0,36.0,0.0,14.0,49.0,1.0,0.0,1.0,112.0,1.0,1.0,1.0,32.0,40.0,1.0,134.0,1.0,5308.0,0
41.0,4.0,99.0,12.0,13.0,1.0,4.0,14.0,11.0,1.0,1.0,1.0,3.0,15.0,13.0,45.0,4.0,33.0,20.0,9.0,1.0,12.0,1.0,1.0,1.0,0.0,1.0,97.0,1.0,10.0,1.0,1.0,35.0,0.0,36.0,5.0,14.0,49.0,0.0,0.0,14.0,112.0,1.0,1.0,1.0,6.0,40.0,1.0,134.0,1.0,5308.0,0
46.0,3.0,168.0,4.0,13.0,0.0,2.0,14.0,11.0,1.0,0.0,1.0,2.0,15.0,13.0,45.0,5.0,33.0,60.0,9.0,3.0,12.0,1.0,0.0,1.0,8.0,1.0,166.0,1.0,7.0,1.0,1.0,44.0,2.0,36.0,4.0,14.0,49.0,0.0,0.0,21.0,112.0,1.0,1.0,1.0,19.0,44.0,1.0,134.0,1.0,5308.0,0
41.0,3.0,61.0,21.0,21.0,1.0,4.0,14.0,4.0,1.0,0.0,1.0,4.0,15.0,23.0,45.0,6.0,33.0,20.0,9.0,4.0,12.0,1.0,0.0,1.0,8.0,0.0,61.0,0.0,6.0,1.0,1.0,46.0,2.0,36.0,5.0,14.0,49.0,1.0,0.0,3.0,112.0,1.0,0.0,1.0,23.0,46.0,1.0,0.0,1.0,5308.0,0
41.0,3.0,43.0,21.0,36.0,1.0,4.0,37.0,8.0,1.0,0.0,1.0,4.0,38.0,13.0,45.0,0.0,33.0,8.0,9.0,1.0,12.0,1.0,0.0,1.0,8.0,1.0,43.0,0.0,2.0,0.0,1.0,40.0,2.0,36.0,5.0,37.0,49.0,1.0,0.0,2.0,59.0,1.0,1.0,0.0,38.0,40.0,1.0,11.0,1.0,5308.0,0
41.0,3.0,141.0,21.0,11.0,1.0,4.0,12.0,0.0,1.0,1.0,1.0,4.0,15.0,13.0,45.0,15.0,33.0,20.0,9.0,9.0,12.0,1.0,0.0,1.0,8.0,0.0,139.0,0.0,9.0,0.0,1.0,48.0,2.0,36.0,5.0,14.0,49.0,1.0,0.0,16.0,79.0,1.0,1.0,1.0,13.0,40.0,1.0,31.0,1.0,5308.0,0
41.0,3.0,10.0,21.0,13.0,1.0,4.0,14.0,2.0,1.0,0.0,1.0,4.0,15.0,13.0,45.0,0.0,33.0,8.0,9.0,1.0,12.0,1.0,0.0,1.0,8.0,1.0,10.0,0.0,2.0,0.0,1.0,40.0,2.0,36.0,5.0,14.0,49.0,1.0,0.0,2.0,10.0,1.0,0.0,0.0,15.0,40.0,1.0,93.0,1.0,5308.0,0
41.0,3.0,114.0,21.0,8.0,1.0,4.0,9.0,10.0,1.0,1.0,1.0,4.0,15.0,10.0,45.0,15.0,33.0,20.0,9.0,9.0,9.0,1.0,0.0,1.0,8.0,0.0,112.0,0.0,9.0,0.0,1.0,48.0,2.0,36.0,5.0,14.0,49.0,1.0,0.0,16.0,36.0,1.0,1.0,1.0,10.0,40.0,1.0,119.0,1.0,5308.0,0
41.0,0.0,93.0,0.0,13.0,0.0,1.0,14.0,11.0,0.0,0.0,1.0,0.0,2.0,13.0,41.0,7.0,33.0,30.0,9.0,6.0,12.0,1.0,0.0,1.0,8.0,1.0,93.0,1.0,2.0,1.0,1.0,40.0,2.0,36.0,5.0,14.0,49.0,0.0,0.0,7.0,112.0,1.0,1.0,1.0,2.0,40.0,1.0,134.0,0.0,5308.0,0
41.0,3.0,92.0,21.0,13.0,1.0,4.0,14.0,11.0,1.0,0.0,0.0,4.0,15.0,1.0,45.0,8.0,33.0,28.0,9.0,5.0,12.0,1.0,2.0,1.0,8.0,0.0,92.0,1.0,9.0,1.0,1.0,50.0,2.0,36.0,5.0,14.0,49.0,1.0,0.0,5.0,112.0,1.0,1.0,1.0,1.0,50.0,1.0,134.0,1.0,5308.0,0
45.0,3.0,94.0,21.0,13.0,1.0,4.0,14.0,11.0,1.0,0.0,1.0,4.0,2.0,13.0,45.0,11.0,33.0,38.0,9.0,7.0,12.0,1.0,0.0,1.0,8.0,1.0,94.0,1.0,2.0,1.0,0.0,44.0,2.0,36.0,0.0,14.0,49.0,1.0,0.0,9.0,112.0,1.0,1.0,1.0,2.0,44.0,1.0,134.0,1.0,5308.0,0
49.0,3.0,95.0,21.0,13.0,1.0,4.0,14.0,11.0,1.0,0.0,1.0,4.0,15.0,14.0,45.0,12.0,33.0,38.0,9.0,7.0,12.0,1.0,0.0,0.0,8.0,0.0,95.0,1.0,0.0,1.0,1.0,48.0,2.0,36.0,1.0,14.0,49.0,1.0,0.0,9.0,112.0,1.0,1.0,1.0,14.0,48.0,1.0,134.0,1.0,5308.0,0
43.0,4.0,90.0,17.0,13.0,0.0,3.0,14.0,11.0,1.0,0.0,1.0,3.0,106.0,13.0,42.0,2.0,33.0,20.0,7.0,4.0,12.0,1.0,0.0,1.0,8.0,1.0,90.0,1.0,1.0,1.0,1.0,40.0,2.0,36.0,3.0,14.0,49.0,0.0,0.0,3.0,112.0,1.0,1.0,1.0,106.0,40.0,1.0,134.0,1.0,5308.0,0
41.0,3.0,152.0,21.0,13.0,1.0,4.0,14.0,2.0,1.0,1.0,1.0,4.0,15.0,15.0,45.0,15.0,33.0,20.0,9.0,9.0,14.0,1.0,0.0,1.0,8.0,0.0,150.0,0.0,9.0,0.0,1.0,61.0,2.0,36.0,5.0,14.0,62.0,1.0,0.0,16.0,99.0,1.0,1.0,1.0,15.0,40.0,1.0,79.0,1.0,5308.0,0
41.0,3.0,52.0,21.0,51.0,1.0,4.0,52.0,9.0,1.0,0.0,1.0,4.0,53.0,13.0,45.0,0.0,33.0,8.0,9.0,1.0,12.0,1.0,0.0,1.0,8.0,1.0,52.0,0.0,2.0,0.0,1.0,40.0,2.0,36.0,5.0,52.0,49.0,1.0,0.0,2.0,85.0,1.0,1.0,0.0,53.0,40.0,1.0,76.0,1.0,5308.0,0
41.0,1.0,92.0,1.0,13.0,1.0,4.0,14.0,11.0,1.0,0.0,1.0,1.0,1.0,13.0,45.0,3.0,33.0,28.0,9.0,5.0,12.0,1.0,0.0,1.0,8.0,1.0,92.0,1.0,5.0,1.0,1.0,40.0,2.0,36.0,5.0,14.0,49.0,0.0,0.0,5.0,112.0,1.0,1.0,1.0,1.0,40.0,1.0,134.0,1.0,5308.0,0
41.0,3.0,100.0,13.0,13.0,1.0,4.0,14.0,11.0,1.0,1.0,1.0,2.0,15.0,13.0,45.0,4.0,33.0,20.0,9.0,1.0,12.0,1.0,1.0,1.0,0.0,1.0,98.0,1.0,10.0,1.0,1.0,35.0,0.0,36.0,5.0,14.0,49.0,0.0,0.0,14.0,112.0,1.0,1.0,1.0,6.0,40.0,1.0,134.0,1.0,5308.0,0
46.0,3.0,168.0,4.0,13.0,0.0,2.0,14.0,11.0,1.0,0.0,1.0,2.0,15.0,13.0,45.0,5.0,33.0,60.0,9.0,3.0,12.0,1.0,0.0,1.0,8.0,1.0,166.0,1.0,7.0,1.0,1.0,44.0,2.0,36.0,4.0,14.0,49.0,0.0,0.0,21.0,112.0,1.0,1.0,1.0,19.0,44.0,1.0,134.0,1.0,5308.0,0
41.0,3.0,62.0,21.0,21.0,1.0,4.0,14.0,4.0,1.0,0.0,1.0,4.0,15.0,23.0,45.0,6.0,33.0,20.0,9.0,4.0,12.0,1.0,0.0,1.0,8.0,0.0,62.0,0.0,6.0,1.0,1.0,46.0,2.0,36.0,5.0,14.0,49.0,1.0,0.0,3.0,112.0,1.0,0.0,1.0,23.0,46.0,1.0,55.0,1.0,5308.0,0
41.0,3.0,171.0,7.0,13.0,1.0,4.0,14.0,11.0,1.0,1.0,1.0,2.0,15.0,13.0,45.0,16.0,27.0,20.0,9.0,3.0,12.0,1.0,4.0,1.0,8.0,1.0,167.0,1.0,10.0,1.0,1.0,40.0,1.0,16.0,5.0,14.0,49.0,0.0,1.0,26.0,112.0,0.0,1.0,1.0,14.0,40.0,1.0,134.0,1.0,5308.0,0
34.0,1.0,97.0,3.0,13.0,1.0,4.0,14.0,11.0,1.0,1.0,1.0,1.0,15.0,13.0,45.0,10.0,33.0,20.0,9.0,1.0,12.0,0.0,4.0,1.0,8.0,1.0,167.0,1.0,3.0,1.0,1.0,34.0,2.0,36.0,2.0,14.0,49.0,0.0,1.0,12.0,112.0,1.0,1.0,1.0,14.0,40.0,0.0,134.0,1.0,5308.0,0
34.0,3.0,0.0,21.0,13.0,1.0,4.0,14.0,11.0,1.0,1.0,1.0,4.0,15.0,13.0,45.0,9.0,33.0,20.0,9.0,0.0,12.0,0.0,3.0,1.0,8.0,1.0,0.0,1.0,0.0,1.0,1.0,34.0,2.0,36.0,0.0,14.0,49.0,1.0,0.0,1.0,112.0,1.0,1.0,1.0,32.0,40.0,1.0,134.0,1.0,5308.0,0
41.0,4.0,167.0,16.0,13.0,1.0,4.0,14.0,11.0,1.0,1.0,1.0,3.0,15.0,13.0,45.0,4.0,33.0,20.0,9.0,1.0,12.0,1.0,1.0,1.0,7.0,1.0,165.0,1.0,10.0,1.0,1.0,35.0,0.0,36.0,5.0,14.0,49.0,0.0,0.0,20.0,112.0,1.0,1.0,1.0,6.0,40.0,1.0,134.0,1.0,5308.0,0
46.0,3.0,168.0,4.0,13.0,0.0,2.0,14.0,11.0,1.0,0.0,1.0,2.0,15.0,13.0,45.0,5.0,33.0,60.0,9.0,3.0,12.0,1.0,0.0,1.0,8.0,1.0,166.0,1.0,7.0,1.0,1.0,44.0,2.0,36.0,4.0,14.0,49.0,0.0,0.0,21.0,112.0,1.0,1.0,1.0,19.0,44.0,1.0,134.0,1.0,5308.0,0
41.0,3.0,61.0,21.0,21.0,1.0,4.0,14.0,4.0,1.0,0.0,1.0,4.0,15.0,23.0,45.0,6.0,33.0,20.0,9.0,4.0,12.0,1.0,0.0,1.0,8.0,0.0,61.0,0.0,6.0,1.0,1.0,46.0,2.0,36.0,5.0,14.0,49.0,1.0,0.0,3.0,112.0,1.0,0.0,1.0,23.0,46.0,1.0,0.0,1.0,5308.0,0
41.0,3.0,41.0,21.0,36.0,1.0,4.0,37.0,8.0,1.0,0.0,1.0,4.0,38.0,13.0,45.0,0.0,33.0,8.0,9.0,1.0,12.0,1.0,0.0,1.0,8.0,1.0,41.0,0.0,2.0,0.0,1.0,40.0,2.0,36.0,5.0,37.0,49.0,1.0,0.0,2.0,57.0,1.0,1.0,0.0,38.0,40.0,1.0,9.0,1.0,5308.0,0
41.0,3.0,132.0,21.0,11.0,1.0,4.0,12.0,0.0,1.0,1.0,1.0,4.0,15.0,13.0,45.0,15.0,33.0,20.0,9.0,9.0,12.0,1.0,0.0,1.0,8.0,0.0,130.0,0.0,9.0,0.0,1.0,48.0,2.0,36.0,5.0,14.0,49.0,1.0,0.0,16.0,70.0,1.0,1.0,1.0,13.0,40.0,1.0,22.0,1.0,5308.0,0
41.0,3.0,16.0,21.0,13.0,1.0,4.0,14.0,2.0,1.0,0.0,1.0,4.0,15.0,13.0,45.0,0.0,33.0,8.0,9.0,1.0,12.0,1.0,0.0,1.0,8.0,1.0,16.0,0.0,2.0,0.0,1.0,40.0,2.0,36.0,5.0,14.0,49.0,1.0,0.0,2.0,16.0,1.0,0.0,0.0,15.0,40.0,1.0,99.0,1.0,5308.0,0
41.0,3.0,117.0,21.0,8.0,1.0,4.0,9.0,10.0,1.0,1.0,1.0,4.0,15.0,10.0,45.0,15.0,33.0,20.0,9.0,9.0,9.0,1.0,0.0,1.0,8.0,0.0,115.0,0.0,9.0,0.0,1.0,48.0,2.0,36.0,5.0,14.0,49.0,1.0,0.0,16.0,39.0,1.0,1.0,1.0,10.0,40.0,1.0,122.0,1.0,5308.0,0
41.0,0.0,93.0,0.0,13.0,0.0,1.0,14.0,11.0,0.0,0.0,1.0,0.0,2.0,13.0,41.0,7.0,33.0,30.0,9.0,6.0,12.0,1.0,0.0,1.0,8.0,1.0,93.0,1.0,2.0,1.0,1.0,40.0,2.0,36.0,5.0,14.0,49.0,0.0,0.0,7.0,112.0,1.0,1.0,1.0,2.0,40.0,1.0,134.0,0.0,5308.0,0
41.0,3.0,92.0,21.0,13.0,1.0,4.0,14.0,11.0,1.0,0.0,0.0,4.0,15.0,1.0,45.0,8.0,33.0,28.0,9.0,5.0,12.0,1.0,2.0,1.0,8.0,0.0,92.0,1.0,9.0,1.0,1.0,50.0,2.0,36.0,5.0,14.0,49.0,1.0,0.0,5.0,112.0,1.0,1.0,1.0,1.0,50.0,1.0,134.0,1.0,5308.0,0
45.0,3.0,94.0,21.0,13.0,1.0,4.0,14.0,11.0,1.0,0.0,1.0,4.0,2.0,13.0,45.0,11.0,33.0,38.0,9.0,7.0,12.0,1.0,0.0,1.0,8.0,1.0,94.0,1.0,2.0,1.0,0.0,44.0,2.0,36.0,0.0,14.0,49.0,1.0,0.0,9.0,112.0,1.0,1.0,1.0,2.0,44.0,1.0,134.0,1.0,5308.0,0
49.0,3.0,95.0,21.0,13.0,1.0,4.0,14.0,11.0,1.0,0.0,1.0,4.0,15.0,14.0,45.0,12.0,33.0,38.0,9.0,7.0,12.0,1.0,0.0,0.0,8.0,0.0,95.0,1.0,0.0,1.0,1.0,48.0,2.0,36.0,1.0,14.0,49.0,1.0,0.0,9.0,112.0,1.0,1.0,1.0,14.0,48.0,1.0,134.0,1.0,5308.0,0
43.0,4.0,91.0,17.0,13.0,0.0,3.0,14.0,11.0,1.0,0.0,1.0,3.0,106.0,13.0,42.0,2.0,33.0,20.0,8.0,4.0,12.0,1.0,0.0,1.0,8.0,1.0,91.0,1.0,1.0,1.0,1.0,40.0,2.0,36.0,3.0,14.0,49.0,0.0,0.0,3.0,112.0,1.0,1.0,1.0,106.0,40.0,1.0,134.0,1.0,5308.0,0
41.0,3.0,147.0,21.0,13.0,1.0,4.0,14.0,2.0,1.0,1.0,1.0,4.0,15.0,15.0,45.0,15.0,33.0,20.0,9.0,9.0,14.0,1.0,0.0,1.0,8.0,0.0,145.0,0.0,9.0,0.0,1.0,61.0,2.0,36.0,5.0,14.0,62.0,1.0,0.0,16.0,94.0,1.0,1.0,1.0,15.0,40.0,1.0,70.0,1.0,5308.0,0
41.0,3.0,57.0,21.0,51.0,1.0,4.0,52.0,9.0,1.0,0.0,1.0,4.0,53.0,13.0,45.0,0.0,33.0,8.0,9.0,1.0,12.0,1.0,0.0,1.0,8.0,1.0,57.0,0.0,2.0,0.0,1.0,40.0,2.0,36.0,5.0,52.0,49.0,1.0,0.0,2.0,90.0,1.0,1.0,0.0,53.0,40.0,1.0,83.0,1.0,5308.0,0
41.0,1.0,92.0,1.0,13.0,1.0,4.0,14.0,11.0,1.0,0.0,1.0,1.0,1.0,13.0,45.0,3.0,33.0,28.0,9.0,5.0,12.0,1.0,0.0,1.0,8.0,1.0,92.0,1.0,5.0,1.0,1.0,40.0,2.0,36.0,5.0,14.0,49.0,0.0,0.0,5.0,112.0,1.0,1.0,1.0,1.0,40.0,1.0,134.0,1.0,5308.0,0
41.0,4.0,102.0,18.0,13.0,1.0,4.0,14.0,11.0,1.0,1.0,1.0,3.0,15.0,13.0,45.0,4.0,33.0,20.0,9.0,1.0,12.0,1.0,1.0,1.0,2.0,1.0,100.0,1.0,10.0,1.0,1.0,35.0,0.0,36.0,5.0,14.0,49.0,0.0,0.0,14.0,112.0,1.0,1.0,1.0,6.0,40.0,1.0,134.0,1.0,5308.0,0
46.0,3.0,168.0,4.0,13.0,0.0,2.0,14.0,11.0,1.0,0.0,1.0,2.0,15.0,13.0,45.0,5.0,33.0,60.0,9.0,3.0,12.0,1.0,0.0,1.0,8.0,1.0,166.0,1.0,7.0,1.0,1.0,44.0,2.0,36.0,4.0,14.0,49.0,0.0,0.0,21.0,112.0,1.0,1.0,1.0,19.0,44.0,1.0,134.0,1.0,5308.0,8
41.0,3.0,69.0,21.0,28.0,1.0,4.0,14.0,5.0,1.0,0.0,1.0,4.0,15.0,30.0,45.0,6.0,33.0,20.0,9.0,4.0,12.0,1.0,0.0,1.0,8.0,0.0,69.0,0.0,6.0,1.0,1.0,46.0,2.0,36.0,5.0,14.0,49.0,1.0,0.0,3.0,112.0,1.0,0.0,1.0,30.0,46.0,1.0,65.0,1.0,5308.0,8
41.0,3.0,1.0,21.0,2.0,1.0,4.0,3.0,3.0,1.0,0.0,1.0,4.0,4.0,13.0,45.0,0.0,33.0,8.0,9.0,1.0,12.0,1.0,0.0,1.0,8.0,1.0,1.0,0.0,2.0,0.0,1.0,40.0,2.0,36.0,5.0,3.0,49.0,1.0,0.0,2.0,0.0,1.0,0.0,0.0,4.0,40.0,1.0,35.0,1.0,5308.0,8
41.0,3.0,1.0,21.0,2.0,1.0,4.0,3.0,3.0,1.0,0.0,1.0,4.0,4.0,13.0,45.0,0.0,33.0,8.0,9.0,1.0,12.0,1.0,0.0,1.0,8.0,1.0,1.0,0.0,2.0,0.0,1.0,40.0,2.0,36.0,5.0,3.0,49.0,1.0,0.0,2.0,0.0,1.0,0.0,0.0,4.0,40.0,1.0,35.0,1.0,5308.0,8
41.0,3.0,1.0,21.0,2.0,1.0,4.0,3.0,3.0,1.0,0.0,1.0,4.0,4.0,13.0,45.0,0.0,33.0,8.0,9.0,1.0,12.0,1.0,0.0,1.0,8.0,1.0,1.0,0.0,2.0,0.0,1.0,40.0,2.0,36.0,5.0,3.0,49.0,1.0,0.0,2.0,0.0,1.0,0.0,0.0,4.0,40.0,1.0,35.0,1.0,5308.0,8
41.0,3.0,1.0,21.0,2.0,1.0,4.0,3.0,3.0,1.0,0.0,1.0,4.0,4.0,13.0,45.0,0.0,33.0,8.0,9.0,1.0,12.0,1.0,0.0,1.0,8.0,1.0,1.0,0.0,2.0,0.0,1.0,40.0,2.0,36.0,5.0,3.0,49.0,1.0,0.0,2.0,0.0,1.0,0.0,0.0,4.0,40.0,1.0,35.0,1.0,5308.0,8
41.0,3.0,171.0,9.0,13.0,1.0,4.0,14.0,11.0,1.0,1.0,1.0,2.0,15.0,13.0,45.0,16.0,26.0,20.0,9.0,3.0,12.0,1.0,4.0,1.0,8.0,1.0,167.0,1.0,10.0,1.0,1.0,40.0,1.0,31.0,5.0,14.0,49.0,0.0,1.0,26.0,112.0,0.0,1.0,1.0,14.0,40.0,1.0,134.0,1.0,5308.0,8
34.0,1.0,97.0,3.0,13.0,1.0,4.0,14.0,11.0,1.0,1.0,1.0,1.0,15.0,13.0,45.0,10.0,33.0,20.0,9.0,1.0,12.0,0.0,4.0,1.0,8.0,1.0,167.0,1.0,3.0,1.0,1.0,34.0,2.0,36.0,2.0,14.0,49.0,0.0,1.0,12.0,112.0,1.0,1.0,1.0,14.0,40.0,0.0,134.0,1.0,5308.0,8
41.0,3.0,171.0,7.0,13.0,1.0,4.0,14.0,11.0,1.0,1.0,1.0,2.0,15.0,13.0,45.0,16.0,18.0,20.0,9.0,3.0,12.0,1.0,4.0,1.0,8.0,1.0,167.0,1.0,10.0,1.0,1.0,40.0,1.0,12.0,5.0,14.0,49.0,0.0,1.0,26.0,112.0,0.0,1.0,1.0,14.0,40.0,1.0,134.0,1.0,5308.0,8
34.0,1.0,97.0,3.0,13.0,1.0,4.0,14.0,11.0,1.0,1.0,1.0,1.0,15.0,13.0,45.0,10.0,33.0,20.0,9.0,1.0,12.0,0.0,4.0,1.0,8.0,1.0,167.0,1.0,3.0,1.0,1.0,34.0,2.0,36.0,2.0,14.0,49.0,0.0,1.0,12.0,112.0,1.0,1.0,1.0,14.0,40.0,0.0,134.0,1.0,5308.0,8
41.0,3.0,171.0,9.0,13.0,1.0,4.0,14.0,11.0,1.0,1.0,1.0,2.0,15.0,13.0,45.0,16.0,15.0,20.0,9.0,3.0,12.0,1.0,4.0,1.0,8.0,1.0,167.0,1.0,10.0,1.0,1.0,40.0,1.0,28.0,5.0,14.0,49.0,0.0,1.0,26.0,112.0,0.0,1.0,1.0,14.0,40.0,1.0,134.0,1.0,5308.0,8
34.0,1.0,97.0,3.0,13.0,1.0,4.0,14.0,11.0,1.0,1.0,1.0,1.0,15.0,13.0,45.0,10.0,33.0,20.0,9.0,1.0,12.0,0.0,4.0,1.0,8.0,1.0,167.0,1.0,3.0,1.0,1.0,34.0,2.0,36.0,2.0,14.0,49.0,0.0,1.0,12.0,112.0,1.0,1.0,1.0,14.0,40.0,0.0,134.0,1.0,5308.0,8
41.0,3.0,171.0,7.0,13.0,1.0,4.0,14.0,11.0,1.0,1.0,1.0,2.0,15.0,13.0,45.0,16.0,8.0,20.0,9.0,3.0,12.0,1.0,4.0,1.0,8.0,1.0,167.0,1.0,10.0,1.0,1.0,40.0,1.0,8.0,5.0,14.0,49.0,0.0,1.0,26.0,112.0,0.0,1.0,1.0,14.0,40.0,1.0,134.0,1.0,5308.0,8
34.0,1.0,97.0,3.0,13.0,1.0,4.0,14.0,11.0,1.0,1.0,1.0,1.0,15.0,13.0,45.0,10.0,33.0,20.0,9.0,1.0,12.0,0.0,4.0,1.0,8.0,1.0,167.0,1.0,3.0,1.0,1.0,34.0,2.0,36.0,2.0,14.0,49.0,0.0,1.0,12.0,112.0,1.0,1.0,1.0,14.0,40.0,0.0,134.0,1.0,5308.0,8
41.0,3.0,171.0,9.0,13.0,1.0,4.0,14.0,11.0,1.0,1.0,1.0,2.0,15.0,13.0,45.0,16.0,2.0,20.0,9.0,3.0,12.0,1.0,4.0,1.0,8.0,1.0,167.0,1.0,10.0,1.0,1.0,40.0,1.0,25.0,5.0,14.0,49.0,0.0,1.0,26.0,112.0,0.0,1.0,1.0,14.0,40.0,1.0,134.0,1.0,5308.0,8
34.0,1.0,97.0,3.0,13.0,1.0,4.0,14.0,11.0,1.0,1.0,1.0,1.0,15.0,13.0,45.0,10.0,33.0,20.0,9.0,1.0,12.0,0.0,4.0,1.0,8.0,1.0,167.0,1.0,3.0,1.0,1.0,34.0,2.0,36.0,2.0,14.0,49.0,0.0,1.0,12.0,112.0,1.0,1.0,1.0,14.0,40.0,0.0,134.0,1.0,5308.0,8
41.0,3.0,171.0,8.0,13.0,1.0,4.0,14.0,11.0,1.0,1.0,1.0,2.0,15.0,13.0,45.0,16.0,25.0,20.0,9.0,3.0,12.0,1.0,4.0,1.0,8.0,1.0,167.0,1.0,10.0,1.0,1.0,40.0,1.0,23.0,5.0,14.0,49.0,0.0,1.0,26.0,112.0,0.0,1.0,1.0,14.0,40.0,1.0,134.0,1.0,5308.0,8
34.0,1.0,97.0,3.0,13.0,1.0,4.0,14.0,11.0,1.0,1.0,1.0,1.0,15.0,13.0,45.0,10.0,33.0,20.0,9.0,1.0,12.0,0.0,4.0,1.0,8.0,1.0,167.0,1.0,3.0,1.0,1.0,34.0,2.0,36.0,2.0,14.0,49.0,0.0,1.0,12.0,112.0,1.0,1.0,1.0,14.0,40.0,0.0,134.0,1.0,5308.0,8
34.0,3.0,0.0,21.0,13.0,1.0,4.0,14.0,11.0,1.0,1.0,1.0,4.0,15.0,13.0,45.0,9.0,33.0,20.0,9.0,0.0,12.0,0.0,3.0,1.0,8.0,1.0,0.0,1.0,0.0,1.0,1.0,34.0,2.0,36.0,0.0,14.0,49.0,1.0,0.0,1.0,112.0,1.0,1.0,1.0,32.0,40.0,1.0,134.0,1.0,5308.0,8
41.0,4.0,102.0,18.0,13.0,1.0,4.0,14.0,11.0,1.0,1.0,1.0,3.0,15.0,13.0,45.0,4.0,33.0,20.0,9.0,1.0,12.0,1.0,1.0,1.0,2.0,1.0,100.0,1.0,10.0,1.0,1.0,35.0,0.0,36.0,5.0,14.0,49.0,0.0,0.0,14.0,112.0,1.0,1.0,1.0,6.0,40.0,1.0,134.0,1.0,5308.0,8
46.0,3.0,168.0,4.0,13.0,0.0,2.0,14.0,11.0,1.0,0.0,1.0,2.0,15.0,13.0,45.0,5.0,33.0,60.0,9.0,3.0,12.0,1.0,0.0,1.0,8.0,1.0,166.0,1.0,7.0,1.0,1.0,44.0,2.0,36.0,4.0,14.0,49.0,0.0,0.0,21.0,112.0,1.0,1.0,1.0,19.0,44.0,1.0,134.0,1.0,5308.0,0
41.0,0.0,81.0,21.0,21.0,1.0,4.0,14.0,4.0,1.0,0.0,1.0,0.0,15.0,24.0,45.0,6.0,33.0,20.0,9.0,4.0,12.0,1.0,0.0,1.0,8.0,0.0,81.0,0.0,6.0,1.0,1.0,46.0,2.0,36.0,5.0,14.0,49.0,0.0,0.0,3.0,112.0,1.0,10.0,1.0,24.0,46.0,1.0,0.0,1.0,5308.0,0
41.0,3.0,42.0,21.0,36.0,1.0,4.0,37.0,8.0,1.0,0.0,1.0,4.0,38.0,13.0,45.0,0.0,33.0,8.0,9.0,1.0,12.0,1.0,0.0,1.0,8.0,1.0,42.0,0.0,2.0,0.0,1.0,40.0,2.0,36.0,5.0,37.0,49.0,1.0,0.0,2.0,58.0,1.0,1.0,0.0,38.0,40.0,1.0,10.0,1.0,5308.0,0
41.0,3.0,133.0,21.0,11.0,1.0,4.0,12.0,0.0,1.0,1.0,1.0,4.0,15.0,13.0,45.0,15.0,33.0,20.0,9.0,9.0,12.0,1.0,0.0,1.0,8.0,0.0,131.0,0.0,9.0,0.0,1.0,48.0,2.0,36.0,5.0,14.0,49.0,1.0,0.0,16.0,71.0,1.0,1.0,1.0,13.0,40.0,1.0,23.0,1.0,5308.0,0
41.0,3.0,4.0,21.0,13.0,1.0,4.0,14.0,2.0,1.0,0.0,1.0,4.0,15.0,13.0,45.0,0.0,33.0,8.0,9.0,1.0,12.0,1.0,0.0,1.0,8.0,1.0,4.0,0.0,2.0,0.0,1.0,40.0,2.0,36.0,5.0,14.0,49.0,1.0,0.0,2.0,4.0,1.0,0.0,0.0,15.0,40.0,1.0,87.0,1.0,5308.0,0
41.0,3.0,119.0,21.0,8.0,1.0,4.0,9.0,10.0,1.0,1.0,1.0,4.0,15.0,10.0,45.0,15.0,33.0,20.0,9.0,9.0,9.0,1.0,0.0,1.0,8.0,0.0,117.0,0.0,9.0,0.0,1.0,48.0,2.0,36.0,5.0,14.0,49.0,1.0,0.0,16.0,41.0,1.0,1.0,1.0,10.0,40.0,1.0,124.0,1.0,5308.0,0
41.0,0.0,93.0,0.0,13.0,0.0,1.0,14.0,11.0,0.0,0.0,1.0,0.0,2.0,13.0,41.0,7.0,33.0,30.0,9.0,6.0,12.0,1.0,0.0,1.0,8.0,1.0,93.0,1.0,2.0,1.0,1.0,40.0,2.0,36.0,5.0,14.0,49.0,0.0,0.0,7.0,112.0,1.0,1.0,1.0,2.0,40.0,1.0,134.0,0.0,5308.0,0
41.0,3.0,92.0,21.0,13.0,1.0,4.0,14.0,11.0,1.0,0.0,0.0,4.0,15.0,1.0,45.0,8.0,33.0,28.0,9.0,5.0,12.0,1.0,2.0,1.0,8.0,0.0,92.0,1.0,9.0,1.0,1.0,50.0,2.0,36.0,5.0,14.0,49.0,1.0,0.0,5.0,112.0,1.0,1.0,1.0,1.0,50.0,1.0,134.0,1.0,5308.0,0
41.0,3.0,94.0,21.0,13.0,1.0,4.0,14.0,11.0,1.0,0.0,1.0,4.0,2.0,13.0,45.0,11.0,33.0,38.0,9.0,7.0,12.0,1.0,0.0,1.0,8.0,1.0,94.0,1.0,2.0,1.0,0.0,40.0,2.0,36.0,0.0,14.0,49.0,1.0,0.0,9.0,112.0,1.0,1.0,1.0,2.0,40.0,1.0,134.0,1.0,5308.0,0
49.0,3.0,95.0,21.0,13.0,1.0,4.0,14.0,11.0,1.0,0.0,1.0,4.0,15.0,14.0,45.0,12.0,33.0,38.0,9.0,7.0,12.0,1.0,0.0,0.0,8.0,0.0,95.0,1.0,0.0,1.0,1.0,48.0,2.0,36.0,1.0,14.0,49.0,1.0,0.0,9.0,112.0,1.0,1.0,1.0,14.0,48.0,1.0,134.0,1.0,5308.0,0
43.0,4.0,87.0,17.0,13.0,0.0,3.0,14.0,11.0,1.0,0.0,1.0,3.0,106.0,13.0,42.0,2.0,33.0,20.0,4.0,4.0,12.0,1.0,0.0,1.0,8.0,1.0,87.0,1.0,1.0,1.0,1.0,40.0,2.0,36.0,3.0,14.0,49.0,0.0,0.0,3.0,112.0,1.0,1.0,1.0,106.0,40.0,1.0,134.0,1.0,5308.0,0
41.0,3.0,149.0,21.0,13.0,1.0,4.0,14.0,2.0,1.0,1.0,1.0,4.0,15.0,15.0,45.0,15.0,33.0,20.0,9.0,9.0,14.0,1.0,0.0,1.0,8.0,0.0,147.0,0.0,9.0,0.0,1.0,61.0,2.0,36.0,5.0,14.0,62.0,1.0,0.0,16.0,96.0,1.0,1.0,1.0,15.0,40.0,1.0,72.0,1.0,5308.0,0
41.0,3.0,111.0,21.0,13.0,1.0,4.0,14.0,11.0,1.0,0.0,1.0,4.0,1.0,13.0,45.0,13.0,33.0,48.0,9.0,9.0,12.0,1.0,0.0,1.0,8.0,1.0,109.0,1.0,2.0,1.0,1.0,46.0,2.0,36.0,5.0,14.0,49.0,1.0,0.0,16.0,112.0,1.0,1.0,1.0,1.0,46.0,1.0,134.0,1.0,5308.0,0
56.0,0.0,165.0,2.0,13.0,0.0,0.0,14.0,11.0,0.0,0.0,1.0,0.0,15.0,13.0,49.0,14.0,33.0,58.0,9.0,11.0,12.0,1.0,0.0,1.0,8.0,0.0,163.0,1.0,4.0,1.0,1.0,48.0,2.0,36.0,3.0,14.0,49.0,0.0,0.0,18.0,112.0,1.0,1.0,1.0,13.0,48.0,1.0,134.0,1.0,9808.0,0
41.0,3.0,58.0,21.0,51.0,1.0,4.0,52.0,9.0,1.0,0.0,1.0,4.0,53.0,13.0,45.0,0.0,33.0,8.0,9.0,1.0,12.0,1.0,0.0,1.0,8.0,1.0,58.0,0.0,2.0,0.0,1.0,40.0,2.0,36.0,5.0,52.0,49.0,1.0,0.0,2.0,91.0,1.0,1.0,0.0,53.0,40.0,1.0,84.0,1.0,5308.0,0
41.0,1.0,92.0,1.0,13.0,1.0,4.0,14.0,11.0,1.0,0.0,1.0,1.0,1.0,13.0,45.0,3.0,33.0,28.0,9.0,5.0,12.0,1.0,0.0,1.0,8.0,1.0,92.0,1.0,5.0,1.0,1.0,40.0,2.0,36.0,5.0,14.0,49.0,0.0,0.0,5.0,112.0,1.0,1.0,1.0,1.0,40.0,1.0,134.0,1.0,5308.0,0
41.0,3.0,103.0,19.0,13.0,1.0,4.0,14.0,11.0,1.0,1.0,1.0,2.0,15.0,13.0,45.0,4.0,33.0,20.0,9.0,1.0,12.0,1.0,1.0,1.0,2.0,1.0,101.0,1.0,10.0,1.0,1.0,35.0,0.0,36.0,5.0,14.0,49.0,0.0,0.0,14.0,112.0,1.0,1.0,1.0,6.0,40.0,1.0,134.0,1.0,5308.0,0
46.0,3.0,168.0,4.0,13.0,0.0,2.0,14.0,11.0,1.0,0.0,1.0,2.0,15.0,13.0,45.0,5.0,33.0,60.0,9.0,3.0,12.0,1.0,0.0,1.0,8.0,1.0,166.0,1.0,7.0,1.0,1.0,44.0,2.0,36.0,4.0,14.0,49.0,0.0,0.0,21.0,112.0,1.0,1.0,1.0,19.0,44.0,1.0,134.0,1.0,5308.0,0
41.0,3.0,63.0,21.0,21.0,1.0,4.0,14.0,4.0,1.0,0.0,1.0,4.0,15.0,23.0,45.0,6.0,33.0,20.0,9.0,4.0,12.0,1.0,0.0,1.0,8.0,0.0,63.0,0.0,6.0,1.0,1.0,46.0,2.0,36.0,5.0,14.0,49.0,1.0,0.0,3.0,112.0,1.0,0.0,1.0,23.0,46.0,1.0,63.0,1.0,5308.0,0
41.0,3.0,171.0,6.0,13.0,1.0,4.0,14.0,11.0,1.0,1.0,1.0,2.0,15.0,13.0,45.0,16.0,0.0,20.0,9.0,3.0,12.0,1.0,4.0,1.0,8.0,1.0,167.0,1.0,10.0,1.0,1.0,40.0,1.0,0.0,5.0,14.0,49.0,0.0,1.0,26.0,112.0,0.0,1.0,1.0,14.0,40.0,1.0,134.0,1.0,5308.0,0
34.0,1.0,97.0,3.0,13.0,1.0,4.0,14.0,11.0,1.0,1.0,1.0,1.0,15.0,13.0,45.0,10.0,33.0,20.0,9.0,1.0,12.0,0.0,4.0,1.0,8.0,1.0,167.0,1.0,3.0,1.0,1.0,34.0,2.0,36.0,2.0,14.0,49.0,0.0,1.0,13.0,112.0,1.0,1.0,1.0,14.0,40.0,0.0,134.0,1.0,5308.0,0
34.0,3.0,0.0,21.0,13.0,1.0,4.0,14.0,11.0,1.0,1.0,1.0,4.0,15.0,13.0,45.0,9.0,33.0,20.0,9.0,0.0,12.0,0.0,3.0,1.0,8.0,1.0,0.0,1.0,0.0,1.0,1.0,34.0,2.0,36.0,0.0,14.0,49.0,1.0,0.0,0.0,112.0,1.0,1.0,1.0,32.0,40.0,1.0,134.0,1.0,5308.0,0
41.0,4.0,108.0,20.0,13.0,1.0,4.0,14.0,11.0,1.0,1.0,1.0,3.0,15.0,13.0,45.0,4.0,33.0,20.0,9.0,1.0,12.0,1.0,1.0,1.0,5.0,1.0,106.0,1.0,10.0,1.0,1.0,35.0,0.0,36.0,5.0,14.0,49.0,0.0,0.0,15.0,112.0,1.0,1.0,1.0,6.0,40.0,1.0,134.0,1.0,5308.0,0
46.0,3.0,168.0,4.0,13.0,0.0,2.0,14.0,11.0,1.0,0.0,1.0,2.0,15.0,13.0,45.0,5.0,33.0,60.0,9.0,3.0,12.0,1.0,0.0,1.0,8.0,1.0,166.0,1.0,7.0,1.0,1.0,44.0,2.0,36.0,4.0,14.0,49.0,0.0,0.0,22.0,112.0,1.0,1.0,1.0,19.0,44.0,1.0,134.0,1.0,5308.0,0
41.0,3.0,75.0,21.0,32.0,1.0,4.0,14.0,7.0,1.0,0.0,1.0,4.0,15.0,34.0,45.0,6.0,33.0,20.0,9.0,4.0,12.0,1.0,0.0,1.0,8.0,0.0,75.0,0.0,6.0,1.0,1.0,46.0,2.0,36.0,5.0,14.0,49.0,1.0,0.0,4.0,112.0,1.0,0.0,1.0,34.0,46.0,1.0,52.0,1.0,5308.0,0
41.0,3.0,3.0,21.0,3.0,1.0,4.0,4.0,6.0,1.0,0.0,1.0,4.0,5.0,13.0,45.0,0.0,33.0,8.0,9.0,1.0,12.0,1.0,0.0,1.0,8.0,1.0,3.0,0.0,2.0,0.0,1.0,40.0,2.0,36.0,5.0,4.0,49.0,1.0,0.0,23.0,2.0,1.0,0.0,0.0,5.0,40.0,1.0,36.0,1.0,5308.0,0
41.0,3.0,145.0,21.0,11.0,1.0,4.0,12.0,0.0,1.0,1.0,1.0,4.0,15.0,13.0,45.0,15.0,33.0,20.0,9.0,9.0,12.0,1.0,0.0,1.0,8.0,0.0,143.0,0.0,9.0,0.0,1.0,48.0,2.0,36.0,5.0,14.0,49.0,1.0,0.0,17.0,83.0,1.0,1.0,1.0,13.0,40.0,1.0,37.0,1.0,5308.0,0
41.0,3.0,49.0,21.0,36.0,1.0,4.0,37.0,8.0,1.0,0.0,1.0,4.0,38.0,13.0,45.0,0.0,33.0,8.0,9.0,1.0,12.0,1.0,0.0,1.0,8.0,1.0,49.0,0.0,2.0,0.0,1.0,40.0,2.0,36.0,5.0,37.0,49.0,1.0,0.0,23.0,65.0,1.0,1.0,0.0,38.0,40.0,1.0,17.0,1.0,5308.0,0
41.0,3.0,131.0,21.0,11.0,1.0,4.0,12.0,0.0,1.0,1.0,1.0,4.0,15.0,13.0,45.0,15.0,33.0,20.0,9.0,9.0,12.0,1.0,0.0,1.0,8.0,0.0,129.0,0.0,9.0,0.0,1.0,48.0,2.0,36.0,5.0,14.0,49.0,1.0,0.0,17.0,69.0,1.0,1.0,1.0,13.0,40.0,1.0,21.0,1.0,5308.0,0
41.0,3.0,11.0,21.0,13.0,1.0,4.0,14.0,2.0,1.0,0.0,1.0,4.0,15.0,13.0,45.0,0.0,33.0,8.0,9.0,1.0,12.0,1.0,0.0,1.0,8.0,1.0,11.0,0.0,2.0,0.0,1.0,40.0,2.0,36.0,5.0,14.0,49.0,1.0,0.0,23.0,11.0,1.0,0.0,0.0,15.0,40.0,1.0,94.0,1.0,5308.0,0
41.0,3.0,115.0,21.0,8.0,1.0,4.0,9.0,10.0,1.0,1.0,1.0,4.0,15.0,10.0,45.0,15.0,33.0,20.0,9.0,9.0,9.0,1.0,0.0,1.0,8.0,0.0,113.0,0.0,9.0,0.0,1.0,50.0,2.0,36.0,5.0,14.0,51.0,1.0,0.0,17.0,37.0,1.0,1.0,1.0,10.0,40.0,1.0,120.0,1.0,5308.0,0
41.0,0.0,93.0,0.0,13.0,0.0,1.0,14.0,11.0,0.0,0.0,1.0,0.0,2.0,13.0,41.0,7.0,33.0,30.0,9.0,6.0,12.0,1.0,0.0,1.0,8.0,1.0,93.0,1.0,2.0,1.0,1.0,40.0,2.0,36.0,5.0,14.0,49.0,0.0,0.0,8.0,112.0,1.0,1.0,1.0,2.0,40.0,1.0,134.0,0.0,5308.0,0
41.0,3.0,92.0,21.0,13.0,1.0,4.0,14.0,11.0,1.0,0.0,0.0,4.0,15.0,1.0,45.0,8.0,33.0,28.0,9.0,5.0,12.0,1.0,2.0,1.0,8.0,0.0,92.0,1.0,9.0,1.0,1.0,48.0,2.0,36.0,5.0,14.0,49.0,1.0,0.0,6.0,112.0,1.0,1.0,1.0,1.0,48.0,1.0,134.0,1.0,5308.0,0
41.0,3.0,94.0,21.0,13.0,1.0,4.0,14.0,11.0,1.0,0.0,1.0,4.0,2.0,13.0,45.0,11.0,33.0,38.0,9.0,7.0,12.0,1.0,0.0,1.0,8.0,1.0,94.0,1.0,2.0,1.0,0.0,40.0,2.0,36.0,0.0,14.0,49.0,1.0,0.0,10.0,112.0,1.0,1.0,1.0,2.0,40.0,1.0,134.0,1.0,5308.0,0
49.0,3.0,95.0,21.0,13.0,1.0,4.0,14.0,11.0,1.0,0.0,1.0,4.0,15.0,14.0,45.0,12.0,33.0,38.0,9.0,7.0,12.0,1.0,0.0,0.0,8.0,0.0,95.0,1.0,0.0,1.0,1.0,48.0,2.0,36.0,1.0,14.0,49.0,1.0,0.0,10.0,112.0,1.0,1.0,1.0,14.0,48.0,1.0,134.0,1.0,5308.0,0
43.0,4.0,89.0,17.0,13.0,0.0,3.0,14.0,11.0,1.0,0.0,1.0,3.0,106.0,13.0,42.0,2.0,33.0,20.0,6.0,4.0,12.0,1.0,0.0,1.0,8.0,1.0,89.0,1.0,1.0,1.0,1.0,40.0,2.0,36.0,3.0,14.0,49.0,0.0,0.0,4.0,112.0,1.0,1.0,1.0,106.0,40.0,1.0,134.0,1.0,5308.0,0
41.0,3.0,151.0,21.0,13.0,1.0,4.0,14.0,2.0,1.0,1.0,1.0,4.0,15.0,15.0,45.0,15.0,33.0,20.0,9.0,9.0,14.0,1.0,0.0,1.0,8.0,0.0,149.0,0.0,9.0,0.0,1.0,61.0,2.0,36.0,5.0,14.0,62.0,1.0,0.0,17.0,98.0,1.0,1.0,1.0,15.0,40.0,1.0,75.0,1.0,5308.0,0
41.0,3.0,51.0,21.0,51.0,1.0,4.0,52.0,9.0,1.0,0.0,1.0,4.0,53.0,13.0,45.0,0.0,33.0,8.0,9.0,1.0,12.0,1.0,0.0,1.0,8.0,1.0,51.0,0.0,2.0,0.0,1.0,40.0,2.0,36.0,5.0,52.0,49.0,1.0,0.0,23.0,84.0,1.0,1.0,0.0,53.0,40.0,1.0,73.0,1.0,5308.0,0
41.0,1.0,92.0,1.0,13.0,1.0,4.0,14.0,11.0,1.0,0.0,1.0,1.0,1.0,13.0,45.0,3.0,33.0,28.0,9.0,5.0,12.0,1.0,0.0,1.0,8.0,1.0,92.0,1.0,5.0,1.0,1.0,40.0,2.0,36.0,5.0,14.0,49.0,0.0,0.0,6.0,112.0,1.0,1.0,1.0,1.0,40.0,1.0,134.0,1.0,5308.0,0
41.0,4.0,104.0,5.0,13.0,1.0,4.0,14.0,11.0,1.0,1.0,1.0,3.0,15.0,13.0,45.0,4.0,33.0,20.0,9.0,1.0,12.0,1.0,1.0,1.0,3.0,1.0,102.0,1.0,10.0,1.0,1.0,35.0,0.0,36.0,5.0,14.0,49.0,0.0,0.0,15.0,112.0,1.0,1.0,1.0,6.0,40.0,1.0,134.0,1.0,5308.0,9
46.0,3.0,168.0,4.0,13.0,0.0,2.0,14.0,11.0,1.0,0.0,1.0,2.0,15.0,13.0,45.0,5.0,33.0,60.0,9.0,3.0,12.0,1.0,0.0,1.0,8.0,1.0,166.0,1.0,7.0,1.0,1.0,44.0,2.0,36.0,4.0,14.0,49.0,0.0,0.0,22.0,112.0,1.0,1.0,1.0,19.0,44.0,1.0,134.0,1.0,5308.0,9
41.0,3.0,67.0,21.0,28.0,1.0,4.0,14.0,5.0,1.0,0.0,1.0,4.0,15.0,30.0,45.0,6.0,33.0,20.0,9.0,4.0,12.0,1.0,0.0,1.0,8.0,0.0,67.0,0.0,6.0,1.0,1.0,46.0,2.0,36.0,5.0,14.0,49.0,1.0,0.0,4.0,112.0,1.0,0.0,1.0,30.0,46.0,1.0,62.0,1.0,5308.0,9
41.0,3.0,2.0,21.0,3.0,1.0,4.0,4.0,6.0,1.0,0.0,1.0,4.0,5.0,13.0,45.0,0.0,33.0,8.0,9.0,1.0,12.0,1.0,0.0,1.0,8.0,1.0,2.0,0.0,2.0,0.0,1.0,40.0,2.0,36.0,5.0,4.0,49.0,1.0,0.0,23.0,1.0,1.0,0.0,0.0,5.0,40.0,1.0,2.0,1.0,5308.0,9
41.0,3.0,171.0,6.0,13.0,1.0,4.0,14.0,11.0,1.0,1.0,1.0,2.0,15.0,13.0,45.0,16.0,20.0,20.0,9.0,3.0,12.0,1.0,4.0,1.0,8.0,1.0,167.0,1.0,10.0,1.0,1.0,40.0,1.0,4.0,5.0,14.0,49.0,0.0,1.0,26.0,112.0,0.0,1.0,1.0,14.0,40.0,1.0,134.0,1.0,5308.0,9
34.0,1.0,97.0,3.0,13.0,1.0,4.0,14.0,11.0,1.0,1.0,1.0,1.0,15.0,13.0,45.0,10.0,33.0,20.0,9.0,1.0,12.0,0.0,4.0,1.0,8.0,1.0,167.0,1.0,3.0,1.0,1.0,34.0,2.0,36.0,2.0,14.0,49.0,0.0,1.0,13.0,112.0,1.0,1.0,1.0,14.0,40.0,0.0,134.0,1.0,5308.0,9
41.0,3.0,164.0,21.0,32.0,1.0,4.0,33.0,7.0,1.0,1.0,1.0,4.0,15.0,34.0,45.0,15.0,33.0,20.0,9.0,9.0,33.0,1.0,0.0,1.0,8.0,0.0,162.0,0.0,9.0,0.0,1.0,46.0,2.0,36.0,5.0,14.0,47.0,1.0,0.0,17.0,111.0,1.0,4.0,1.0,34.0,40.0,1.0,68.0,1.0,5308.0,9
41.0,3.0,171.0,7.0,13.0,1.0,4.0,14.0,11.0,1.0,1.0,1.0,2.0,15.0,13.0,45.0,16.0,31.0,20.0,9.0,3.0,12.0,1.0,4.0,1.0,8.0,1.0,167.0,1.0,10.0,1.0,1.0,40.0,1.0,17.0,5.0,14.0,49.0,0.0,1.0,26.0,112.0,0.0,1.0,1.0,14.0,40.0,1.0,134.0,1.0,5308.0,0
34.0,1.0,97.0,3.0,13.0,1.0,4.0,14.0,11.0,1.0,1.0,1.0,1.0,15.0,13.0,45.0,10.0,33.0,20.0,9.0,1.0,12.0,0.0,4.0,1.0,8.0,1.0,167.0,1.0,3.0,1.0,1.0,34.0,2.0,36.0,2.0,14.0,49.0,0.0,1.0,13.0,112.0,1.0,1.0,1.0,14.0,40.0,0.0,134.0,1.0,5308.0,0
34.0,3.0,0.0,21.0,13.0,1.0,4.0,14.0,11.0,1.0,1.0,1.0,4.0,15.0,13.0,45.0,9.0,33.0,20.0,9.0,0.0,12.0,0.0,3.0,1.0,8.0,1.0,0.0,1.0,0.0,1.0,1.0,34.0,2.0,36.0,0.0,14.0,49.0,1.0,0.0,0.0,112.0,1.0,1.0,1.0,32.0,40.0,1.0,134.0,1.0,5308.0,0
41.0,4.0,104.0,5.0,13.0,1.0,4.0,14.0,11.0,1.0,1.0,1.0,3.0,15.0,13.0,45.0,4.0,33.0,20.0,9.0,1.0,12.0,1.0,1.0,1.0,3.0,1.0,102.0,1.0,10.0,1.0,1.0,35.0,0.0,36.0,5.0,14.0,49.0,0.0,0.0,15.0,112.0,1.0,1.0,1.0,6.0,40.0,1.0,134.0,1.0,5308.0,0
46.0,3.0,168.0,4.0,13.0,0.0,2.0,14.0,11.0,1.0,0.0,1.0,2.0,15.0,13.0,45.0,5.0,33.0,60.0,9.0,3.0,12.0,1.0,0.0,1.0,8.0,1.0,166.0,1.0,7.0,1.0,1.0,44.0,2.0,36.0,4.0,14.0,49.0,0.0,0.0,22.0,112.0,1.0,1.0,1.0,19.0,44.0,1.0,134.0,1.0,5308.0,0
41.0,0.0,82.0,21.0,32.0,1.0,4.0,14.0,7.0,1.0,0.0,1.0,0.0,15.0,35.0,45.0,6.0,33.0,20.0,9.0,4.0,12.0,1.0,0.0,1.0,8.0,0.0,82.0,0.0,6.0,1.0,1.0,46.0,2.0,36.0,5.0,14.0,49.0,0.0,0.0,4.0,112.0,1.0,10.0,1.0,35.0,46.0,1.0,54.0,1.0,5308.0,0
41.0,3.0,35.0,21.0,36.0,1.0,4.0,37.0,8.0,1.0,0.0,1.0,4.0,38.0,13.0,45.0,0.0,33.0,8.0,9.0,1.0,12.0,1.0,0.0,1.0,8.0,1.0,35.0,0.0,2.0,0.0,1.0,40.0,2.0,36.0,5.0,37.0,49.0,1.0,0.0,23.0,51.0,1.0,1.0,0.0,38.0,40.0,1.0,3.0,1.0,5308.0,0
41.0,3.0,142.0,21.0,11.0,1.0,4.0,12.0,0.0,1.0,1.0,1.0,4.0,15.0,13.0,45.0,15.0,33.0,20.0,9.0,9.0,12.0,1.0,0.0,1.0,8.0,0.0,140.0,0.0,9.0,0.0,1.0,48.0,2.0,36.0,5.0,14.0,49.0,1.0,0.0,17.0,80.0,1.0,1.0,1.0,13.0,40.0,1.0,32.0,1.0,5308.0,0
41.0,3.0,29.0,21.0,13.0,1.0,4.0,14.0,2.0,1.0,0.0,1.0,4.0,15.0,13.0,45.0,0.0,33.0,8.0,9.0,1.0,12.0,1.0,0.0,1.0,8.0,1.0,29.0,0.0,2.0,0.0,1.0,40.0,2.0,36.0,5.0,14.0,49.0,1.0,0.0,23.0,29.0,1.0,0.0,0.0,15.0,40.0,1.0,112.0,1.0,5308.0,0
41.0,3.0,125.0,21.0,8.0,1.0,4.0,9.0,10.0,1.0,1.0,1.0,4.0,15.0,10.0,45.0,15.0,33.0,20.0,9.0,9.0,9.0,1.0,0.0,1.0,8.0,0.0,123.0,0.0,9.0,0.0,1.0,48.0,2.0,36.0,5.0,14.0,49.0,1.0,0.0,17.0,47.0,1.0,1.0,1.0,10.0,40.0,1.0,130.0,1.0,5308.0,0
41.0,0.0,93.0,0.0,13.0,0.0,1.0,14.0,11.0,0.0,0.0,1.0,0.0,2.0,13.0,41.0,7.0,33.0,30.0,9.0,6.0,12.0,1.0,0.0,1.0,8.0,1.0,93.0,1.0,2.0,1.0,1.0,40.0,2.0,36.0,5.0,14.0,49.0,0.0,0.0,8.0,112.0,1.0,1.0,1.0,2.0,40.0,1.0,134.0,0.0,5308.0,0
41.0,3.0,92.0,21.0,13.0,1.0,4.0,14.0,11.0,1.0,0.0,0.0,4.0,15.0,1.0,45.0,8.0,33.0,28.0,9.0,5.0,12.0,1.0,2.0,1.0,8.0,0.0,92.0,1.0,9.0,1.0,1.0,50.0,2.0,36.0,5.0,14.0,49.0,1.0,0.0,6.0,112.0,1.0,1.0,1.0,1.0,50.0,1.0,134.0,1.0,5308.0,0
41.0,3.0,94.0,21.0,13.0,1.0,4.0,14.0,11.0,1.0,0.0,1.0,4.0,2.0,13.0,45.0,11.0,33.0,38.0,9.0,7.0,12.0,1.0,0.0,1.0,8.0,1.0,94.0,1.0,2.0,1.0,0.0,40.0,2.0,36.0,0.0,14.0,49.0,1.0,0.0,10.0,112.0,1.0,1.0,1.0,2.0,40.0,1.0,134.0,1.0,5308.0,0
49.0,3.0,95.0,21.0,13.0,1.0,4.0,14.0,11.0,1.0,0.0,1.0,4.0,15.0,14.0,45.0,12.0,33.0,38.0,9.0,7.0,12.0,1.0,0.0,0.0,8.0,0.0,95.0,1.0,0.0,1.0,1.0,48.0,2.0,36.0,1.0,14.0,49.0,1.0,0.0,10.0,112.0,1.0,1.0,1.0,14.0,48.0,1.0,134.0,1.0,5308.0,0
43.0,4.0,85.0,17.0,13.0,0.0,3.0,14.0,11.0,1.0,0.0,1.0,3.0,106.0,13.0,42.0,2.0,33.0,20.0,2.0,4.0,12.0,1.0,0.0,1.0,8.0,1.0,85.0,1.0,1.0,1.0,1.0,40.0,2.0,36.0,3.0,14.0,49.0,0.0,0.0,4.0,112.0,1.0,1.0,1.0,106.0,40.0,1.0,134.0,1.0,5308.0,0
41.0,3.0,148.0,21.0,13.0,1.0,4.0,14.0,2.0,1.0,1.0,1.0,4.0,15.0,15.0,45.0,15.0,33.0,20.0,9.0,9.0,14.0,1.0,0.0,1.0,8.0,0.0,146.0,0.0,9.0,0.0,1.0,61.0,2.0,36.0,5.0,14.0,62.0,1.0,0.0,17.0,95.0,1.0,1.0,1.0,15.0,40.0,1.0,71.0,1.0,5308.0,0
41.0,3.0,111.0,21.0,13.0,1.0,4.0,14.0,11.0,1.0,0.0,1.0,4.0,1.0,13.0,45.0,13.0,33.0,48.0,9.0,9.0,12.0,1.0,0.0,1.0,8.0,1.0,109.0,1.0,2.0,1.0,1.0,44.0,2.0,36.0,5.0,14.0,49.0,1.0,0.0,17.0,112.0,1.0,1.0,1.0,1.0,44.0,1.0,134.0,1.0,5308.0,0
43.0,4.0,85.0,17.0,13.0,0.0,3.0,14.0,11.0,1.0,0.0,1.0,3.0,106.0,13.0,42.0,2.0,33.0,20.0,2.0,4.0,12.0,1.0,0.0,1.0,8.0,1.0,85.0,1.0,1.0,1.0,1.0,40.0,2.0,36.0,3.0,14.0,49.0,0.0,0.0,4.0,112.0,1.0,1.0,1.0,106.0,40.0,1.0,134.0,1.0,5308.0,0
56.0,0.0,166.0,2.0,13.0,0.0,0.0,14.0,11.0,0.0,0.0,1.0,0.0,15.0,13.0,49.0,14.0,33.0,58.0,9.0,11.0,12.0,1.0,0.0,1.0,8.0,0.0,164.0,1.0,4.0,1.0,1.0,48.0,2.0,36.0,3.0,14.0,49.0,0.0,0.0,19.0,112.0,1.0,1.0,1.0,13.0,48.0,1.0,134.0,1.0,808.0,0
41.0,3.0,53.0,21.0,51.0,1.0,4.0,52.0,9.0,1.0,0.0,1.0,4.0,53.0,13.0,45.0,0.0,33.0,8.0,9.0,1.0,12.0,1.0,0.0,1.0,8.0,1.0,53.0,0.0,2.0,0.0,1.0,40.0,2.0,36.0,5.0,52.0,49.0,1.0,0.0,23.0,86.0,1.0,1.0,0.0,53.0,40.0,1.0,77.0,1.0,5308.0,0
41.0,1.0,92.0,1.0,13.0,1.0,4.0,14.0,11.0,1.0,0.0,1.0,1.0,1.0,13.0,45.0,3.0,33.0,28.0,9.0,5.0,12.0,1.0,0.0,1.0,8.0,1.0,92.0,1.0,5.0,1.0,1.0,40.0,2.0,36.0,5.0,14.0,49.0,0.0,0.0,6.0,112.0,1.0,1.0,1.0,1.0,40.0,1.0,134.0,1.0,5308.0,9
41.0,4.0,106.0,11.0,13.0,1.0,4.0,14.0,11.0,1.0,1.0,1.0,3.0,15.0,13.0,45.0,4.0,33.0,20.0,9.0,1.0,12.0,1.0,1.0,1.0,3.0,1.0,104.0,1.0,10.0,1.0,1.0,35.0,0.0,36.0,5.0,14.0,49.0,0.0,0.0,15.0,112.0,1.0,1.0,1.0,6.0,40.0,1.0,134.0,1.0,5308.0,9
46.0,3.0,168.0,4.0,13.0,0.0,2.0,14.0,11.0,1.0,0.0,1.0,2.0,15.0,13.0,45.0,5.0,33.0,60.0,9.0,3.0,12.0,1.0,0.0,1.0,8.0,1.0,166.0,1.0,7.0,1.0,1.0,44.0,2.0,36.0,4.0,14.0,49.0,0.0,0.0,22.0,112.0,1.0,1.0,1.0,19.0,44.0,1.0,134.0,1.0,5308.0,9
41.0,3.0,66.0,21.0,28.0,1.0,4.0,14.0,5.0,1.0,0.0,1.0,4.0,15.0,30.0,45.0,6.0,33.0,20.0,9.0,4.0,12.0,1.0,0.0,1.0,8.0,0.0,66.0,0.0,6.0,1.0,1.0,46.0,2.0,36.0,5.0,14.0,49.0,1.0,0.0,4.0,112.0,1.0,0.0,1.0,30.0,46.0,1.0,59.0,1.0,5308.0,9
41.0,3.0,2.0,21.0,3.0,1.0,4.0,4.0,6.0,1.0,0.0,1.0,4.0,5.0,13.0,45.0,0.0,33.0,8.0,9.0,1.0,12.0,1.0,0.0,1.0,8.0,1.0,2.0,0.0,2.0,0.0,1.0,40.0,2.0,36.0,5.0,4.0,49.0,1.0,0.0,23.0,1.0,1.0,0.0,0.0,5.0,40.0,1.0,2.0,1.0,5308.0,9
41.0,3.0,171.0,6.0,13.0,1.0,4.0,14.0,11.0,1.0,1.0,1.0,2.0,15.0,13.0,45.0,16.0,30.0,20.0,9.0,3.0,12.0,1.0,4.0,1.0,8.0,1.0,167.0,1.0,10.0,1.0,1.0,40.0,1.0,5.0,5.0,14.0,49.0,0.0,1.0,26.0,112.0,0.0,1.0,1.0,14.0,40.0,1.0,134.0,1.0,5308.0,9
34.0,1.0,97.0,3.0,13.0,1.0,4.0,14.0,11.0,1.0,1.0,1.0,1.0,15.0,13.0,45.0,10.0,33.0,20.0,9.0,1.0,12.0,0.0,4.0,1.0,8.0,1.0,167.0,1.0,3.0,1.0,1.0,34.0,2.0,36.0,2.0,14.0,49.0,0.0,1.0,13.0,112.0,1.0,1.0,1.0,14.0,40.0,0.0,134.0,1.0,5308.0,9
41.0,3.0,156.0,21.0,32.0,1.0,4.0,33.0,7.0,1.0,1.0,1.0,4.0,15.0,34.0,45.0,15.0,33.0,20.0,9.0,9.0,33.0,1.0,0.0,1.0,8.0,0.0,154.0,0.0,9.0,0.0,1.0,46.0,2.0,36.0,5.0,14.0,47.0,1.0,0.0,17.0,103.0,1.0,4.0,1.0,34.0,40.0,1.0,40.0,1.0,5308.0,9
41.0,1.0,92.0,1.0,13.0,1.0,4.0,14.0,11.0,1.0,0.0,1.0,1.0,1.0,13.0,45.0,3.0,33.0,28.0,9.0,5.0,12.0,1.0,0.0,1.0,8.0,1.0,92.0,1.0,5.0,1.0,1.0,40.0,2.0,36.0,5.0,14.0,49.0,0.0,0.0,6.0,112.0,1.0,1.0,1.0,1.0,40.0,1.0,134.0,1.0,5308.0,9
41.0,3.0,171.0,9.0,13.0,1.0,4.0,14.0,11.0,1.0,1.0,1.0,2.0,15.0,13.0,45.0,16.0,11.0,20.0,9.0,3.0,12.0,1.0,4.0,1.0,8.0,1.0,167.0,1.0,10.0,1.0,1.0,40.0,1.0,26.0,5.0,14.0,49.0,0.0,1.0,26.0,112.0,0.0,1.0,1.0,14.0,40.0,1.0,134.0,1.0,5308.0,9
34.0,1.0,97.0,3.0,13.0,1.0,4.0,14.0,11.0,1.0,1.0,1.0,1.0,15.0,13.0,45.0,10.0,33.0,20.0,9.0,1.0,12.0,0.0,4.0,1.0,8.0,1.0,167.0,1.0,3.0,1.0,1.0,34.0,2.0,36.0,2.0,14.0,49.0,0.0,1.0,13.0,112.0,1.0,1.0,1.0,14.0,40.0,0.0,134.0,1.0,5308.0,9
34.0,3.0,0.0,21.0,13.0,1.0,4.0,14.0,11.0,1.0,1.0,1.0,4.0,15.0,13.0,45.0,9.0,33.0,20.0,9.0,0.0,12.0,0.0,3.0,1.0,8.0,1.0,0.0,1.0,0.0,1.0,1.0,34.0,2.0,36.0,0.0,14.0,49.0,1.0,0.0,0.0,112.0,1.0,1.0,1.0,32.0,40.0,1.0,134.0,1.0,5308.0,9
41.0,4.0,106.0,11.0,13.0,1.0,4.0,14.0,11.0,1.0,1.0,1.0,3.0,15.0,13.0,45.0,4.0,33.0,20.0,9.0,1.0,12.0,1.0,1.0,1.0,3.0,1.0,104.0,1.0,10.0,1.0,1.0,35.0,0.0,36.0,5.0,14.0,49.0,0.0,0.0,15.0,112.0,1.0,1.0,1.0,6.0,40.0,1.0,134.0,1.0,5308.0,9
46.0,3.0,168.0,4.0,13.0,0.0,2.0,14.0,11.0,1.0,0.0,1.0,2.0,15.0,13.0,45.0,5.0,33.0,60.0,9.0,3.0,12.0,1.0,0.0,1.0,8.0,1.0,166.0,1.0,7.0,1.0,1.0,44.0,2.0,36.0,4.0,14.0,49.0,0.0,0.0,22.0,112.0,1.0,1.0,1.0,19.0,44.0,1.0,134.0,1.0,5308.0,9
41.0,3.0,70.0,21.0,32.0,1.0,4.0,14.0,7.0,1.0,0.0,1.0,4.0,15.0,34.0,45.0,6.0,33.0,20.0,9.0,4.0,12.0,1.0,0.0,1.0,8.0,0.0,70.0,0.0,6.0,1.0,1.0,46.0,2.0,36.0,5.0,14.0,49.0,1.0,0.0,4.0,112.0,1.0,0.0,1.0,34.0,46.0,1.0,42.0,1.0,5308.0,9
41.0,3.0,3.0,21.0,3.0,1.0,4.0,4.0,6.0,1.0,0.0,1.0,4.0,5.0,13.0,45.0,0.0,33.0,8.0,9.0,1.0,12.0,1.0,0.0,1.0,8.0,1.0,3.0,0.0,2.0,0.0,1.0,40.0,2.0,36.0,5.0,4.0,49.0,1.0,0.0,23.0,2.0,1.0,0.0,0.0,5.0,40.0,1.0,36.0,1.0,5308.0,9
41.0,3.0,145.0,21.0,11.0,1.0,4.0,12.0,0.0,1.0,1.0,1.0,4.0,15.0,13.0,45.0,15.0,33.0,20.0,9.0,9.0,12.0,1.0,0.0,1.0,8.0,0.0,143.0,0.0,9.0,0.0,1.0,48.0,2.0,36.0,5.0,14.0,49.0,1.0,0.0,17.0,83.0,1.0,1.0,1.0,13.0,40.0,1.0,37.0,1.0,5308.0,9
41.0,3.0,171.0,7.0,13.0,1.0,4.0,14.0,11.0,1.0,1.0,1.0,2.0,15.0,13.0,45.0,16.0,5.0,20.0,9.0,3.0,12.0,1.0,4.0,1.0,8.0,1.0,167.0,1.0,10.0,1.0,1.0,40.0,1.0,6.0,5.0,14.0,49.0,0.0,1.0,26.0,112.0,0.0,1.0,1.0,14.0,40.0,1.0,134.0,1.0,5308.0,9
34.0,1.0,97.0,3.0,13.0,1.0,4.0,14.0,11.0,1.0,1.0,1.0,1.0,15.0,13.0,45.0,10.0,33.0,20.0,9.0,1.0,12.0,0.0,4.0,1.0,8.0,1.0,167.0,1.0,3.0,1.0,1.0,34.0,2.0,36.0,2.0,14.0,49.0,0.0,1.0,13.0,112.0,1.0,1.0,1.0,14.0,40.0,0.0,134.0,1.0,5308.0,9
41.0,3.0,160.0,21.0,32.0,1.0,4.0,33.0,7.0,1.0,1.0,1.0,4.0,15.0,34.0,45.0,15.0,33.0,20.0,9.0,9.0,33.0,1.0,0.0,1.0,8.0,0.0,158.0,0.0,9.0,0.0,1.0,46.0,2.0,36.0,5.0,14.0,47.0,1.0,0.0,17.0,107.0,1.0,4.0,1.0,34.0,40.0,1.0,50.0,1.0,5308.0,9
41.0,1.0,92.0,1.0,13.0,1.0,4.0,14.0,11.0,1.0,0.0,1.0,1.0,1.0,13.0,45.0,3.0,33.0,28.0,9.0,5.0,12.0,1.0,0.0,1.0,8.0,1.0,92.0,1.0,5.0,1.0,1.0,40.0,2.0,36.0,5.0,14.0,49.0,0.0,0.0,6.0,112.0,1.0,1.0,1.0,1.0,40.0,1.0,134.0,1.0,5308.0,9
41.0,3.0,171.0,8.0,13.0,1.0,4.0,14.0,11.0,1.0,1.0,1.0,2.0,15.0,13.0,45.0,16.0,31.0,20.0,9.0,3.0,12.0,1.0,4.0,1.0,8.0,1.0,167.0,1.0,10.0,1.0,1.0,40.0,1.0,24.0,5.0,14.0,49.0,0.0,1.0,26.0,112.0,0.0,1.0,1.0,14.0,40.0,1.0,134.0,1.0,5308.0,9
34.0,1.0,97.0,3.0,13.0,1.0,4.0,14.0,11.0,1.0,1.0,1.0,1.0,15.0,13.0,45.0,10.0,33.0,20.0,9.0,1.0,12.0,0.0,4.0,1.0,8.0,1.0,167.0,1.0,3.0,1.0,1.0,34.0,2.0,36.0,2.0,14.0,49.0,0.0,1.0,13.0,112.0,1.0,1.0,1.0,14.0,40.0,0.0,134.0,1.0,5308.0,9
34.0,3.0,0.0,21.0,13.0,1.0,4.0,14.0,11.0,1.0,1.0,1.0,4.0,15.0,13.0,45.0,9.0,33.0,20.0,9.0,0.0,12.0,0.0,3.0,1.0,8.0,1.0,0.0,1.0,0.0,1.0,1.0,34.0,2.0,36.0,0.0,14.0,49.0,1.0,0.0,0.0,112.0,1.0,1.0,1.0,32.0,40.0,1.0,134.0,1.0,5308.0,9
41.0,4.0,106.0,11.0,13.0,1.0,4.0,14.0,11.0,1.0,1.0,1.0,3.0,15.0,13.0,45.0,4.0,33.0,20.0,9.0,1.0,12.0,1.0,1.0,1.0,3.0,1.0,104.0,1.0,10.0,1.0,1.0,35.0,0.0,36.0,5.0,14.0,49.0,0.0,0.0,15.0,112.0,1.0,1.0,1.0,6.0,40.0,1.0,134.0,1.0,5308.0,9
46.0,3.0,168.0,4.0,13.0,0.0,2.0,14.0,11.0,1.0,0.0,1.0,2.0,15.0,13.0,45.0,5.0,33.0,60.0,9.0,3.0,12.0,1.0,0.0,1.0,8.0,1.0,166.0,1.0,7.0,1.0,1.0,44.0,2.0,36.0,4.0,14.0,49.0,0.0,0.0,22.0,112.0,1.0,1.0,1.0,19.0,44.0,1.0,134.0,1.0,5308.0,9
41.0,3.0,71.0,21.0,32.0,1.0,4.0,14.0,7.0,1.0,0.0,1.0,4.0,15.0,34.0,45.0,6.0,33.0,20.0,9.0,4.0,12.0,1.0,0.0,1.0,8.0,0.0,71.0,0.0,6.0,1.0,1.0,46.0,2.0,36.0,5.0,14.0,49.0,1.0,0.0,4.0,112.0,1.0,0.0,1.0,34.0,46.0,1.0,44.0,1.0,5308.0,9
41.0,3.0,3.0,21.0,3.0,1.0,4.0,4.0,6.0,1.0,0.0,1.0,4.0,5.0,13.0,45.0,0.0,33.0,8.0,9.0,1.0,12.0,1.0,0.0,1.0,8.0,1.0,3.0,0.0,2.0,0.0,1.0,40.0,2.0,36.0,5.0,4.0,49.0,1.0,0.0,23.0,2.0,1.0,0.0,0.0,5.0,40.0,1.0,36.0,1.0,5308.0,9
41.0,3.0,145.0,21.0,11.0,1.0,4.0,12.0,0.0,1.0,1.0,1.0,4.0,15.0,13.0,45.0,15.0,33.0,20.0,9.0,9.0,12.0,1.0,0.0,1.0,8.0,0.0,143.0,0.0,9.0,0.0,1.0,48.0,2.0,36.0,5.0,14.0,49.0,1.0,0.0,17.0,83.0,1.0,1.0,1.0,13.0,40.0,1.0,37.0,1.0,5308.0,9
41.0,1.0,92.0,1.0,13.0,1.0,4.0,14.0,11.0,1.0,0.0,1.0,1.0,1.0,13.0,45.0,3.0,33.0,28.0,9.0,5.0,12.0,1.0,0.0,1.0,8.0,1.0,92.0,1.0,5.0,1.0,1.0,40.0,2.0,36.0,5.0,14.0,49.0,0.0,0.0,6.0,112.0,1.0,1.0,1.0,1.0,40.0,1.0,134.0,1.0,5308.0,9
41.0,3.0,105.0,10.0,13.0,1.0,4.0,14.0,11.0,1.0,1.0,1.0,2.0,15.0,13.0,45.0,4.0,33.0,20.0,9.0,1.0,12.0,1.0,1.0,1.0,3.0,1.0,103.0,1.0,10.0,1.0,1.0,35.0,0.0,36.0,5.0,14.0,49.0,0.0,0.0,15.0,112.0,1.0,1.0,1.0,6.0,40.0,1.0,134.0,1.0,5308.0,0
46.0,3.0,168.0,4.0,13.0,0.0,2.0,14.0,11.0,1.0,0.0,1.0,2.0,15.0,13.0,45.0,5.0,33.0,60.0,9.0,3.0,12.0,1.0,0.0,1.0,8.0,1.0,166.0,1.0,7.0,1.0,1.0,44.0,2.0,36.0,4.0,14.0,49.0,0.0,0.0,22.0,112.0,1.0,1.0,1.0,19.0,44.0,1.0,134.0,1.0,5308.0,0
41.0,3.0,60.0,21.0,12.0,1.0,4.0,14.0,1.0,1.0,0.0,1.0,4.0,15.0,14.0,45.0,6.0,33.0,20.0,9.0,4.0,12.0,1.0,0.0,1.0,8.0,0.0,60.0,0.0,6.0,1.0,1.0,46.0,2.0,36.0,5.0,14.0,49.0,1.0,0.0,4.0,112.0,1.0,0.0,1.0,14.0,46.0,1.0,1.0,1.0,5308.0,0
41.0,3.0,171.0,7.0,13.0,1.0,4.0,14.0,11.0,1.0,1.0,1.0,2.0,15.0,13.0,45.0,16.0,13.0,20.0,9.0,3.0,12.0,1.0,4.0,1.0,8.0,1.0,167.0,1.0,10.0,1.0,1.0,40.0,1.0,10.0,5.0,14.0,49.0,0.0,1.0,26.0,112.0,0.0,1.0,1.0,14.0,40.0,1.0,134.0,1.0,5308.0,0
34.0,1.0,97.0,3.0,13.0,1.0,4.0,14.0,11.0,1.0,1.0,1.0,1.0,15.0,13.0,45.0,10.0,33.0,20.0,9.0,1.0,12.0,0.0,4.0,1.0,8.0,1.0,167.0,1.0,3.0,1.0,1.0,34.0,2.0,36.0,2.0,14.0,49.0,0.0,1.0,12.0,112.0,1.0,1.0,1.0,14.0,40.0,0.0,134.0,1.0,5308.0,0
34.0,3.0,0.0,21.0,13.0,1.0,4.0,14.0,11.0,1.0,1.0,1.0,4.0,15.0,13.0,45.0,9.0,33.0,20.0,9.0,0.0,12.0,0.0,3.0,1.0,8.0,1.0,0.0,1.0,0.0,1.0,1.0,34.0,2.0,36.0,0.0,14.0,49.0,1.0,0.0,1.0,112.0,1.0,1.0,1.0,32.0,40.0,1.0,134.0,1.0,5308.0,0
41.0,4.0,107.0,11.0,13.0,1.0,4.0,14.0,11.0,1.0,1.0,1.0,3.0,15.0,13.0,45.0,4.0,33.0,20.0,9.0,1.0,12.0,1.0,1.0,1.0,4.0,1.0,105.0,1.0,10.0,1.0,1.0,35.0,0.0,36.0,5.0,14.0,49.0,0.0,0.0,14.0,112.0,1.0,1.0,1.0,6.0,40.0,1.0,134.0,1.0,5308.0,0
46.0,3.0,168.0,4.0,13.0,0.0,2.0,14.0,11.0,1.0,0.0,1.0,2.0,15.0,13.0,45.0,5.0,33.0,60.0,9.0,3.0,12.0,1.0,0.0,1.0,8.0,1.0,166.0,1.0,7.0,1.0,1.0,44.0,2.0,36.0,4.0,14.0,49.0,0.0,0.0,21.0,112.0,1.0,1.0,1.0,19.0,44.0,1.0,134.0,1.0,5308.0,0
41.0,3.0,79.0,21.0,32.0,1.0,4.0,14.0,7.0,1.0,0.0,1.0,4.0,15.0,34.0,45.0,6.0,33.0,20.0,9.0,4.0,12.0,1.0,0.0,1.0,8.0,0.0,79.0,0.0,6.0,1.0,1.0,46.0,2.0,36.0,5.0,14.0,49.0,1.0,0.0,3.0,112.0,1.0,0.0,1.0,34.0,46.0,1.0,60.0,1.0,5308.0,0
41.0,3.0,3.0,21.0,3.0,1.0,4.0,4.0,6.0,1.0,0.0,1.0,4.0,5.0,13.0,45.0,0.0,33.0,8.0,9.0,1.0,12.0,1.0,0.0,1.0,8.0,1.0,3.0,0.0,2.0,0.0,1.0,40.0,2.0,36.0,5.0,4.0,49.0,1.0,0.0,2.0,2.0,1.0,0.0,0.0,5.0,40.0,1.0,36.0,1.0,5308.0,0
41.0,3.0,145.0,21.0,11.0,1.0,4.0,12.0,0.0,1.0,1.0,1.0,4.0,15.0,13.0,45.0,15.0,33.0,20.0,9.0,9.0,12.0,1.0,0.0,1.0,8.0,0.0,143.0,0.0,9.0,0.0,1.0,48.0,2.0,36.0,5.0,14.0,49.0,1.0,0.0,16.0,83.0,1.0,1.0,1.0,13.0,40.0,1.0,37.0,1.0,5308.0,0
41.0,3.0,46.0,21.0,36.0,1.0,4.0,37.0,8.0,1.0,0.0,1.0,4.0,38.0,13.0,45.0,0.0,33.0,8.0,9.0,1.0,12.0,1.0,0.0,1.0,8.0,1.0,46.0,0.0,2.0,0.0,1.0,40.0,2.0,36.0,5.0,37.0,49.0,1.0,0.0,2.0,62.0,1.0,1.0,0.0,38.0,40.0,1.0,14.0,1.0,5308.0,0
41.0,3.0,130.0,21.0,11.0,1.0,4.0,12.0,0.0,1.0,1.0,1.0,4.0,15.0,13.0,45.0,15.0,33.0,20.0,9.0,9.0,12.0,1.0,0.0,1.0,8.0,0.0,128.0,0.0,9.0,0.0,1.0,48.0,2.0,36.0,5.0,14.0,49.0,1.0,0.0,16.0,68.0,1.0,1.0,1.0,13.0,40.0,1.0,20.0,1.0,5308.0,0
41.0,3.0,33.0,21.0,13.0,1.0,4.0,14.0,2.0,1.0,0.0,1.0,4.0,15.0,13.0,45.0,0.0,33.0,8.0,9.0,1.0,12.0,1.0,0.0,1.0,8.0,1.0,33.0,0.0,2.0,0.0,1.0,40.0,2.0,36.0,5.0,14.0,49.0,1.0,0.0,2.0,33.0,1.0,0.0,0.0,15.0,40.0,1.0,116.0,1.0,5308.0,0
41.0,3.0,127.0,21.0,8.0,1.0,4.0,9.0,10.0,1.0,1.0,1.0,4.0,15.0,10.0,45.0,15.0,33.0,20.0,9.0,9.0,9.0,1.0,0.0,1.0,8.0,0.0,125.0,0.0,9.0,0.0,1.0,50.0,2.0,36.0,5.0,14.0,51.0,1.0,0.0,16.0,49.0,1.0,1.0,1.0,10.0,40.0,1.0,132.0,1.0,5308.0,0
41.0,0.0,93.0,0.0,13.0,0.0,1.0,14.0,11.0,0.0,0.0,1.0,0.0,2.0,13.0,41.0,7.0,33.0,30.0,9.0,6.0,12.0,1.0,0.0,1.0,8.0,1.0,93.0,1.0,2.0,1.0,1.0,40.0,2.0,36.0,5.0,14.0,49.0,0.0,0.0,7.0,112.0,1.0,1.0,1.0,2.0,40.0,1.0,134.0,0.0,5308.0,0
41.0,3.0,92.0,21.0,13.0,1.0,4.0,14.0,11.0,1.0,0.0,0.0,4.0,15.0,1.0,45.0,8.0,33.0,28.0,9.0,5.0,12.0,1.0,2.0,1.0,8.0,0.0,92.0,1.0,9.0,1.0,1.0,48.0,2.0,36.0,5.0,14.0,49.0,1.0,0.0,5.0,112.0,1.0,1.0,1.0,1.0,48.0,1.0,134.0,1.0,5308.0,0
41.0,3.0,94.0,21.0,13.0,1.0,4.0,14.0,11.0,1.0,0.0,1.0,4.0,2.0,13.0,45.0,11.0,33.0,38.0,9.0,7.0,12.0,1.0,0.0,1.0,8.0,1.0,94.0,1.0,2.0,1.0,0.0,40.0,2.0,36.0,0.0,14.0,49.0,1.0,0.0,9.0,112.0,1.0,1.0,1.0,2.0,40.0,1.0,134.0,1.0,5308.0,0
49.0,3.0,95.0,21.0,13.0,1.0,4.0,14.0,11.0,1.0,0.0,1.0,4.0,15.0,14.0,45.0,12.0,33.0,38.0,9.0,7.0,12.0,1.0,0.0,0.0,8.0,0.0,95.0,1.0,0.0,1.0,1.0,48.0,2.0,36.0,1.0,14.0,49.0,1.0,0.0,9.0,112.0,1.0,1.0,1.0,14.0,48.0,1.0,134.0,1.0,5308.0,0
43.0,4.0,83.0,17.0,13.0,0.0,3.0,14.0,11.0,1.0,0.0,1.0,3.0,106.0,13.0,42.0,2.0,33.0,20.0,0.0,4.0,12.0,1.0,0.0,1.0,8.0,1.0,83.0,1.0,1.0,1.0,1.0,40.0,2.0,36.0,3.0,14.0,49.0,0.0,0.0,3.0,112.0,1.0,1.0,1.0,106.0,40.0,1.0,134.0,1.0,5308.0,0
41.0,3.0,146.0,21.0,13.0,1.0,4.0,14.0,2.0,1.0,1.0,1.0,4.0,15.0,15.0,45.0,15.0,33.0,20.0,9.0,9.0,14.0,1.0,0.0,1.0,8.0,0.0,144.0,0.0,9.0,0.0,1.0,61.0,2.0,36.0,5.0,14.0,62.0,1.0,0.0,16.0,93.0,1.0,1.0,1.0,15.0,40.0,1.0,69.0,1.0,5308.0,0
41.0,3.0,56.0,21.0,51.0,1.0,4.0,52.0,9.0,1.0,0.0,1.0,4.0,53.0,13.0,45.0,0.0,33.0,8.0,9.0,1.0,12.0,1.0,0.0,1.0,8.0,1.0,56.0,0.0,2.0,0.0,1.0,40.0,2.0,36.0,5.0,52.0,49.0,1.0,0.0,2.0,89.0,1.0,1.0,0.0,53.0,40.0,1.0,82.0,1.0,5308.0,0
41.0,1.0,92.0,1.0,13.0,1.0,4.0,14.0,11.0,1.0,0.0,1.0,1.0,1.0,13.0,45.0,3.0,33.0,28.0,9.0,5.0,12.0,1.0,0.0,1.0,8.0,1.0,92.0,1.0,5.0,1.0,1.0,40.0,2.0,36.0,5.0,14.0,49.0,0.0,0.0,5.0,112.0,1.0,1.0,1.0,1.0,40.0,1.0,134.0,1.0,5308.0,0
41.0,4.0,109.0,14.0,13.0,1.0,4.0,14.0,11.0,1.0,1.0,1.0,3.0,15.0,13.0,45.0,4.0,33.0,20.0,9.0,1.0,12.0,1.0,1.0,1.0,6.0,1.0,107.0,1.0,10.0,1.0,1.0,35.0,0.0,36.0,5.0,14.0,49.0,0.0,0.0,14.0,112.0,1.0,1.0,1.0,6.0,40.0,1.0,134.0,1.0,5308.0,7
46.0,3.0,168.0,4.0,13.0,0.0,2.0,14.0,11.0,1.0,0.0,1.0,2.0,15.0,13.0,45.0,5.0,33.0,60.0,9.0,3.0,12.0,1.0,0.0,1.0,8.0,1.0,166.0,1.0,7.0,1.0,1.0,44.0,2.0,36.0,4.0,14.0,49.0,0.0,0.0,21.0,112.0,1.0,1.0,1.0,19.0,44.0,1.0,134.0,1.0,5308.0,7
41.0,3.0,65.0,21.0,28.0,1.0,4.0,14.0,5.0,1.0,0.0,1.0,4.0,15.0,30.0,45.0,6.0,33.0,20.0,9.0,4.0,12.0,1.0,0.0,1.0,8.0,0.0,65.0,0.0,6.0,1.0,1.0,46.0,2.0,36.0,5.0,14.0,49.0,1.0,0.0,3.0,112.0,1.0,0.0,1.0,30.0,46.0,1.0,46.0,1.0,5308.0,7
41.0,3.0,26.0,21.0,13.0,1.0,4.0,14.0,2.0,1.0,0.0,1.0,4.0,15.0,13.0,45.0,0.0,33.0,8.0,9.0,1.0,12.0,1.0,0.0,1.0,8.0,1.0,26.0,0.0,2.0,0.0,1.0,40.0,2.0,36.0,5.0,14.0,49.0,1.0,0.0,2.0,26.0,1.0,0.0,0.0,15.0,40.0,1.0,109.0,1.0,5308.0,7
41.0,3.0,112.0,21.0,3.0,1.0,4.0,4.0,6.0,1.0,1.0,1.0,4.0,15.0,5.0,45.0,15.0,33.0,20.0,9.0,9.0,4.0,1.0,0.0,1.0,8.0,0.0,110.0,0.0,9.0,0.0,1.0,48.0,2.0,36.0,5.0,14.0,49.0,1.0,0.0,16.0,3.0,1.0,0.0,1.0,5.0,40.0,1.0,39.0,1.0,5308.0,7
41.0,3.0,23.0,21.0,13.0,1.0,4.0,14.0,2.0,1.0,0.0,1.0,4.0,15.0,13.0,45.0,0.0,33.0,8.0,9.0,1.0,12.0,1.0,0.0,1.0,8.0,1.0,23.0,0.0,2.0,0.0,1.0,942.0,2.0,36.0,5.0,14.0,49.0,1.0,0.0,2.0,23.0,1.0,0.0,0.0,15.0,942.0,1.0,106.0,1.0,5308.0,7
41.0,3.0,30.0,21.0,13.0,1.0,4.0,14.0,2.0,1.0,0.0,1.0,4.0,15.0,13.0,45.0,0.0,33.0,8.0,9.0,1.0,12.0,1.0,0.0,1.0,8.0,1.0,30.0,0.0,2.0,0.0,1.0,1699.0,2.0,36.0,5.0,14.0,49.0,1.0,0.0,2.0,30.0,1.0,0.0,0.0,15.0,1699.0,1.0,113.0,1.0,5308.0,7
41.0,3.0,112.0,21.0,3.0,1.0,4.0,4.0,6.0,1.0,1.0,1.0,4.0,15.0,5.0,45.0,15.0,33.0,20.0,9.0,9.0,4.0,1.0,0.0,1.0,8.0,0.0,110.0,0.0,9.0,0.0,1.0,1483.0,2.0,36.0,5.0,14.0,1484.0,1.0,0.0,16.0,3.0,1.0,0.0,1.0,5.0,40.0,1.0,39.0,1.0,5308.0,7
41.0,3.0,28.0,21.0,13.0,1.0,4.0,14.0,2.0,1.0,0.0,1.0,4.0,15.0,13.0,45.0,0.0,33.0,8.0,9.0,1.0,12.0,1.0,0.0,1.0,8.0,1.0,28.0,0.0,2.0,0.0,1.0,2584.0,2.0,36.0,5.0,14.0,49.0,1.0,0.0,2.0,28.0,1.0,0.0,0.0,15.0,2584.0,1.0,111.0,1.0,5308.0,7
41.0,3.0,21.0,21.0,13.0,1.0,4.0,14.0,2.0,1.0,0.0,1.0,4.0,15.0,13.0,45.0,0.0,33.0,8.0,9.0,1.0,12.0,1.0,0.0,1.0,8.0,1.0,21.0,0.0,2.0,0.0,1.0,552.0,2.0,36.0,5.0,14.0,49.0,1.0,0.0,2.0,21.0,1.0,0.0,0.0,15.0,552.0,1.0,104.0,1.0,5308.0,7
41.0,3.0,112.0,21.0,3.0,1.0,4.0,4.0,6.0,1.0,1.0,1.0,4.0,15.0,5.0,45.0,15.0,33.0,20.0,9.0,9.0,4.0,1.0,0.0,1.0,8.0,0.0,110.0,0.0,9.0,0.0,1.0,1760.0,2.0,36.0,5.0,14.0,1761.0,1.0,0.0,16.0,3.0,1.0,0.0,1.0,5.0,40.0,1.0,39.0,1.0,5308.0,7
41.0,3.0,171.0,9.0,13.0,1.0,4.0,14.0,11.0,1.0,1.0,1.0,2.0,15.0,13.0,45.0,16.0,23.0,20.0,9.0,3.0,12.0,1.0,4.0,1.0,8.0,1.0,167.0,1.0,10.0,1.0,1.0,40.0,1.0,30.0,5.0,14.0,49.0,0.0,1.0,26.0,112.0,0.0,1.0,1.0,14.0,40.0,1.0,134.0,1.0,5308.0,7
34.0,1.0,97.0,3.0,13.0,1.0,4.0,14.0,11.0,1.0,1.0,1.0,1.0,15.0,13.0,45.0,10.0,33.0,20.0,9.0,1.0,12.0,0.0,4.0,1.0,8.0,1.0,167.0,1.0,3.0,1.0,1.0,34.0,2.0,36.0,2.0,14.0,49.0,0.0,1.0,12.0,112.0,1.0,1.0,1.0,14.0,40.0,0.0,134.0,1.0,5308.0,7
41.0,3.0,162.0,21.0,32.0,1.0,4.0,33.0,7.0,1.0,1.0,1.0,4.0,15.0,34.0,45.0,15.0,33.0,20.0,9.0,9.0,33.0,1.0,0.0,1.0,8.0,0.0,160.0,0.0,9.0,0.0,1.0,46.0,2.0,36.0,5.0,14.0,47.0,1.0,0.0,16.0,109.0,1.0,4.0,1.0,34.0,40.0,1.0,61.0,1.0,5308.0,7
41.0,1.0,92.0,1.0,13.0,1.0,4.0,14.0,11.0,1.0,0.0,1.0,1.0,1.0,13.0,45.0,3.0,33.0,28.0,9.0,5.0,12.0,1.0,0.0,1.0,8.0,1.0,92.0,1.0,5.0,1.0,1.0,40.0,2.0,36.0,5.0,14.0,49.0,0.0,0.0,5.0,112.0,1.0,1.0,1.0,1.0,40.0,1.0,134.0,1.0,5308.0,7
41.0,3.0,171.0,7.0,13.0,1.0,4.0,14.0,11.0,1.0,1.0,1.0,2.0,15.0,13.0,45.0,16.0,17.0,20.0,9.0,3.0,12.0,1.0,4.0,1.0,8.0,1.0,167.0,1.0,10.0,1.0,1.0,40.0,1.0,11.0,5.0,14.0,49.0,0.0,1.0,26.0,112.0,0.0,1.0,1.0,14.0,40.0,1.0,134.0,1.0,5308.0,7
34.0,1.0,97.0,3.0,13.0,1.0,4.0,14.0,11.0,1.0,1.0,1.0,1.0,15.0,13.0,45.0,10.0,33.0,20.0,9.0,1.0,12.0,0.0,4.0,1.0,8.0,1.0,167.0,1.0,3.0,1.0,1.0,34.0,2.0,36.0,2.0,14.0,49.0,0.0,1.0,12.0,112.0,1.0,1.0,1.0,14.0,40.0,0.0,134.0,1.0,5308.0,7
34.0,3.0,0.0,21.0,13.0,1.0,4.0,14.0,11.0,1.0,1.0,1.0,4.0,15.0,13.0,45.0,9.0,33.0,20.0,9.0,0.0,12.0,0.0,3.0,1.0,8.0,1.0,0.0,1.0,0.0,1.0,1.0,34.0,2.0,36.0,0.0,14.0,49.0,1.0,0.0,1.0,112.0,1.0,1.0,1.0,32.0,40.0,1.0,134.0,1.0,5308.0,7
41.0,4.0,109.0,14.0,13.0,1.0,4.0,14.0,11.0,1.0,1.0,1.0,3.0,15.0,13.0,45.0,4.0,33.0,20.0,9.0,1.0,12.0,1.0,1.0,1.0,6.0,1.0,107.0,1.0,10.0,1.0,1.0,35.0,0.0,36.0,5.0,14.0,49.0,0.0,0.0,14.0,112.0,1.0,1.0,1.0,6.0,40.0,1.0,134.0,1.0,5308.0,7
46.0,3.0,168.0,4.0,13.0,0.0,2.0,14.0,11.0,1.0,0.0,1.0,2.0,15.0,13.0,45.0,5.0,33.0,60.0,9.0,3.0,12.0,1.0,0.0,1.0,8.0,1.0,166.0,1.0,7.0,1.0,1.0,44.0,2.0,36.0,4.0,14.0,49.0,0.0,0.0,21.0,112.0,1.0,1.0,1.0,19.0,44.0,1.0,134.0,1.0,5308.0,7
41.0,3.0,74.0,21.0,32.0,1.0,4.0,14.0,7.0,1.0,0.0,1.0,4.0,15.0,34.0,45.0,6.0,33.0,20.0,9.0,4.0,12.0,1.0,0.0,1.0,8.0,0.0,74.0,0.0,6.0,1.0,1.0,46.0,2.0,36.0,5.0,14.0,49.0,1.0,0.0,3.0,112.0,1.0,0.0,1.0,34.0,46.0,1.0,51.0,1.0,5308.0,7
41.0,3.0,15.0,21.0,13.0,1.0,4.0,14.0,2.0,1.0,0.0,1.0,4.0,15.0,13.0,45.0,0.0,33.0,8.0,9.0,1.0,12.0,1.0,0.0,1.0,8.0,1.0,15.0,0.0,2.0,0.0,1.0,40.0,2.0,36.0,5.0,14.0,49.0,1.0,0.0,2.0,15.0,1.0,0.0,0.0,15.0,40.0,1.0,98.0,1.0,5308.0,7
41.0,3.0,112.0,21.0,3.0,1.0,4.0,4.0,6.0,1.0,1.0,1.0,4.0,15.0,5.0,45.0,15.0,33.0,20.0,9.0,9.0,4.0,1.0,0.0,1.0,8.0,0.0,110.0,0.0,9.0,0.0,1.0,48.0,2.0,36.0,5.0,14.0,49.0,1.0,0.0,16.0,3.0,1.0,0.0,1.0,5.0,40.0,1.0,38.0,1.0,5308.0,7
41.0,3.0,24.0,21.0,13.0,1.0,4.0,14.0,2.0,1.0,0.0,1.0,4.0,15.0,13.0,45.0,0.0,33.0,8.0,9.0,1.0,12.0,1.0,0.0,1.0,8.0,1.0,24.0,0.0,2.0,0.0,1.0,1391.0,2.0,36.0,5.0,14.0,49.0,1.0,0.0,2.0,24.0,1.0,0.0,0.0,15.0,1391.0,1.0,107.0,1.0,5308.0,7
41.0,3.0,25.0,21.0,13.0,1.0,4.0,14.0,2.0,1.0,0.0,1.0,4.0,15.0,13.0,45.0,0.0,33.0,8.0,9.0,1.0,12.0,1.0,0.0,1.0,8.0,1.0,25.0,0.0,2.0,0.0,1.0,1436.0,2.0,36.0,5.0,14.0,49.0,1.0,0.0,2.0,25.0,1.0,0.0,0.0,15.0,1436.0,1.0,108.0,1.0,5308.0,7
41.0,3.0,112.0,21.0,3.0,1.0,4.0,4.0,6.0,1.0,1.0,1.0,4.0,15.0,5.0,45.0,15.0,33.0,20.0,9.0,9.0,4.0,1.0,0.0,1.0,8.0,0.0,110.0,0.0,9.0,0.0,1.0,1583.0,2.0,36.0,5.0,14.0,1584.0,1.0,0.0,16.0,3.0,1.0,0.0,1.0,5.0,40.0,1.0,38.0,1.0,5308.0,7
41.0,3.0,20.0,21.0,13.0,1.0,4.0,14.0,2.0,1.0,0.0,1.0,4.0,15.0,13.0,45.0,0.0,33.0,8.0,9.0,1.0,12.0,1.0,0.0,1.0,8.0,1.0,20.0,0.0,2.0,0.0,1.0,2921.0,2.0,36.0,5.0,14.0,49.0,1.0,0.0,2.0,20.0,1.0,0.0,0.0,15.0,2921.0,1.0,103.0,1.0,5308.0,7
41.0,3.0,5.0,21.0,13.0,1.0,4.0,14.0,2.0,1.0,0.0,1.0,4.0,15.0,13.0,45.0,0.0,33.0,8.0,9.0,1.0,12.0,1.0,0.0,1.0,8.0,1.0,5.0,0.0,2.0,0.0,1.0,40.0,2.0,36.0,5.0,14.0,49.0,1.0,0.0,2.0,5.0,1.0,0.0,0.0,15.0,40.0,1.0,88.0,1.0,5308.0,7
41.0,3.0,20.0,21.0,13.0,1.0,4.0,14.0,2.0,1.0,0.0,1.0,4.0,15.0,13.0,45.0,0.0,33.0,8.0,9.0,1.0,12.0,1.0,0.0,1.0,8.0,1.0,20.0,0.0,2.0,0.0,1.0,2921.0,2.0,36.0,5.0,14.0,49.0,1.0,0.0,2.0,20.0,1.0,0.0,0.0,15.0,2921.0,1.0,103.0,1.0,5308.0,7
41.0,3.0,112.0,21.0,3.0,1.0,4.0,4.0,6.0,1.0,1.0,1.0,4.0,15.0,5.0,45.0,15.0,33.0,20.0,9.0,9.0,4.0,1.0,0.0,1.0,8.0,0.0,110.0,0.0,9.0,0.0,1.0,1664.0,2.0,36.0,5.0,14.0,1665.0,1.0,0.0,16.0,3.0,1.0,0.0,1.0,5.0,40.0,1.0,38.0,1.0,5308.0,7
41.0,3.0,171.0,9.0,13.0,1.0,4.0,14.0,11.0,1.0,1.0,1.0,2.0,15.0,13.0,45.0,16.0,13.0,20.0,9.0,3.0,12.0,1.0,4.0,1.0,8.0,1.0,167.0,1.0,10.0,1.0,1.0,40.0,1.0,27.0,5.0,14.0,49.0,0.0,1.0,26.0,112.0,0.0,1.0,1.0,14.0,40.0,1.0,134.0,1.0,5308.0,7
34.0,1.0,97.0,3.0,13.0,1.0,4.0,14.0,11.0,1.0,1.0,1.0,1.0,15.0,13.0,45.0,10.0,33.0,20.0,9.0,1.0,12.0,0.0,4.0,1.0,8.0,1.0,167.0,1.0,3.0,1.0,1.0,34.0,2.0,36.0,2.0,14.0,49.0,0.0,1.0,12.0,112.0,1.0,1.0,1.0,14.0,40.0,0.0,134.0,1.0,5308.0,7
41.0,3.0,157.0,21.0,32.0,1.0,4.0,33.0,7.0,1.0,1.0,1.0,4.0,15.0,34.0,45.0,15.0,33.0,20.0,9.0,9.0,33.0,1.0,0.0,1.0,8.0,0.0,155.0,0.0,9.0,0.0,1.0,46.0,2.0,36.0,5.0,14.0,47.0,1.0,0.0,16.0,104.0,1.0,4.0,1.0,34.0,40.0,1.0,41.0,1.0,5308.0,7
41.0,1.0,92.0,1.0,13.0,1.0,4.0,14.0,11.0,1.0,0.0,1.0,1.0,1.0,13.0,45.0,3.0,33.0,28.0,9.0,5.0,12.0,1.0,0.0,1.0,8.0,1.0,92.0,1.0,5.0,1.0,1.0,40.0,2.0,36.0,5.0,14.0,49.0,0.0,0.0,5.0,112.0,1.0,1.0,1.0,1.0,40.0,1.0,134.0,1.0,5308.0,7
41.0,3.0,171.0,7.0,13.0,1.0,4.0,14.0,11.0,1.0,1.0,1.0,2.0,15.0,13.0,45.0,16.0,6.0,20.0,9.0,3.0,12.0,1.0,4.0,1.0,8.0,1.0,167.0,1.0,10.0,1.0,1.0,40.0,1.0,7.0,5.0,14.0,49.0,0.0,1.0,26.0,112.0,0.0,1.0,1.0,14.0,40.0,1.0,134.0,1.0,5308.0,7
34.0,1.0,97.0,3.0,13.0,1.0,4.0,14.0,11.0,1.0,1.0,1.0,1.0,15.0,13.0,45.0,10.0,33.0,20.0,9.0,1.0,12.0,0.0,4.0,1.0,8.0,1.0,167.0,1.0,3.0,1.0,1.0,34.0,2.0,36.0,2.0,14.0,49.0,0.0,1.0,12.0,112.0,1.0,1.0,1.0,14.0,40.0,0.0,134.0,1.0,5308.0,7
34.0,3.0,0.0,21.0,13.0,1.0,4.0,14.0,11.0,1.0,1.0,1.0,4.0,15.0,13.0,45.0,9.0,33.0,20.0,9.0,0.0,12.0,0.0,3.0,1.0,8.0,1.0,0.0,1.0,0.0,1.0,1.0,34.0,2.0,36.0,0.0,14.0,49.0,1.0,0.0,1.0,112.0,1.0,1.0,1.0,32.0,40.0,1.0,134.0,1.0,5308.0,7
41.0,4.0,109.0,14.0,13.0,1.0,4.0,14.0,11.0,1.0,1.0,1.0,3.0,15.0,13.0,45.0,4.0,33.0,20.0,9.0,1.0,12.0,1.0,1.0,1.0,6.0,1.0,107.0,1.0,10.0,1.0,1.0,35.0,0.0,36.0,5.0,14.0,49.0,0.0,0.0,14.0,112.0,1.0,1.0,1.0,6.0,40.0,1.0,134.0,1.0,5308.0,7
46.0,3.0,168.0,4.0,13.0,0.0,2.0,14.0,11.0,1.0,0.0,1.0,2.0,15.0,13.0,45.0,5.0,33.0,60.0,9.0,3.0,12.0,1.0,0.0,1.0,8.0,1.0,166.0,1.0,7.0,1.0,1.0,44.0,2.0,36.0,4.0,14.0,49.0,0.0,0.0,21.0,112.0,1.0,1.0,1.0,19.0,44.0,1.0,134.0,1.0,5308.0,7
41.0,3.0,78.0,21.0,32.0,1.0,4.0,14.0,7.0,1.0,0.0,1.0,4.0,15.0,34.0,45.0,6.0,33.0,20.0,9.0,4.0,12.0,1.0,0.0,1.0,8.0,0.0,78.0,0.0,6.0,1.0,1.0,46.0,2.0,36.0,5.0,14.0,49.0,1.0,0.0,3.0,112.0,1.0,0.0,1.0,34.0,46.0,1.0,58.0,1.0,5308.0,7
41.0,3.0,34.0,21.0,13.0,1.0,4.0,14.0,2.0,1.0,0.0,1.0,4.0,15.0,13.0,45.0,0.0,33.0,8.0,9.0,1.0,12.0,1.0,0.0,1.0,8.0,1.0,34.0,0.0,2.0,0.0,1.0,40.0,2.0,36.0,5.0,14.0,49.0,1.0,0.0,2.0,34.0,1.0,0.0,0.0,15.0,40.0,1.0,117.0,1.0,5308.0,7
41.0,3.0,112.0,21.0,3.0,1.0,4.0,4.0,6.0,1.0,1.0,1.0,4.0,15.0,5.0,45.0,15.0,33.0,20.0,9.0,9.0,4.0,1.0,0.0,1.0,8.0,0.0,110.0,0.0,9.0,0.0,1.0,48.0,2.0,36.0,5.0,14.0,49.0,1.0,0.0,16.0,3.0,1.0,0.0,1.0,5.0,40.0,1.0,38.0,1.0,5308.0,7
41.0,3.0,13.0,21.0,13.0,1.0,4.0,14.0,2.0,1.0,0.0,1.0,4.0,15.0,13.0,45.0,0.0,33.0,8.0,9.0,1.0,12.0,1.0,0.0,1.0,8.0,1.0,13.0,0.0,2.0,0.0,1.0,784.0,2.0,36.0,5.0,14.0,49.0,1.0,0.0,2.0,13.0,1.0,0.0,0.0,15.0,784.0,1.0,96.0,1.0,5308.0,7
41.0,3.0,17.0,21.0,13.0,1.0,4.0,14.0,2.0,1.0,0.0,1.0,4.0,15.0,13.0,45.0,0.0,33.0,8.0,9.0,1.0,12.0,1.0,0.0,1.0,8.0,1.0,17.0,0.0,2.0,0.0,1.0,1751.0,2.0,36.0,5.0,14.0,49.0,1.0,0.0,2.0,17.0,1.0,0.0,0.0,15.0,1751.0,1.0,100.0,1.0,5308.0,7
41.0,3.0,112.0,21.0,3.0,1.0,4.0,4.0,6.0,1.0,1.0,1.0,4.0,15.0,5.0,45.0,15.0,33.0,20.0,9.0,9.0,4.0,1.0,0.0,1.0,8.0,0.0,110.0,0.0,9.0,0.0,1.0,1420.0,2.0,36.0,5.0,14.0,1421.0,1.0,0.0,16.0,3.0,1.0,0.0,1.0,5.0,40.0,1.0,38.0,1.0,5308.0,7
41.0,3.0,18.0,21.0,13.0,1.0,4.0,14.0,2.0,1.0,0.0,1.0,4.0,15.0,13.0,45.0,0.0,33.0,8.0,9.0,1.0,12.0,1.0,0.0,1.0,8.0,1.0,18.0,0.0,2.0,0.0,1.0,2921.0,2.0,36.0,5.0,14.0,49.0,1.0,0.0,2.0,18.0,1.0,0.0,0.0,15.0,2921.0,1.0,101.0,1.0,5308.0,7
41.0,3.0,27.0,21.0,13.0,1.0,4.0,14.0,2.0,1.0,0.0,1.0,4.0,15.0,13.0,45.0,0.0,33.0,8.0,9.0,1.0,12.0,1.0,0.0,1.0,8.0,1.0,27.0,0.0,2.0,0.0,1.0,334.0,2.0,36.0,5.0,14.0,49.0,1.0,0.0,2.0,27.0,1.0,0.0,0.0,15.0,334.0,1.0,110.0,1.0,5308.0,7
41.0,3.0,18.0,21.0,13.0,1.0,4.0,14.0,2.0,1.0,0.0,1.0,4.0,15.0,13.0,45.0,0.0,33.0,8.0,9.0,1.0,12.0,1.0,0.0,1.0,8.0,1.0,18.0,0.0,2.0,0.0,1.0,2921.0,2.0,36.0,5.0,14.0,49.0,1.0,0.0,2.0,18.0,1.0,0.0,0.0,15.0,2921.0,1.0,101.0,1.0,5308.0,7
41.0,3.0,112.0,21.0,3.0,1.0,4.0,4.0,6.0,1.0,1.0,1.0,4.0,15.0,5.0,45.0,15.0,33.0,20.0,9.0,9.0,4.0,1.0,0.0,1.0,8.0,0.0,110.0,0.0,9.0,0.0,1.0,1817.0,2.0,36.0,5.0,14.0,1818.0,1.0,0.0,16.0,3.0,1.0,0.0,1.0,5.0,40.0,1.0,38.0,1.0,5308.0,7
41.0,1.0,92.0,1.0,13.0,1.0,4.0,14.0,11.0,1.0,0.0,1.0,1.0,1.0,13.0,45.0,3.0,33.0,28.0,9.0,5.0,12.0,1.0,0.0,1.0,8.0,1.0,92.0,1.0,5.0,1.0,1.0,40.0,2.0,36.0,5.0,14.0,49.0,0.0,0.0,5.0,112.0,1.0,1.0,1.0,1.0,40.0,1.0,134.0,1.0,5308.0,7
41.0,0.0,96.0,21.0,13.0,1.0,4.0,14.0,11.0,1.0,1.0,1.0,0.0,15.0,13.0,45.0,1.0,33.0,20.0,9.0,0.0,12.0,1.0,4.0,1.0,8.0,1.0,167.0,1.0,8.0,1.0,1.0,34.0,2.0,36.0,5.0,14.0,49.0,0.0,1.0,11.0,112.0,1.0,1.0,1.0,1.0,40.0,1.0,134.0,1.0,5308.0,7
41.0,3.0,170.0,21.0,13.0,1.0,4.0,14.0,11.0,1.0,1.0,1.0,4.0,15.0,13.0,45.0,16.0,33.0,20.0,9.0,3.0,12.0,1.0,4.0,1.0,8.0,1.0,167.0,1.0,10.0,1.0,1.0,34.0,2.0,36.0,5.0,14.0,49.0,1.0,1.0,25.0,112.0,1.0,1.0,1.0,14.0,40.0,1.0,134.0,1.0,5308.0,0
41.0,3.0,171.0,7.0,13.0,1.0,4.0,14.0,11.0,1.0,1.0,1.0,2.0,15.0,13.0,45.0,16.0,12.0,20.0,9.0,3.0,12.0,1.0,4.0,1.0,8.0,1.0,167.0,1.0,10.0,1.0,1.0,40.0,1.0,9.0,5.0,14.0,49.0,0.0,1.0,26.0,112.0,0.0,1.0,1.0,14.0,40.0,1.0,134.0,1.0,5308.0,0
34.0,1.0,97.0,3.0,13.0,1.0,4.0,14.0,11.0,1.0,1.0,1.0,1.0,15.0,13.0,45.0,10.0,33.0,20.0,9.0,1.0,12.0,0.0,4.0,1.0,8.0,1.0,167.0,1.0,3.0,1.0,1.0,34.0,2.0,36.0,2.0,14.0,49.0,0.0,1.0,12.0,112.0,1.0,1.0,1.0,14.0,40.0,0.0,134.0,1.0,5308.0,0
34.0,3.0,0.0,21.0,13.0,1.0,4.0,14.0,11.0,1.0,1.0,1.0,4.0,15.0,13.0,45.0,9.0,33.0,20.0,9.0,0.0,12.0,0.0,3.0,1.0,8.0,1.0,0.0,1.0,0.0,1.0,1.0,34.0,2.0,36.0,0.0,14.0,49.0,1.0,0.0,1.0,112.0,1.0,1.0,1.0,32.0,40.0,1.0,134.0,1.0,5308.0,0
41.0,4.0,109.0,14.0,13.0,1.0,4.0,14.0,11.0,1.0,1.0,1.0,3.0,15.0,13.0,45.0,4.0,33.0,20.0,9.0,1.0,12.0,1.0,1.0,1.0,6.0,1.0,107.0,1.0,10.0,1.0,1.0,35.0,0.0,36.0,5.0,14.0,49.0,0.0,0.0,14.0,112.0,1.0,1.0,1.0,6.0,40.0,1.0,134.0,1.0,5308.0,0
46.0,3.0,168.0,4.0,13.0,0.0,2.0,14.0,11.0,1.0,0.0,1.0,2.0,15.0,13.0,45.0,5.0,33.0,60.0,9.0,3.0,12.0,1.0,0.0,1.0,8.0,1.0,166.0,1.0,7.0,1.0,1.0,44.0,2.0,36.0,4.0,14.0,49.0,0.0,0.0,21.0,112.0,1.0,1.0,1.0,19.0,44.0,1.0,134.0,1.0,5308.0,0
41.0,3.0,61.0,21.0,21.0,1.0,4.0,14.0,4.0,1.0,0.0,1.0,4.0,15.0,23.0,45.0,6.0,33.0,20.0,9.0,4.0,12.0,1.0,0.0,1.0,8.0,0.0,61.0,0.0,6.0,1.0,1.0,46.0,2.0,36.0,5.0,14.0,49.0,1.0,0.0,3.0,112.0,1.0,0.0,1.0,23.0,46.0,1.0,0.0,1.0,5308.0,0
41.0,3.0,36.0,21.0,36.0,1.0,4.0,37.0,8.0,1.0,0.0,1.0,4.0,38.0,13.0,45.0,0.0,33.0,8.0,9.0,1.0,12.0,1.0,0.0,1.0,8.0,1.0,36.0,0.0,2.0,0.0,1.0,40.0,2.0,36.0,5.0,37.0,49.0,1.0,0.0,2.0,52.0,1.0,1.0,0.0,38.0,40.0,1.0,4.0,1.0,5308.0,0
41.0,3.0,136.0,21.0,11.0,1.0,4.0,12.0,0.0,1.0,1.0,1.0,4.0,15.0,13.0,45.0,15.0,33.0,20.0,9.0,9.0,12.0,1.0,0.0,1.0,8.0,0.0,134.0,0.0,9.0,0.0,1.0,48.0,2.0,36.0,5.0,14.0,49.0,1.0,0.0,16.0,74.0,1.0,1.0,1.0,13.0,40.0,1.0,26.0,1.0,5308.0,0
41.0,3.0,31.0,21.0,13.0,1.0,4.0,14.0,2.0,1.0,0.0,1.0,4.0,15.0,13.0,45.0,0.0,33.0,8.0,9.0,1.0,12.0,1.0,0.0,1.0,8.0,1.0,31.0,0.0,2.0,0.0,1.0,40.0,2.0,36.0,5.0,14.0,49.0,1.0,0.0,2.0,31.0,1.0,0.0,0.0,15.0,40.0,1.0,114.0,1.0,5308.0,0
41.0,3.0,118.0,21.0,8.0,1.0,4.0,9.0,10.0,1.0,1.0,1.0,4.0,15.0,10.0,45.0,15.0,33.0,20.0,9.0,9.0,9.0,1.0,0.0,1.0,8.0,0.0,116.0,0.0,9.0,0.0,1.0,48.0,2.0,36.0,5.0,14.0,49.0,1.0,0.0,16.0,40.0,1.0,1.0,1.0,10.0,40.0,1.0,123.0,1.0,5308.0,0
41.0,0.0,93.0,0.0,13.0,0.0,1.0,14.0,11.0,0.0,0.0,1.0,0.0,2.0,13.0,41.0,7.0,33.0,30.0,9.0,6.0,12.0,1.0,0.0,1.0,8.0,1.0,93.0,1.0,2.0,1.0,1.0,40.0,2.0,36.0,5.0,14.0,49.0,0.0,0.0,7.0,112.0,1.0,1.0,1.0,2.0,40.0,1.0,134.0,0.0,5308.0,0
41.0,3.0,92.0,21.0,13.0,1.0,4.0,14.0,11.0,1.0,0.0,0.0,4.0,15.0,1.0,45.0,8.0,33.0,28.0,9.0,5.0,12.0,1.0,2.0,1.0,8.0,0.0,92.0,1.0,9.0,1.0,1.0,50.0,2.0,36.0,5.0,14.0,49.0,1.0,0.0,5.0,112.0,1.0,1.0,1.0,1.0,50.0,1.0,134.0,1.0,5308.0,0
41.0,3.0,94.0,21.0,13.0,1.0,4.0,14.0,11.0,1.0,0.0,1.0,4.0,2.0,13.0,45.0,11.0,33.0,38.0,9.0,7.0,12.0,1.0,0.0,1.0,8.0,1.0,94.0,1.0,2.0,1.0,0.0,40.0,2.0,36.0,0.0,14.0,49.0,1.0,0.0,9.0,112.0,1.0,1.0,1.0,2.0,40.0,1.0,134.0,1.0,5308.0,0
49.0,3.0,95.0,21.0,13.0,1.0,4.0,14.0,11.0,1.0,0.0,1.0,4.0,15.0,14.0,45.0,12.0,33.0,38.0,9.0,7.0,12.0,1.0,0.0,0.0,8.0,0.0,95.0,1.0,0.0,1.0,1.0,48.0,2.0,36.0,1.0,14.0,49.0,1.0,0.0,9.0,112.0,1.0,1.0,1.0,14.0,48.0,1.0,134.0,1.0,5308.0,0
43.0,4.0,84.0,17.0,13.0,0.0,3.0,14.0,11.0,1.0,0.0,1.0,3.0,106.0,13.0,42.0,2.0,33.0,20.0,1.0,4.0,12.0,1.0,0.0,1.0,8.0,1.0,84.0,1.0,1.0,1.0,1.0,40.0,2.0,36.0,3.0,14.0,49.0,0.0,0.0,3.0,112.0,1.0,1.0,1.0,106.0,40.0,1.0,134.0,1.0,5308.0,0
41.0,3.0,154.0,21.0,13.0,1.0,4.0,14.0,2.0,1.0,1.0,1.0,4.0,15.0,15.0,45.0,15.0,33.0,20.0,9.0,9.0,14.0,1.0,0.0,1.0,8.0,0.0,152.0,0.0,9.0,0.0,1.0,61.0,2.0,36.0,5.0,14.0,62.0,1.0,0.0,16.0,101.0,1.0,1.0,1.0,15.0,40.0,1.0,86.0,1.0,5308.0,0
41.0,3.0,54.0,21.0,51.0,1.0,4.0,52.0,9.0,1.0,0.0,1.0,4.0,53.0,13.0,45.0,0.0,33.0,8.0,9.0,1.0,12.0,1.0,0.0,1.0,8.0,1.0,54.0,0.0,2.0,0.0,1.0,40.0,2.0,36.0,5.0,52.0,49.0,1.0,0.0,2.0,87.0,1.0,1.0,0.0,53.0,40.0,1.0,78.0,1.0,5308.0,0
41.0,1.0,92.0,1.0,13.0,1.0,4.0,14.0,11.0,1.0,0.0,1.0,1.0,1.0,13.0,45.0,3.0,33.0,28.0,9.0,5.0,12.0,1.0,0.0,1.0,8.0,1.0,92.0,1.0,5.0,1.0,1.0,40.0,2.0,36.0,5.0,14.0,49.0,0.0,0.0,5.0,112.0,1.0,1.0,1.0,1.0,40.0,1.0,134.0,1.0,5308.0,0
41.0,3.0,110.0,15.0,13.0,1.0,4.0,14.0,11.0,1.0,1.0,1.0,2.0,15.0,13.0,45.0,4.0,33.0,20.0,9.0,1.0,12.0,1.0,1.0,1.0,6.0,1.0,108.0,1.0,10.0,1.0,1.0,35.0,0.0,36.0,5.0,14.0,49.0,0.0,0.0,14.0,112.0,1.0,1.0,1.0,6.0,40.0,1.0,134.0,1.0,5308.0,0
46.0,3.0,168.0,4.0,13.0,0.0,2.0,14.0,11.0,1.0,0.0,1.0,2.0,15.0,13.0,45.0,5.0,33.0,60.0,9.0,3.0,12.0,1.0,0.0,1.0,8.0,1.0,166.0,1.0,7.0,1.0,1.0,44.0,2.0,36.0,4.0,14.0,49.0,0.0,0.0,21.0,112.0,1.0,1.0,1.0,19.0,44.0,1.0,134.0,1.0,5308.0,0
41.0,3.0,171.0,7.0,13.0,1.0,4.0,14.0,11.0,1.0,1.0,1.0,2.0,15.0,13.0,45.0,16.0,24.0,20.0,9.0,3.0,12.0,1.0,4.0,1.0,8.0,1.0,167.0,1.0,10.0,1.0,1.0,40.0,1.0,15.0,5.0,14.0,49.0,0.0,1.0,26.0,112.0,0.0,1.0,1.0,14.0,40.0,1.0,134.0,1.0,5308.0,0
34.0,1.0,97.0,3.0,13.0,1.0,4.0,14.0,11.0,1.0,1.0,1.0,1.0,15.0,13.0,45.0,10.0,33.0,20.0,9.0,1.0,12.0,0.0,4.0,1.0,8.0,1.0,167.0,1.0,3.0,1.0,1.0,34.0,2.0,36.0,2.0,14.0,49.0,0.0,1.0,12.0,112.0,1.0,1.0,1.0,14.0,40.0,0.0,134.0,1.0,5308.0,0
34.0,3.0,0.0,21.0,13.0,1.0,4.0,14.0,11.0,1.0,1.0,1.0,4.0,15.0,13.0,45.0,9.0,33.0,20.0,9.0,0.0,12.0,0.0,3.0,1.0,8.0,1.0,0.0,1.0,0.0,1.0,1.0,34.0,2.0,36.0,0.0,14.0,49.0,1.0,0.0,1.0,112.0,1.0,1.0,1.0,32.0,40.0,1.0,134.0,1.0,5308.0,0
41.0,4.0,101.0,12.0,13.0,1.0,4.0,14.0,11.0,1.0,1.0,1.0,3.0,15.0,13.0,45.0,4.0,33.0,20.0,9.0,1.0,12.0,1.0,1.0,1.0,1.0,1.0,99.0,1.0,10.0,1.0,1.0,35.0,0.0,36.0,5.0,14.0,49.0,0.0,0.0,14.0,112.0,1.0,1.0,1.0,6.0,40.0,1.0,134.0,1.0,5308.0,0
46.0,3.0,168.0,4.0,13.0,0.0,2.0,14.0,11.0,1.0,0.0,1.0,2.0,15.0,13.0,45.0,5.0,33.0,60.0,9.0,3.0,12.0,1.0,0.0,1.0,8.0,1.0,166.0,1.0,7.0,1.0,1.0,44.0,2.0,36.0,4.0,14.0,49.0,0.0,0.0,21.0,112.0,1.0,1.0,1.0,19.0,44.0,1.0,134.0,1.0,5308.0,0
41.0,3.0,77.0,21.0,32.0,1.0,4.0,14.0,7.0,1.0,0.0,1.0,4.0,15.0,34.0,45.0,6.0,33.0,20.0,9.0,4.0,12.0,1.0,0.0,1.0,8.0,0.0,77.0,0.0,6.0,1.0,1.0,46.0,2.0,36.0,5.0,14.0,49.0,1.0,0.0,3.0,112.0,1.0,0.0,1.0,34.0,46.0,1.0,57.0,1.0,5308.0,0
41.0,3.0,3.0,21.0,3.0,1.0,4.0,4.0,6.0,1.0,0.0,1.0,4.0,5.0,13.0,45.0,0.0,33.0,8.0,9.0,1.0,12.0,1.0,0.0,1.0,8.0,1.0,3.0,0.0,2.0,0.0,1.0,40.0,2.0,36.0,5.0,4.0,49.0,1.0,0.0,2.0,2.0,1.0,0.0,0.0,5.0,40.0,1.0,36.0,1.0,5308.0,0
41.0,3.0,145.0,21.0,11.0,1.0,4.0,12.0,0.0,1.0,1.0,1.0,4.0,15.0,13.0,45.0,15.0,33.0,20.0,9.0,9.0,12.0,1.0,0.0,1.0,8.0,0.0,143.0,0.0,9.0,0.0,1.0,48.0,2.0,36.0,5.0,14.0,49.0,1.0,0.0,16.0,83.0,1.0,1.0,1.0,13.0,40.0,1.0,37.0,1.0,5308.0,0
41.0,3.0,38.0,21.0,36.0,1.0,4.0,37.0,8.0,1.0,0.0,1.0,4.0,38.0,13.0,45.0,0.0,33.0,8.0,9.0,1.0,12.0,1.0,0.0,1.0,8.0,1.0,38.0,0.0,2.0,0.0,1.0,40.0,2.0,36.0,5.0,37.0,49.0,1.0,0.0,2.0,54.0,1.0,1.0,0.0,38.0,40.0,1.0,6.0,1.0,5308.0,0
41.0,3.0,140.0,21.0,11.0,1.0,4.0,12.0,0.0,1.0,1.0,1.0,4.0,15.0,13.0,45.0,15.0,33.0,20.0,9.0,9.0,12.0,1.0,0.0,1.0,8.0,0.0,138.0,0.0,9.0,0.0,1.0,48.0,2.0,36.0,5.0,14.0,49.0,1.0,0.0,16.0,78.0,1.0,1.0,1.0,13.0,40.0,1.0,30.0,1.0,5308.0,0
41.0,3.0,22.0,21.0,13.0,1.0,4.0,14.0,2.0,1.0,0.0,1.0,4.0,15.0,13.0,45.0,0.0,33.0,8.0,9.0,1.0,12.0,1.0,0.0,1.0,8.0,1.0,22.0,0.0,2.0,0.0,1.0,40.0,2.0,36.0,5.0,14.0,49.0,1.0,0.0,2.0,22.0,1.0,0.0,0.0,15.0,40.0,1.0,105.0,1.0,5308.0,0
41.0,3.0,123.0,21.0,8.0,1.0,4.0,9.0,10.0,1.0,1.0,1.0,4.0,15.0,10.0,45.0,15.0,33.0,20.0,9.0,9.0,9.0,1.0,0.0,1.0,8.0,0.0,121.0,0.0,9.0,0.0,1.0,50.0,2.0,36.0,5.0,14.0,51.0,1.0,0.0,16.0,45.0,1.0,1.0,1.0,10.0,40.0,1.0,128.0,1.0,5308.0,0
41.0,0.0,93.0,0.0,13.0,0.0,1.0,14.0,11.0,0.0,0.0,1.0,0.0,2.0,13.0,41.0,7.0,33.0,30.0,9.0,6.0,12.0,1.0,0.0,1.0,8.0,1.0,93.0,1.0,2.0,1.0,1.0,40.0,2.0,36.0,5.0,14.0,49.0,0.0,0.0,7.0,112.0,1.0,1.0,1.0,2.0,40.0,1.0,134.0,0.0,5308.0,0
41.0,3.0,92.0,21.0,13.0,1.0,4.0,14.0,11.0,1.0,0.0,0.0,4.0,15.0,1.0,45.0,8.0,33.0,28.0,9.0,5.0,12.0,1.0,2.0,1.0,8.0,0.0,92.0,1.0,9.0,1.0,1.0,48.0,2.0,36.0,5.0,14.0,49.0,1.0,0.0,5.0,112.0,1.0,1.0,1.0,1.0,48.0,1.0,134.0,1.0,5308.0,0
41.0,3.0,94.0,21.0,13.0,1.0,4.0,14.0,11.0,1.0,0.0,1.0,4.0,2.0,13.0,45.0,11.0,33.0,38.0,9.0,7.0,12.0,1.0,0.0,1.0,8.0,1.0,94.0,1.0,2.0,1.0,0.0,40.0,2.0,36.0,0.0,14.0,49.0,1.0,0.0,9.0,112.0,1.0,1.0,1.0,2.0,40.0,1.0,134.0,1.0,5308.0,0
49.0,3.0,95.0,21.0,13.0,1.0,4.0,14.0,11.0,1.0,0.0,1.0,4.0,15.0,14.0,45.0,12.0,33.0,38.0,9.0,7.0,12.0,1.0,0.0,0.0,8.0,0.0,95.0,1.0,0.0,1.0,1.0,48.0,2.0,36.0,1.0,14.0,49.0,1.0,0.0,9.0,112.0,1.0,1.0,1.0,14.0,48.0,1.0,134.0,1.0,5308.0,0
43.0,4.0,88.0,17.0,13.0,0.0,3.0,14.0,11.0,1.0,0.0,1.0,3.0,106.0,13.0,42.0,2.0,33.0,20.0,5.0,4.0,12.0,1.0,0.0,1.0,8.0,1.0,88.0,1.0,1.0,1.0,1.0,40.0,2.0,36.0,3.0,14.0,49.0,0.0,0.0,3.0,112.0,1.0,1.0,1.0,106.0,40.0,1.0,134.0,1.0,5308.0,0
41.0,3.0,153.0,21.0,13.0,1.0,4.0,14.0,2.0,1.0,1.0,1.0,4.0,15.0,15.0,45.0,15.0,33.0,20.0,9.0,9.0,14.0,1.0,0.0,1.0,8.0,0.0,151.0,0.0,9.0,0.0,1.0,61.0,2.0,36.0,5.0,14.0,62.0,1.0,0.0,16.0,100.0,1.0,1.0,1.0,15.0,40.0,1.0,80.0,1.0,5308.0,0
41.0,3.0,59.0,21.0,51.0,1.0,4.0,52.0,9.0,1.0,0.0,1.0,4.0,53.0,13.0,45.0,0.0,33.0,8.0,9.0,1.0,12.0,1.0,0.0,1.0,8.0,1.0,59.0,0.0,2.0,0.0,1.0,40.0,2.0,36.0,5.0,52.0,49.0,1.0,0.0,2.0,92.0,1.0,1.0,0.0,53.0,40.0,1.0,85.0,1.0,5308.0,0
41.0,1.0,92.0,1.0,13.0,1.0,4.0,14.0,11.0,1.0,0.0,1.0,1.0,1.0,13.0,45.0,3.0,33.0,28.0,9.0,5.0,12.0,1.0,0.0,1.0,8.0,1.0,92.0,1.0,5.0,1.0,1.0,40.0,2.0,36.0,5.0,14.0,49.0,0.0,0.0,5.0,112.0,1.0,1.0,1.0,1.0,40.0,1.0,134.0,1.0,5308.0,0
41.0,4.0,98.0,11.0,13.0,1.0,4.0,14.0,11.0,1.0,1.0,1.0,3.0,15.0,13.0,45.0,4.0,33.0,20.0,9.0,1.0,12.0,1.0,1.0,1.0,0.0,1.0,96.0,1.0,10.0,1.0,1.0,35.0,0.0,36.0,5.0,14.0,49.0,0.0,0.0,14.0,112.0,1.0,1.0,1.0,6.0,40.0,1.0,134.0,1.0,5308.0,11
46.0,3.0,168.0,4.0,13.0,0.0,2.0,14.0,11.0,1.0,0.0,1.0,2.0,15.0,13.0,45.0,5.0,33.0,60.0,9.0,3.0,12.0,1.0,0.0,1.0,8.0,1.0,166.0,1.0,7.0,1.0,1.0,44.0,2.0,36.0,4.0,14.0,49.0,0.0,0.0,21.0,112.0,1.0,1.0,1.0,19.0,44.0,1.0,134.0,1.0,5308.0,11
41.0,3.0,68.0,21.0,28.0,1.0,4.0,14.0,5.0,1.0,0.0,1.0,4.0,15.0,30.0,45.0,6.0,33.0,20.0,9.0,4.0,12.0,1.0,0.0,1.0,8.0,0.0,68.0,0.0,6.0,1.0,1.0,46.0,2.0,36.0,5.0,14.0,49.0,1.0,0.0,3.0,112.0,1.0,0.0,1.0,30.0,46.0,1.0,64.0,1.0,5308.0,11
41.0,3.0,2.0,21.0,3.0,1.0,4.0,4.0,6.0,1.0,0.0,1.0,4.0,5.0,13.0,45.0,0.0,33.0,8.0,9.0,1.0,12.0,1.0,0.0,1.0,8.0,1.0,2.0,0.0,2.0,0.0,1.0,40.0,2.0,36.0,5.0,4.0,49.0,1.0,0.0,2.0,1.0,1.0,0.0,0.0,5.0,40.0,1.0,2.0,1.0,5308.0,11
41.0,3.0,171.0,6.0,13.0,1.0,4.0,14.0,11.0,1.0,1.0,1.0,2.0,15.0,13.0,45.0,16.0,9.0,20.0,9.0,3.0,12.0,1.0,4.0,1.0,8.0,1.0,167.0,1.0,10.0,1.0,1.0,40.0,1.0,2.0,5.0,14.0,49.0,0.0,1.0,26.0,112.0,0.0,1.0,1.0,14.0,40.0,1.0,134.0,1.0,5308.0,11
34.0,1.0,97.0,3.0,13.0,1.0,4.0,14.0,11.0,1.0,1.0,1.0,1.0,15.0,13.0,45.0,10.0,33.0,20.0,9.0,1.0,12.0,0.0,4.0,1.0,8.0,1.0,167.0,1.0,3.0,1.0,1.0,34.0,2.0,36.0,2.0,14.0,49.0,0.0,1.0,12.0,112.0,1.0,1.0,1.0,14.0,40.0,0.0,134.0,1.0,5308.0,11
41.0,3.0,159.0,21.0,32.0,1.0,4.0,33.0,7.0,1.0,1.0,1.0,4.0,15.0,34.0,45.0,15.0,33.0,20.0,9.0,9.0,33.0,1.0,0.0,1.0,8.0,0.0,157.0,0.0,9.0,0.0,1.0,46.0,2.0,36.0,5.0,14.0,47.0,1.0,0.0,16.0,106.0,1.0,4.0,1.0,34.0,40.0,1.0,49.0,1.0,5308.0,11
41.0,1.0,92.0,1.0,13.0,1.0,4.0,14.0,11.0,1.0,0.0,1.0,1.0,1.0,13.0,45.0,3.0,33.0,28.0,9.0,5.0,12.0,1.0,0.0,1.0,8.0,1.0,92.0,1.0,5.0,1.0,1.0,40.0,2.0,36.0,5.0,14.0,49.0,0.0,0.0,5.0,112.0,1.0,1.0,1.0,1.0,40.0,1.0,134.0,1.0,5308.0,11
41.0,3.0,171.0,8.0,13.0,1.0,4.0,14.0,11.0,1.0,1.0,1.0,2.0,15.0,13.0,45.0,16.0,3.0,20.0,9.0,3.0,12.0,1.0,4.0,1.0,8.0,1.0,167.0,1.0,10.0,1.0,1.0,40.0,1.0,19.0,5.0,14.0,49.0,0.0,1.0,26.0,112.0,0.0,1.0,1.0,14.0,40.0,1.0,134.0,1.0,5308.0,11
34.0,1.0,97.0,3.0,13.0,1.0,4.0,14.0,11.0,1.0,1.0,1.0,1.0,15.0,13.0,45.0,10.0,33.0,20.0,9.0,1.0,12.0,0.0,4.0,1.0,8.0,1.0,167.0,1.0,3.0,1.0,1.0,34.0,2.0,36.0,2.0,14.0,49.0,0.0,1.0,12.0,112.0,1.0,1.0,1.0,14.0,40.0,0.0,134.0,1.0,5308.0,11
34.0,3.0,0.0,21.0,13.0,1.0,4.0,14.0,11.0,1.0,1.0,1.0,4.0,15.0,13.0,45.0,9.0,33.0,20.0,9.0,0.0,12.0,0.0,3.0,1.0,8.0,1.0,0.0,1.0,0.0,1.0,1.0,34.0,2.0,36.0,0.0,14.0,49.0,1.0,0.0,1.0,112.0,1.0,1.0,1.0,32.0,40.0,1.0,134.0,1.0,5308.0,11
41.0,4.0,98.0,11.0,13.0,1.0,4.0,14.0,11.0,1.0,1.0,1.0,3.0,15.0,13.0,45.0,4.0,33.0,20.0,9.0,1.0,12.0,1.0,1.0,1.0,0.0,1.0,96.0,1.0,10.0,1.0,1.0,35.0,0.0,36.0,5.0,14.0,49.0,0.0,0.0,14.0,112.0,1.0,1.0,1.0,6.0,40.0,1.0,134.0,1.0,5308.0,11
46.0,3.0,168.0,4.0,13.0,0.0,2.0,14.0,11.0,1.0,0.0,1.0,2.0,15.0,13.0,45.0,5.0,33.0,60.0,9.0,3.0,12.0,1.0,0.0,1.0,8.0,1.0,166.0,1.0,7.0,1.0,1.0,44.0,2.0,36.0,4.0,14.0,49.0,0.0,0.0,21.0,112.0,1.0,1.0,1.0,19.0,44.0,1.0,134.0,1.0,5308.0,11
41.0,3.0,80.0,21.0,32.0,1.0,4.0,14.0,7.0,1.0,0.0,1.0,4.0,15.0,34.0,45.0,6.0,33.0,20.0,9.0,4.0,12.0,1.0,0.0,1.0,8.0,0.0,80.0,0.0,6.0,1.0,1.0,46.0,2.0,36.0,5.0,14.0,49.0,1.0,0.0,3.0,112.0,1.0,0.0,1.0,34.0,46.0,1.0,66.0,1.0,5308.0,11
41.0,3.0,3.0,21.0,3.0,1.0,4.0,4.0,6.0,1.0,0.0,1.0,4.0,5.0,13.0,45.0,0.0,33.0,8.0,9.0,1.0,12.0,1.0,0.0,1.0,8.0,1.0,3.0,0.0,2.0,0.0,1.0,40.0,2.0,36.0,5.0,4.0,49.0,1.0,0.0,2.0,2.0,1.0,0.0,0.0,5.0,40.0,1.0,36.0,1.0,5308.0,11
41.0,3.0,145.0,21.0,11.0,1.0,4.0,12.0,0.0,1.0,1.0,1.0,4.0,15.0,13.0,45.0,15.0,33.0,20.0,9.0,9.0,12.0,1.0,0.0,1.0,8.0,0.0,143.0,0.0,9.0,0.0,1.0,48.0,2.0,36.0,5.0,14.0,49.0,1.0,0.0,16.0,83.0,1.0,1.0,1.0,13.0,40.0,1.0,37.0,1.0,5308.0,11
41.0,3.0,40.0,21.0,36.0,1.0,4.0,37.0,8.0,1.0,0.0,1.0,4.0,38.0,13.0,45.0,0.0,33.0,8.0,9.0,1.0,12.0,1.0,0.0,1.0,8.0,1.0,40.0,0.0,2.0,0.0,1.0,40.0,2.0,36.0,5.0,37.0,49.0,1.0,0.0,2.0,56.0,1.0,1.0,0.0,38.0,40.0,1.0,8.0,1.0,5308.0,11
41.0,3.0,135.0,21.0,11.0,1.0,4.0,12.0,0.0,1.0,1.0,1.0,4.0,15.0,13.0,45.0,15.0,33.0,20.0,9.0,9.0,12.0,1.0,0.0,1.0,8.0,0.0,133.0,0.0,9.0,0.0,1.0,48.0,2.0,36.0,5.0,14.0,49.0,1.0,0.0,16.0,73.0,1.0,1.0,1.0,13.0,40.0,1.0,25.0,1.0,5308.0,11
41.0,3.0,14.0,21.0,13.0,1.0,4.0,14.0,2.0,1.0,0.0,1.0,4.0,15.0,13.0,45.0,0.0,33.0,8.0,9.0,1.0,12.0,1.0,0.0,1.0,8.0,1.0,14.0,0.0,2.0,0.0,1.0,40.0,2.0,36.0,5.0,14.0,49.0,1.0,0.0,2.0,14.0,1.0,0.0,0.0,15.0,40.0,1.0,97.0,1.0,5308.0,11
41.0,3.0,128.0,21.0,8.0,1.0,4.0,9.0,10.0,1.0,1.0,1.0,4.0,15.0,10.0,45.0,15.0,33.0,20.0,9.0,9.0,9.0,1.0,0.0,1.0,8.0,0.0,126.0,0.0,9.0,0.0,1.0,50.0,2.0,36.0,5.0,14.0,51.0,1.0,0.0,16.0,50.0,1.0,1.0,1.0,10.0,40.0,1.0,133.0,1.0,5308.0,11
41.0,3.0,171.0,9.0,13.0,1.0,4.0,14.0,11.0,1.0,1.0,1.0,2.0,15.0,13.0,45.0,16.0,29.0,20.0,9.0,3.0,12.0,1.0,4.0,1.0,8.0,1.0,167.0,1.0,10.0,1.0,1.0,40.0,1.0,33.0,5.0,14.0,49.0,0.0,1.0,26.0,112.0,0.0,1.0,1.0,14.0,40.0,1.0,134.0,1.0,5308.0,11
34.0,1.0,97.0,3.0,13.0,1.0,4.0,14.0,11.0,1.0,1.0,1.0,1.0,15.0,13.0,45.0,10.0,33.0,20.0,9.0,1.0,12.0,0.0,4.0,1.0,8.0,1.0,167.0,1.0,3.0,1.0,1.0,34.0,2.0,36.0,2.0,14.0,49.0,0.0,1.0,12.0,112.0,1.0,1.0,1.0,14.0,40.0,0.0,134.0,1.0,5308.0,11
41.0,3.0,158.0,21.0,32.0,1.0,4.0,33.0,7.0,1.0,1.0,1.0,4.0,15.0,34.0,45.0,15.0,33.0,20.0,9.0,9.0,33.0,1.0,0.0,1.0,8.0,0.0,156.0,0.0,9.0,0.0,1.0,46.0,2.0,36.0,5.0,14.0,47.0,1.0,0.0,16.0,105.0,1.0,4.0,1.0,34.0,40.0,1.0,48.0,1.0,5308.0,11
41.0,1.0,92.0,1.0,13.0,1.0,4.0,14.0,11.0,1.0,0.0,1.0,1.0,1.0,13.0,45.0,3.0,33.0,28.0,9.0,5.0,12.0,1.0,0.0,1.0,8.0,1.0,92.0,1.0,5.0,1.0,1.0,40.0,2.0,36.0,5.0,14.0,49.0,0.0,0.0,5.0,112.0,1.0,1.0,1.0,1.0,40.0,1.0,134.0,1.0,5308.0,11
41.0,3.0,171.0,7.0,13.0,1.0,4.0,14.0,11.0,1.0,1.0,1.0,2.0,15.0,13.0,45.0,16.0,21.0,20.0,9.0,3.0,12.0,1.0,4.0,1.0,8.0,1.0,167.0,1.0,10.0,1.0,1.0,40.0,1.0,13.0,5.0,14.0,49.0,0.0,1.0,26.0,112.0,0.0,1.0,1.0,14.0,40.0,1.0,134.0,1.0,5308.0,11
34.0,1.0,97.0,3.0,13.0,1.0,4.0,14.0,11.0,1.0,1.0,1.0,1.0,15.0,13.0,45.0,10.0,33.0,20.0,9.0,1.0,12.0,0.0,4.0,1.0,8.0,1.0,167.0,1.0,3.0,1.0,1.0,34.0,2.0,36.0,2.0,14.0,49.0,0.0,1.0,12.0,112.0,1.0,1.0,1.0,14.0,40.0,0.0,134.0,1.0,5308.0,11
34.0,3.0,0.0,21.0,13.0,1.0,4.0,14.0,11.0,1.0,1.0,1.0,4.0,15.0,13.0,45.0,9.0,33.0,20.0,9.0,0.0,12.0,0.0,3.0,1.0,8.0,1.0,0.0,1.0,0.0,1.0,1.0,34.0,2.0,36.0,0.0,14.0,49.0,1.0,0.0,1.0,112.0,1.0,1.0,1.0,32.0,40.0,1.0,134.0,1.0,5308.0,11
41.0,4.0,98.0,11.0,13.0,1.0,4.0,14.0,11.0,1.0,1.0,1.0,3.0,15.0,13.0,45.0,4.0,33.0,20.0,9.0,1.0,12.0,1.0,1.0,1.0,0.0,1.0,96.0,1.0,10.0,1.0,1.0,35.0,0.0,36.0,5.0,14.0,49.0,0.0,0.0,14.0,112.0,1.0,1.0,1.0,6.0,40.0,1.0,134.0,1.0,5308.0,11
46.0,3.0,168.0,4.0,13.0,0.0,2.0,14.0,11.0,1.0,0.0,1.0,2.0,15.0,13.0,45.0,5.0,33.0,60.0,9.0,3.0,12.0,1.0,0.0,1.0,8.0,1.0,166.0,1.0,7.0,1.0,1.0,44.0,2.0,36.0,4.0,14.0,49.0,0.0,0.0,21.0,112.0,1.0,1.0,1.0,19.0,44.0,1.0,134.0,1.0,5308.0,11
41.0,3.0,76.0,21.0,32.0,1.0,4.0,14.0,7.0,1.0,0.0,1.0,4.0,15.0,34.0,45.0,6.0,33.0,20.0,9.0,4.0,12.0,1.0,0.0,1.0,8.0,0.0,76.0,0.0,6.0,1.0,1.0,46.0,2.0,36.0,5.0,14.0,49.0,1.0,0.0,3.0,112.0,1.0,0.0,1.0,34.0,46.0,1.0,56.0,1.0,5308.0,11
41.0,3.0,3.0,21.0,3.0,1.0,4.0,4.0,6.0,1.0,0.0,1.0,4.0,5.0,13.0,45.0,0.0,33.0,8.0,9.0,1.0,12.0,1.0,0.0,1.0,8.0,1.0,3.0,0.0,2.0,0.0,1.0,40.0,2.0,36.0,5.0,4.0,49.0,1.0,0.0,2.0,2.0,1.0,0.0,0.0,5.0,40.0,1.0,36.0,1.0,5308.0,11
41.0,3.0,145.0,21.0,11.0,1.0,4.0,12.0,0.0,1.0,1.0,1.0,4.0,15.0,13.0,45.0,15.0,33.0,20.0,9.0,9.0,12.0,1.0,0.0,1.0,8.0,0.0,143.0,0.0,9.0,0.0,1.0,48.0,2.0,36.0,5.0,14.0,49.0,1.0,0.0,16.0,83.0,1.0,1.0,1.0,13.0,40.0,1.0,37.0,1.0,5308.0,11
41.0,3.0,37.0,21.0,36.0,1.0,4.0,37.0,8.0,1.0,0.0,1.0,4.0,38.0,13.0,45.0,0.0,33.0,8.0,9.0,1.0,12.0,1.0,0.0,1.0,8.0,1.0,37.0,0.0,2.0,0.0,1.0,40.0,2.0,36.0,5.0,37.0,49.0,1.0,0.0,2.0,53.0,1.0,1.0,0.0,38.0,40.0,1.0,5.0,1.0,5308.0,11
41.0,3.0,137.0,21.0,11.0,1.0,4.0,12.0,0.0,1.0,1.0,1.0,4.0,15.0,13.0,45.0,15.0,33.0,20.0,9.0,9.0,12.0,1.0,0.0,1.0,8.0,0.0,135.0,0.0,9.0,0.0,1.0,48.0,2.0,36.0,5.0,14.0,49.0,1.0,0.0,16.0,75.0,1.0,1.0,1.0,13.0,40.0,1.0,27.0,1.0,5308.0,11
41.0,3.0,7.0,21.0,13.0,1.0,4.0,14.0,2.0,1.0,0.0,1.0,4.0,15.0,13.0,45.0,0.0,33.0,8.0,9.0,1.0,12.0,1.0,0.0,1.0,8.0,1.0,7.0,0.0,2.0,0.0,1.0,40.0,2.0,36.0,5.0,14.0,49.0,1.0,0.0,2.0,7.0,1.0,0.0,0.0,15.0,40.0,1.0,90.0,1.0,5308.0,11
41.0,3.0,113.0,21.0,8.0,1.0,4.0,9.0,10.0,1.0,1.0,1.0,4.0,15.0,10.0,45.0,15.0,33.0,20.0,9.0,9.0,9.0,1.0,0.0,1.0,8.0,0.0,111.0,0.0,9.0,0.0,1.0,50.0,2.0,36.0,5.0,14.0,51.0,1.0,0.0,16.0,35.0,1.0,1.0,1.0,10.0,40.0,1.0,118.0,1.0,5308.0,11
41.0,1.0,92.0,1.0,13.0,1.0,4.0,14.0,11.0,1.0,0.0,1.0,1.0,1.0,13.0,45.0,3.0,33.0,28.0,9.0,5.0,12.0,1.0,0.0,1.0,8.0,1.0,92.0,1.0,5.0,1.0,1.0,40.0,2.0,36.0,5.0,14.0,49.0,0.0,0.0,5.0,112.0,1.0,1.0,1.0,1.0,40.0,1.0,134.0,1.0,5308.0,11
41.0,3.0,171.0,9.0,13.0,1.0,4.0,14.0,11.0,1.0,1.0,1.0,2.0,15.0,13.0,45.0,16.0,32.0,20.0,9.0,3.0,12.0,1.0,4.0,1.0,8.0,1.0,167.0,1.0,10.0,1.0,1.0,40.0,1.0,35.0,5.0,14.0,49.0,0.0,1.0,26.0,112.0,0.0,1.0,1.0,14.0,40.0,1.0,134.0,1.0,5308.0,0
34.0,1.0,97.0,3.0,13.0,1.0,4.0,14.0,11.0,1.0,1.0,1.0,1.0,15.0,13.0,45.0,10.0,33.0,20.0,9.0,1.0,12.0,0.0,4.0,1.0,8.0,1.0,167.0,1.0,3.0,1.0,1.0,34.0,2.0,36.0,2.0,14.0,49.0,0.0,1.0,12.0,112.0,1.0,1.0,1.0,14.0,40.0,0.0,134.0,1.0,5308.0,0
34.0,3.0,0.0,21.0,13.0,1.0,4.0,14.0,11.0,1.0,1.0,1.0,4.0,15.0,13.0,45.0,9.0,33.0,20.0,9.0,0.0,12.0,0.0,3.0,1.0,8.0,1.0,0.0,1.0,0.0,1.0,1.0,34.0,2.0,36.0,0.0,14.0,49.0,1.0,0.0,1.0,112.0,1.0,1.0,1.0,32.0,40.0,1.0,134.0,1.0,5308.0,0
41.0,4.0,98.0,11.0,13.0,1.0,4.0,14.0,11.0,1.0,1.0,1.0,3.0,15.0,13.0,45.0,4.0,33.0,20.0,9.0,1.0,12.0,1.0,1.0,1.0,0.0,1.0,96.0,1.0,10.0,1.0,1.0,35.0,0.0,36.0,5.0,14.0,49.0,0.0,0.0,14.0,112.0,1.0,1.0,1.0,6.0,40.0,1.0,134.0,1.0,5308.0,0
46.0,3.0,168.0,4.0,13.0,0.0,2.0,14.0,11.0,1.0,0.0,1.0,2.0,15.0,13.0,45.0,5.0,33.0,60.0,9.0,3.0,12.0,1.0,0.0,1.0,8.0,1.0,166.0,1.0,7.0,1.0,1.0,44.0,2.0,36.0,4.0,14.0,49.0,0.0,0.0,21.0,112.0,1.0,1.0,1.0,19.0,44.0,1.0,134.0,1.0,5308.0,0
41.0,3.0,61.0,21.0,21.0,1.0,4.0,14.0,4.0,1.0,0.0,1.0,4.0,15.0,23.0,45.0,6.0,33.0,20.0,9.0,4.0,12.0,1.0,0.0,1.0,8.0,0.0,61.0,0.0,6.0,1.0,1.0,46.0,2.0,36.0,5.0,14.0,49.0,1.0,0.0,3.0,112.0,1.0,0.0,1.0,23.0,46.0,1.0,0.0,1.0,5308.0,0
41.0,3.0,45.0,21.0,36.0,1.0,4.0,37.0,8.0,1.0,0.0,1.0,4.0,38.0,13.0,45.0,0.0,33.0,8.0,9.0,1.0,12.0,1.0,0.0,1.0,8.0,1.0,45.0,0.0,2.0,0.0,1.0,40.0,2.0,36.0,5.0,37.0,49.0,1.0,0.0,2.0,61.0,1.0,1.0,0.0,38.0,40.0,1.0,13.0,1.0,5308.0,0
41.0,3.0,129.0,21.0,11.0,1.0,4.0,12.0,0.0,1.0,1.0,1.0,4.0,15.0,13.0,45.0,15.0,33.0,20.0,9.0,9.0,12.0,1.0,0.0,1.0,8.0,0.0,127.0,0.0,9.0,0.0,1.0,48.0,2.0,36.0,5.0,14.0,49.0,1.0,0.0,16.0,67.0,1.0,1.0,1.0,13.0,40.0,1.0,19.0,1.0,5308.0,0
41.0,3.0,6.0,21.0,13.0,1.0,4.0,14.0,2.0,1.0,0.0,1.0,4.0,15.0,13.0,45.0,0.0,33.0,8.0,9.0,1.0,12.0,1.0,0.0,1.0,8.0,1.0,6.0,0.0,2.0,0.0,1.0,40.0,2.0,36.0,5.0,14.0,49.0,1.0,0.0,2.0,6.0,1.0,0.0,0.0,15.0,40.0,1.0,89.0,1.0,5308.0,0
41.0,3.0,122.0,21.0,8.0,1.0,4.0,9.0,10.0,1.0,1.0,1.0,4.0,15.0,10.0,45.0,15.0,33.0,20.0,9.0,9.0,9.0,1.0,0.0,1.0,8.0,0.0,120.0,0.0,9.0,0.0,1.0,48.0,2.0,36.0,5.0,14.0,49.0,1.0,0.0,16.0,44.0,1.0,1.0,1.0,10.0,40.0,1.0,127.0,1.0,5308.0,0
41.0,0.0,93.0,0.0,13.0,0.0,1.0,14.0,11.0,0.0,0.0,1.0,0.0,2.0,13.0,41.0,7.0,33.0,30.0,9.0,6.0,12.0,1.0,0.0,1.0,8.0,1.0,93.0,1.0,2.0,1.0,1.0,40.0,2.0,36.0,5.0,14.0,49.0,0.0,0.0,7.0,112.0,1.0,1.0,1.0,2.0,40.0,1.0,134.0,0.0,5308.0,0
41.0,3.0,92.0,21.0,13.0,1.0,4.0,14.0,11.0,1.0,0.0,0.0,4.0,15.0,1.0,45.0,8.0,33.0,28.0,9.0,5.0,12.0,1.0,2.0,1.0,8.0,0.0,92.0,1.0,9.0,1.0,1.0,50.0,2.0,36.0,5.0,14.0,49.0,1.0,0.0,5.0,112.0,1.0,1.0,1.0,1.0,50.0,1.0,134.0,1.0,5308.0,0
41.0,3.0,94.0,21.0,13.0,1.0,4.0,14.0,11.0,1.0,0.0,1.0,4.0,2.0,13.0,45.0,11.0,33.0,38.0,9.0,7.0,12.0,1.0,0.0,1.0,8.0,1.0,94.0,1.0,2.0,1.0,0.0,40.0,2.0,36.0,0.0,14.0,49.0,1.0,0.0,9.0,112.0,1.0,1.0,1.0,2.0,40.0,1.0,134.0,1.0,5308.0,0
49.0,3.0,95.0,21.0,13.0,1.0,4.0,14.0,11.0,1.0,0.0,1.0,4.0,15.0,14.0,45.0,12.0,33.0,38.0,9.0,7.0,12.0,1.0,0.0,0.0,8.0,0.0,95.0,1.0,0.0,1.0,1.0,48.0,2.0,36.0,1.0,14.0,49.0,1.0,0.0,9.0,112.0,1.0,1.0,1.0,14.0,48.0,1.0,134.0,1.0,5308.0,0
43.0,4.0,86.0,17.0,13.0,0.0,3.0,14.0,11.0,1.0,0.0,1.0,3.0,106.0,13.0,42.0,2.0,33.0,20.0,3.0,4.0,12.0,1.0,0.0,1.0,8.0,1.0,86.0,1.0,1.0,1.0,1.0,40.0,2.0,36.0,3.0,14.0,49.0,0.0,0.0,3.0,112.0,1.0,1.0,1.0,106.0,40.0,1.0,134.0,1.0,5308.0,0
41.0,3.0,150.0,21.0,13.0,1.0,4.0,14.0,2.0,1.0,1.0,1.0,4.0,15.0,15.0,45.0,15.0,33.0,20.0,9.0,9.0,14.0,1.0,0.0,1.0,8.0,0.0,148.0,0.0,9.0,0.0,1.0,61.0,2.0,36.0,5.0,14.0,62.0,1.0,0.0,16.0,97.0,1.0,1.0,1.0,15.0,40.0,1.0,74.0,1.0,5308.0,0
41.0,3.0,55.0,21.0,51.0,1.0,4.0,52.0,9.0,1.0,0.0,1.0,4.0,53.0,13.0,45.0,0.0,33.0,8.0,9.0,1.0,12.0,1.0,0.0,1.0,8.0,1.0,55.0,0.0,2.0,0.0,1.0,40.0,2.0,36.0,5.0,52.0,49.0,1.0,0.0,2.0,88.0,1.0,1.0,0.0,53.0,40.0,1.0,81.0,1.0,5308.0,0
41.0,1.0,92.0,1.0,13.0,1.0,4.0,14.0,11.0,1.0,0.0,1.0,1.0,1.0,13.0,45.0,3.0,33.0,28.0,9.0,5.0,12.0,1.0,0.0,1.0,8.0,1.0,92.0,1.0,5.0,1.0,1.0,40.0,2.0,36.0,5.0,14.0,49.0,0.0,0.0,5.0,112.0,1.0,1.0,1.0,1.0,40.0,1.0,134.0,1.0,5308.0,0
41.0,4.0,99.0,12.0,13.0,1.0,4.0,14.0,11.0,1.0,1.0,1.0,3.0,15.0,13.0,45.0,4.0,33.0,20.0,9.0,1.0,12.0,1.0,1.0,1.0,0.0,1.0,97.0,1.0,10.0,1.0,1.0,35.0,0.0,36.0,5.0,14.0,49.0,0.0,0.0,14.0,112.0,1.0,1.0,1.0,6.0,40.0,1.0,134.0,1.0,5308.0,11
46.0,3.0,168.0,4.0,13.0,0.0,2.0,14.0,11.0,1.0,0.0,1.0,2.0,15.0,13.0,45.0,5.0,33.0,60.0,9.0,3.0,12.0,1.0,0.0,1.0,8.0,1.0,166.0,1.0,7.0,1.0,1.0,44.0,2.0,36.0,4.0,14.0,49.0,0.0,0.0,21.0,112.0,1.0,1.0,1.0,19.0,44.0,1.0,134.0,1.0,5308.0,11
41.0,3.0,64.0,21.0,28.0,1.0,4.0,14.0,5.0,1.0,0.0,1.0,4.0,15.0,30.0,45.0,6.0,33.0,20.0,9.0,4.0,12.0,1.0,0.0,1.0,8.0,0.0,64.0,0.0,6.0,1.0,1.0,46.0,2.0,36.0,5.0,14.0,49.0,1.0,0.0,3.0,112.0,1.0,0.0,1.0,30.0,46.0,1.0,43.0,1.0,5308.0,11
41.0,3.0,2.0,21.0,3.0,1.0,4.0,4.0,6.0,1.0,0.0,1.0,4.0,5.0,13.0,45.0,0.0,33.0,8.0,9.0,1.0,12.0,1.0,0.0,1.0,8.0,1.0,2.0,0.0,2.0,0.0,1.0,40.0,2.0,36.0,5.0,4.0,49.0,1.0,0.0,2.0,1.0,1.0,0.0,0.0,5.0,40.0,1.0,2.0,1.0,5308.0,11
41.0,3.0,171.0,8.0,13.0,1.0,4.0,14.0,11.0,1.0,1.0,1.0,2.0,15.0,13.0,45.0,16.0,14.0,20.0,9.0,3.0,12.0,1.0,4.0,1.0,8.0,1.0,167.0,1.0,10.0,1.0,1.0,40.0,1.0,21.0,5.0,14.0,49.0,0.0,1.0,26.0,112.0,0.0,1.0,1.0,14.0,40.0,1.0,134.0,1.0,5308.0,11
34.0,1.0,97.0,3.0,13.0,1.0,4.0,14.0,11.0,1.0,1.0,1.0,1.0,15.0,13.0,45.0,10.0,33.0,20.0,9.0,1.0,12.0,0.0,4.0,1.0,8.0,1.0,167.0,1.0,3.0,1.0,1.0,34.0,2.0,36.0,2.0,14.0,49.0,0.0,1.0,12.0,112.0,1.0,1.0,1.0,14.0,40.0,0.0,134.0,1.0,5308.0,11
41.0,3.0,163.0,21.0,32.0,1.0,4.0,33.0,7.0,1.0,1.0,1.0,4.0,15.0,34.0,45.0,15.0,33.0,20.0,9.0,9.0,33.0,1.0,0.0,1.0,8.0,0.0,161.0,0.0,9.0,0.0,1.0,46.0,2.0,36.0,5.0,14.0,47.0,1.0,0.0,16.0,110.0,1.0,4.0,1.0,34.0,40.0,1.0,67.0,1.0,5308.0,11
41.0,1.0,92.0,1.0,13.0,1.0,4.0,14.0,11.0,1.0,0.0,1.0,1.0,1.0,13.0,45.0,3.0,33.0,28.0,9.0,5.0,12.0,1.0,0.0,1.0,8.0,1.0,92.0,1.0,5.0,1.0,1.0,40.0,2.0,36.0,5.0,14.0,49.0,0.0,0.0,5.0,112.0,1.0,1.0,1.0,1.0,40.0,1.0,134.0,1.0,5308.0,11
41.0,3.0,171.0,6.0,13.0,1.0,4.0,14.0,11.0,1.0,1.0,1.0,2.0,15.0,13.0,45.0,16.0,7.0,20.0,9.0,3.0,12.0,1.0,4.0,1.0,8.0,1.0,167.0,1.0,10.0,1.0,1.0,40.0,1.0,1.0,5.0,14.0,49.0,0.0,1.0,26.0,112.0,0.0,1.0,1.0,14.0,40.0,1.0,134.0,1.0,5308.0,11
34.0,1.0,97.0,3.0,13.0,1.0,4.0,14.0,11.0,1.0,1.0,1.0,1.0,15.0,13.0,45.0,10.0,33.0,20.0,9.0,1.0,12.0,0.0,4.0,1.0,8.0,1.0,167.0,1.0,3.0,1.0,1.0,34.0,2.0,36.0,2.0,14.0,49.0,0.0,1.0,12.0,112.0,1.0,1.0,1.0,14.0,40.0,0.0,134.0,1.0,5308.0,11
34.0,3.0,0.0,21.0,13.0,1.0,4.0,14.0,11.0,1.0,1.0,1.0,4.0,15.0,13.0,45.0,9.0,33.0,20.0,9.0,0.0,12.0,0.0,3.0,1.0,8.0,1.0,0.0,1.0,0.0,1.0,1.0,34.0,2.0,36.0,0.0,14.0,49.0,1.0,0.0,1.0,112.0,1.0,1.0,1.0,32.0,40.0,1.0,134.0,1.0,5308.0,11
41.0,4.0,99.0,12.0,13.0,1.0,4.0,14.0,11.0,1.0,1.0,1.0,3.0,15.0,13.0,45.0,4.0,33.0,20.0,9.0,1.0,12.0,1.0,1.0,1.0,0.0,1.0,97.0,1.0,10.0,1.0,1.0,35.0,0.0,36.0,5.0,14.0,49.0,0.0,0.0,14.0,112.0,1.0,1.0,1.0,6.0,40.0,1.0,134.0,1.0,5308.0,11
46.0,3.0,168.0,4.0,13.0,0.0,2.0,14.0,11.0,1.0,0.0,1.0,2.0,15.0,13.0,45.0,5.0,33.0,60.0,9.0,3.0,12.0,1.0,0.0,1.0,8.0,1.0,166.0,1.0,7.0,1.0,1.0,44.0,2.0,36.0,4.0,14.0,49.0,0.0,0.0,21.0,112.0,1.0,1.0,1.0,19.0,44.0,1.0,134.0,1.0,5308.0,11
41.0,3.0,73.0,21.0,32.0,1.0,4.0,14.0,7.0,1.0,0.0,1.0,4.0,15.0,34.0,45.0,6.0,33.0,20.0,9.0,4.0,12.0,1.0,0.0,1.0,8.0,0.0,73.0,0.0,6.0,1.0,1.0,46.0,2.0,36.0,5.0,14.0,49.0,1.0,0.0,3.0,112.0,1.0,0.0,1.0,34.0,46.0,1.0,47.0,1.0,5308.0,11
41.0,3.0,3.0,21.0,3.0,1.0,4.0,4.0,6.0,1.0,0.0,1.0,4.0,5.0,13.0,45.0,0.0,33.0,8.0,9.0,1.0,12.0,1.0,0.0,1.0,8.0,1.0,3.0,0.0,2.0,0.0,1.0,40.0,2.0,36.0,5.0,4.0,49.0,1.0,0.0,2.0,2.0,1.0,0.0,0.0,5.0,40.0,1.0,36.0,1.0,5308.0,11
41.0,3.0,145.0,21.0,11.0,1.0,4.0,12.0,0.0,1.0,1.0,1.0,4.0,15.0,13.0,45.0,15.0,33.0,20.0,9.0,9.0,12.0,1.0,0.0,1.0,8.0,0.0,143.0,0.0,9.0,0.0,1.0,48.0,2.0,36.0,5.0,14.0,49.0,1.0,0.0,16.0,83.0,1.0,1.0,1.0,13.0,40.0,1.0,37.0,1.0,5308.0,11
41.0,3.0,47.0,21.0,36.0,1.0,4.0,37.0,8.0,1.0,0.0,1.0,4.0,38.0,13.0,45.0,0.0,33.0,8.0,9.0,1.0,12.0,1.0,0.0,1.0,8.0,1.0,47.0,0.0,2.0,0.0,1.0,40.0,2.0,36.0,5.0,37.0,49.0,1.0,0.0,2.0,63.0,1.0,1.0,0.0,38.0,40.0,1.0,15.0,1.0,5308.0,11
41.0,3.0,139.0,21.0,11.0,1.0,4.0,12.0,0.0,1.0,1.0,1.0,4.0,15.0,13.0,45.0,15.0,33.0,20.0,9.0,9.0,12.0,1.0,0.0,1.0,8.0,0.0,137.0,0.0,9.0,0.0,1.0,48.0,2.0,36.0,5.0,14.0,49.0,1.0,0.0,16.0,77.0,1.0,1.0,1.0,13.0,40.0,1.0,29.0,1.0,5308.0,11
41.0,3.0,19.0,21.0,13.0,1.0,4.0,14.0,2.0,1.0,0.0,1.0,4.0,15.0,13.0,45.0,0.0,33.0,8.0,9.0,1.0,12.0,1.0,0.0,1.0,8.0,1.0,19.0,0.0,2.0,0.0,1.0,40.0,2.0,36.0,5.0,14.0,49.0,1.0,0.0,2.0,19.0,1.0,0.0,0.0,15.0,40.0,1.0,102.0,1.0,5308.0,11
41.0,3.0,116.0,21.0,8.0,1.0,4.0,9.0,10.0,1.0,1.0,1.0,4.0,15.0,10.0,45.0,15.0,33.0,20.0,9.0,9.0,9.0,1.0,0.0,1.0,8.0,0.0,114.0,0.0,9.0,0.0,1.0,50.0,2.0,36.0,5.0,14.0,51.0,1.0,0.0,16.0,38.0,1.0,1.0,1.0,10.0,40.0,1.0,121.0,1.0,5308.0,11
41.0,3.0,171.0,8.0,13.0,1.0,4.0,14.0,11.0,1.0,1.0,1.0,2.0,15.0,13.0,45.0,16.0,1.0,20.0,9.0,3.0,12.0,1.0,4.0,1.0,8.0,1.0,167.0,1.0,10.0,1.0,1.0,40.0,1.0,18.0,5.0,14.0,49.0,0.0,1.0,26.0,112.0,0.0,1.0,1.0,14.0,40.0,1.0,134.0,1.0,5308.0,11
34.0,1.0,97.0,3.0,13.0,1.0,4.0,14.0,11.0,1.0,1.0,1.0,1.0,15.0,13.0,45.0,10.0,33.0,20.0,9.0,1.0,12.0,0.0,4.0,1.0,8.0,1.0,167.0,1.0,3.0,1.0,1.0,34.0,2.0,36.0,2.0,14.0,49.0,0.0,1.0,12.0,112.0,1.0,1.0,1.0,14.0,40.0,0.0,134.0,1.0,5308.0,11
41.0,3.0,161.0,21.0,32.0,1.0,4.0,33.0,7.0,1.0,1.0,1.0,4.0,15.0,34.0,45.0,15.0,33.0,20.0,9.0,9.0,33.0,1.0,0.0,1.0,8.0,0.0,159.0,0.0,9.0,0.0,1.0,46.0,2.0,36.0,5.0,14.0,47.0,1.0,0.0,16.0,108.0,1.0,4.0,1.0,34.0,40.0,1.0,53.0,1.0,5308.0,11
41.0,1.0,92.0,1.0,13.0,1.0,4.0,14.0,11.0,1.0,0.0,1.0,1.0,1.0,13.0,45.0,3.0,33.0,28.0,9.0,5.0,12.0,1.0,0.0,1.0,8.0,1.0,92.0,1.0,5.0,1.0,1.0,40.0,2.0,36.0,5.0,14.0,49.0,0.0,0.0,5.0,112.0,1.0,1.0,1.0,1.0,40.0,1.0,134.0,1.0,5308.0,11
41.0,3.0,171.0,9.0,13.0,1.0,4.0,14.0,11.0,1.0,1.0,1.0,2.0,15.0,13.0,45.0,16.0,28.0,20.0,9.0,3.0,12.0,1.0,4.0,1.0,8.0,1.0,167.0,1.0,10.0,1.0,1.0,40.0,1.0,32.0,5.0,14.0,49.0,0.0,1.0,26.0,112.0,0.0,1.0,1.0,14.0,40.0,1.0,134.0,1.0,5308.0,11
34.0,1.0,97.0,3.0,13.0,1.0,4.0,14.0,11.0,1.0,1.0,1.0,1.0,15.0,13.0,45.0,10.0,33.0,20.0,9.0,1.0,12.0,0.0,4.0,1.0,8.0,1.0,167.0,1.0,3.0,1.0,1.0,34.0,2.0,36.0,2.0,14.0,49.0,0.0,1.0,12.0,112.0,1.0,1.0,1.0,14.0,40.0,0.0,134.0,1.0,5308.0,11
34.0,3.0,0.0,21.0,13.0,1.0,4.0,14.0,11.0,1.0,1.0,1.0,4.0,15.0,13.0,45.0,9.0,33.0,20.0,9.0,0.0,12.0,0.0,3.0,1.0,8.0,1.0,0.0,1.0,0.0,1.0,1.0,34.0,2.0,36.0,0.0,14.0,49.0,1.0,0.0,1.0,112.0,1.0,1.0,1.0,32.0,40.0,1.0,134.0,1.0,5308.0,11
41.0,4.0,99.0,12.0,13.0,1.0,4.0,14.0,11.0,1.0,1.0,1.0,3.0,15.0,13.0,45.0,4.0,33.0,20.0,9.0,1.0,12.0,1.0,1.0,1.0,0.0,1.0,97.0,1.0,10.0,1.0,1.0,35.0,0.0,36.0,5.0,14.0,49.0,0.0,0.0,14.0,112.0,1.0,1.0,1.0,6.0,40.0,1.0,134.0,1.0,5308.0,11
46.0,3.0,168.0,4.0,13.0,0.0,2.0,14.0,11.0,1.0,0.0,1.0,2.0,15.0,13.0,45.0,5.0,33.0,60.0,9.0,3.0,12.0,1.0,0.0,1.0,8.0,1.0,166.0,1.0,7.0,1.0,1.0,44.0,2.0,36.0,4.0,14.0,49.0,0.0,0.0,21.0,112.0,1.0,1.0,1.0,19.0,44.0,1.0,134.0,1.0,5308.0,11
41.0,3.0,72.0,21.0,32.0,1.0,4.0,14.0,7.0,1.0,0.0,1.0,4.0,15.0,34.0,45.0,6.0,33.0,20.0,9.0,4.0,12.0,1.0,0.0,1.0,8.0,0.0,72.0,0.0,6.0,1.0,1.0,46.0,2.0,36.0,5.0,14.0,49.0,1.0,0.0,3.0,112.0,1.0,0.0,1.0,34.0,46.0,1.0,45.0,1.0,5308.0,11
41.0,3.0,3.0,21.0,3.0,1.0,4.0,4.0,6.0,1.0,0.0,1.0,4.0,5.0,13.0,45.0,0.0,33.0,8.0,9.0,1.0,12.0,1.0,0.0,1.0,8.0,1.0,3.0,0.0,2.0,0.0,1.0,40.0,2.0,36.0,5.0,4.0,49.0,1.0,0.0,2.0,2.0,1.0,0.0,0.0,5.0,40.0,1.0,36.0,1.0,5308.0,11
41.0,3.0,145.0,21.0,11.0,1.0,4.0,12.0,0.0,1.0,1.0,1.0,4.0,15.0,13.0,45.0,15.0,33.0,20.0,9.0,9.0,12.0,1.0,0.0,1.0,8.0,0.0,143.0,0.0,9.0,0.0,1.0,48.0,2.0,36.0,5.0,14.0,49.0,1.0,0.0,16.0,83.0,1.0,1.0,1.0,13.0,40.0,1.0,37.0,1.0,5308.0,11
41.0,3.0,39.0,21.0,36.0,1.0,4.0,37.0,8.0,1.0,0.0,1.0,4.0,38.0,13.0,45.0,0.0,33.0,8.0,9.0,1.0,12.0,1.0,0.0,1.0,8.0,1.0,39.0,0.0,2.0,0.0,1.0,40.0,2.0,36.0,5.0,37.0,49.0,1.0,0.0,2.0,55.0,1.0,1.0,0.0,38.0,40.0,1.0,7.0,1.0,5308.0,11
41.0,3.0,134.0,21.0,11.0,1.0,4.0,12.0,0.0,1.0,1.0,1.0,4.0,15.0,13.0,45.0,15.0,33.0,20.0,9.0,9.0,12.0,1.0,0.0,1.0,8.0,0.0,132.0,0.0,9.0,0.0,1.0,48.0,2.0,36.0,5.0,14.0,49.0,1.0,0.0,16.0,72.0,1.0,1.0,1.0,13.0,40.0,1.0,24.0,1.0,5308.0,11
41.0,3.0,8.0,21.0,13.0,1.0,4.0,14.0,2.0,1.0,0.0,1.0,4.0,15.0,13.0,45.0,0.0,33.0,8.0,9.0,1.0,12.0,1.0,0.0,1.0,8.0,1.0,8.0,0.0,2.0,0.0,1.0,40.0,2.0,36.0,5.0,14.0,49.0,1.0,0.0,2.0,8.0,1.0,0.0,0.0,15.0,40.0,1.0,91.0,1.0,5308.0,11
41.0,3.0,126.0,21.0,8.0,1.0,4.0,9.0,10.0,1.0,1.0,1.0,4.0,15.0,10.0,45.0,15.0,33.0,20.0,9.0,9.0,9.0,1.0,0.0,1.0,8.0,0.0,124.0,0.0,9.0,0.0,1.0,50.0,2.0,36.0,5.0,14.0,51.0,1.0,0.0,16.0,48.0,1.0,1.0,1.0,10.0,40.0,1.0,131.0,1.0,5308.0,11
41.0,1.0,92.0,1.0,13.0,1.0,4.0,14.0,11.0,1.0,0.0,1.0,1.0,1.0,13.0,45.0,3.0,33.0,28.0,9.0,5.0,12.0,1.0,0.0,1.0,8.0,1.0,92.0,1.0,5.0,1.0,1.0,40.0,2.0,36.0,5.0,14.0,49.0,0.0,0.0,5.0,112.0,1.0,1.0,1.0,1.0,40.0,1.0,134.0,1.0,5308.0,11
41.0,3.0,171.0,8.0,13.0,1.0,4.0,14.0,11.0,1.0,1.0,1.0,2.0,15.0,13.0,45.0,16.0,16.0,20.0,9.0,3.0,12.0,1.0,4.0,1.0,8.0,1.0,167.0,1.0,10.0,1.0,1.0,40.0,1.0,22.0,5.0,14.0,49.0,0.0,1.0,26.0,112.0,0.0,1.0,1.0,14.0,40.0,1.0,134.0,1.0,5308.0,11
34.0,1.0,97.0,3.0,13.0,1.0,4.0,14.0,11.0,1.0,1.0,1.0,1.0,15.0,13.0,45.0,10.0,33.0,20.0,9.0,1.0,12.0,0.0,4.0,1.0,8.0,1.0,167.0,1.0,3.0,1.0,1.0,34.0,2.0,36.0,2.0,14.0,49.0,0.0,1.0,12.0,112.0,1.0,1.0,1.0,14.0,40.0,0.0,134.0,1.0,5308.0,11
34.0,3.0,0.0,21.0,13.0,1.0,4.0,14.0,11.0,1.0,1.0,1.0,4.0,15.0,13.0,45.0,9.0,33.0,20.0,9.0,0.0,12.0,0.0,3.0,1.0,8.0,1.0,0.0,1.0,0.0,1.0,1.0,34.0,2.0,36.0,0.0,14.0,49.0,1.0,0.0,1.0,112.0,1.0,1.0,1.0,32.0,40.0,1.0,134.0,1.0,5308.0,11
41.0,4.0,99.0,12.0,13.0,1.0,4.0,14.0,11.0,1.0,1.0,1.0,3.0,15.0,13.0,45.0,4.0,33.0,20.0,9.0,1.0,12.0,1.0,1.0,1.0,0.0,1.0,97.0,1.0,10.0,1.0,1.0,35.0,0.0,36.0,5.0,14.0,49.0,0.0,0.0,14.0,112.0,1.0,1.0,1.0,6.0,40.0,1.0,134.0,1.0,5308.0,11
46.0,3.0,168.0,4.0,13.0,0.0,2.0,14.0,11.0,1.0,0.0,1.0,2.0,15.0,13.0,45.0,5.0,33.0,60.0,9.0,3.0,12.0,1.0,0.0,1.0,8.0,1.0,166.0,1.0,7.0,1.0,1.0,44.0,2.0,36.0,4.0,14.0,49.0,0.0,0.0,21.0,112.0,1.0,1.0,1.0,19.0,44.0,1.0,134.0,1.0,5308.0,11
41.0,3.0,61.0,21.0,21.0,1.0,4.0,14.0,4.0,1.0,0.0,1.0,4.0,15.0,23.0,45.0,6.0,33.0,20.0,9.0,4.0,12.0,1.0,0.0,1.0,8.0,0.0,61.0,0.0,6.0,1.0,1.0,46.0,2.0,36.0,5.0,14.0,49.0,1.0,0.0,3.0,112.0,1.0,0.0,1.0,23.0,46.0,1.0,0.0,1.0,5308.0,11
41.0,3.0,50.0,21.0,36.0,1.0,4.0,37.0,8.0,1.0,0.0,1.0,4.0,38.0,13.0,45.0,0.0,33.0,8.0,9.0,1.0,12.0,1.0,0.0,1.0,8.0,1.0,50.0,0.0,2.0,0.0,1.0,40.0,2.0,36.0,5.0,37.0,49.0,1.0,0.0,2.0,66.0,1.0,1.0,0.0,38.0,40.0,1.0,18.0,1.0,5308.0,11
41.0,3.0,144.0,21.0,11.0,1.0,4.0,12.0,0.0,1.0,1.0,1.0,4.0,15.0,13.0,45.0,15.0,33.0,20.0,9.0,9.0,12.0,1.0,0.0,1.0,8.0,0.0,142.0,0.0,9.0,0.0,1.0,48.0,2.0,36.0,5.0,14.0,49.0,1.0,0.0,16.0,82.0,1.0,1.0,1.0,13.0,40.0,1.0,34.0,1.0,5308.0,11
41.0,3.0,9.0,21.0,13.0,1.0,4.0,14.0,2.0,1.0,0.0,1.0,4.0,15.0,13.0,45.0,0.0,33.0,8.0,9.0,1.0,12.0,1.0,0.0,1.0,8.0,1.0,9.0,0.0,2.0,0.0,1.0,40.0,2.0,36.0,5.0,14.0,49.0,1.0,0.0,2.0,9.0,1.0,0.0,0.0,15.0,40.0,1.0,92.0,1.0,5308.0,11
41.0,3.0,121.0,21.0,8.0,1.0,4.0,9.0,10.0,1.0,1.0,1.0,4.0,15.0,10.0,45.0,15.0,33.0,20.0,9.0,9.0,9.0,1.0,0.0,1.0,8.0,0.0,119.0,0.0,9.0,0.0,1.0,48.0,2.0,36.0,5.0,14.0,49.0,1.0,0.0,16.0,43.0,1.0,1.0,1.0,10.0,40.0,1.0,126.0,1.0,5308.0,11
41.0,3.0,171.0,6.0,13.0,1.0,4.0,14.0,11.0,1.0,1.0,1.0,2.0,15.0,13.0,45.0,16.0,10.0,20.0,9.0,3.0,12.0,1.0,4.0,1.0,8.0,1.0,167.0,1.0,10.0,1.0,1.0,40.0,1.0,3.0,5.0,14.0,49.0,0.0,1.0,26.0,112.0,0.0,1.0,1.0,14.0,40.0,1.0,134.0,1.0,5308.0,11
34.0,1.0,97.0,3.0,13.0,1.0,4.0,14.0,11.0,1.0,1.0,1.0,1.0,15.0,13.0,45.0,10.0,33.0,20.0,9.0,1.0,12.0,0.0,4.0,1.0,8.0,1.0,167.0,1.0,3.0,1.0,1.0,34.0,2.0,36.0,2.0,14.0,49.0,0.0,1.0,12.0,112.0,1.0,1.0,1.0,14.0,40.0,0.0,134.0,1.0,5308.0,11
41.0,3.0,155.0,21.0,21.0,1.0,4.0,22.0,4.0,1.0,1.0,1.0,4.0,15.0,23.0,45.0,15.0,33.0,20.0,9.0,9.0,22.0,1.0,0.0,1.0,8.0,0.0,153.0,0.0,9.0,0.0,1.0,46.0,2.0,36.0,5.0,14.0,47.0,1.0,0.0,16.0,102.0,1.0,2.0,1.0,23.0,40.0,1.0,0.0,1.0,5308.0,11
41.0,1.0,92.0,1.0,13.0,1.0,4.0,14.0,11.0,1.0,0.0,1.0,1.0,1.0,13.0,45.0,3.0,33.0,28.0,9.0,5.0,12.0,1.0,0.0,1.0,8.0,1.0,92.0,1.0,5.0,1.0,1.0,40.0,2.0,36.0,5.0,14.0,49.0,0.0,0.0,5.0,112.0,1.0,1.0,1.0,1.0,40.0,1.0,134.0,1.0,5308.0,11
41.0,3.0,171.0,8.0,13.0,1.0,4.0,14.0,11.0,1.0,1.0,1.0,2.0,15.0,13.0,45.0,16.0,4.0,20.0,9.0,3.0,12.0,1.0,4.0,1.0,8.0,1.0,167.0,1.0,10.0,1.0,1.0,40.0,1.0,20.0,5.0,14.0,49.0,0.0,1.0,26.0,112.0,0.0,1.0,1.0,14.0,40.0,1.0,134.0,1.0,5308.0,11
34.0,1.0,97.0,3.0,13.0,1.0,4.0,14.0,11.0,1.0,1.0,1.0,1.0,15.0,13.0,45.0,10.0,33.0,20.0,9.0,1.0,12.0,0.0,4.0,1.0,8.0,1.0,167.0,1.0,3.0,1.0,1.0,34.0,2.0,36.0,2.0,14.0,49.0,0.0,1.0,12.0,112.0,1.0,1.0,1.0,14.0,40.0,0.0,134.0,1.0,5308.0,11
34.0,3.0,0.0,21.0,13.0,1.0,4.0,14.0,11.0,1.0,1.0,1.0,4.0,15.0,13.0,45.0,9.0,33.0,20.0,9.0,0.0,12.0,0.0,3.0,1.0,8.0,1.0,0.0,1.0,0.0,1.0,1.0,34.0,2.0,36.0,0.0,14.0,49.0,1.0,0.0,1.0,112.0,1.0,1.0,1.0,32.0,40.0,1.0,134.0,1.0,5308.0,11
41.0,4.0,99.0,12.0,13.0,1.0,4.0,14.0,11.0,1.0,1.0,1.0,3.0,15.0,13.0,45.0,4.0,33.0,20.0,9.0,1.0,12.0,1.0,1.0,1.0,0.0,1.0,97.0,1.0,10.0,1.0,1.0,35.0,0.0,36.0,5.0,14.0,49.0,0.0,0.0,14.0,112.0,1.0,1.0,1.0,6.0,40.0,1.0,134.0,1.0,5308.0,11
46.0,3.0,168.0,4.0,13.0,0.0,2.0,14.0,11.0,1.0,0.0,1.0,2.0,15.0,13.0,45.0,5.0,33.0,60.0,9.0,3.0,12.0,1.0,0.0,1.0,8.0,1.0,166.0,1.0,7.0,1.0,1.0,44.0,2.0,36.0,4.0,14.0,49.0,0.0,0.0,21.0,112.0,1.0,1.0,1.0,19.0,44.0,1.0,134.0,1.0,5308.0,11
41.0,3.0,61.0,21.0,21.0,1.0,4.0,14.0,4.0,1.0,0.0,1.0,4.0,15.0,23.0,45.0,6.0,33.0,20.0,9.0,4.0,12.0,1.0,0.0,1.0,8.0,0.0,61.0,0.0,6.0,1.0,1.0,46.0,2.0,36.0,5.0,14.0,49.0,1.0,0.0,3.0,112.0,1.0,0.0,1.0,23.0,46.0,1.0,0.0,1.0,5308.0,11
41.0,3.0,44.0,21.0,36.0,1.0,4.0,37.0,8.0,1.0,0.0,1.0,4.0,38.0,13.0,45.0,0.0,33.0,8.0,9.0,1.0,12.0,1.0,0.0,1.0,8.0,1.0,44.0,0.0,2.0,0.0,1.0,40.0,2.0,36.0,5.0,37.0,49.0,1.0,0.0,2.0,60.0,1.0,1.0,0.0,38.0,40.0,1.0,12.0,1.0,5308.0,11
41.0,3.0,138.0,21.0,11.0,1.0,4.0,12.0,0.0,1.0,1.0,1.0,4.0,15.0,13.0,45.0,15.0,33.0,20.0,9.0,9.0,12.0,1.0,0.0,1.0,8.0,0.0,136.0,0.0,9.0,0.0,1.0,48.0,2.0,36.0,5.0,14.0,49.0,1.0,0.0,16.0,76.0,1.0,1.0,1.0,13.0,40.0,1.0,28.0,1.0,5308.0,11
41.0,3.0,12.0,21.0,13.0,1.0,4.0,14.0,2.0,1.0,0.0,1.0,4.0,15.0,13.0,45.0,0.0,33.0,8.0,9.0,1.0,12.0,1.0,0.0,1.0,8.0,1.0,12.0,0.0,2.0,0.0,1.0,40.0,2.0,36.0,5.0,14.0,49.0,1.0,0.0,2.0,12.0,1.0,0.0,0.0,15.0,40.0,1.0,95.0,1.0,5308.0,11
41.0,3.0,120.0,21.0,8.0,1.0,4.0,9.0,10.0,1.0,1.0,1.0,4.0,15.0,10.0,45.0,15.0,33.0,20.0,9.0,9.0,9.0,1.0,0.0,1.0,8.0,0.0,118.0,0.0,9.0,0.0,1.0,48.0,2.0,36.0,5.0,14.0,49.0,1.0,0.0,16.0,42.0,1.0,1.0,1.0,10.0,40.0,1.0,125.0,1.0,5308.0,11
41.0,3.0,171.0,9.0,13.0,1.0,4.0,14.0,11.0,1.0,1.0,1.0,2.0,15.0,13.0,45.0,16.0,30.0,20.0,9.0,3.0,12.0,1.0,4.0,1.0,8.0,1.0,167.0,1.0,10.0,1.0,1.0,40.0,1.0,34.0,5.0,14.0,49.0,0.0,1.0,26.0,112.0,0.0,1.0,1.0,14.0,40.0,1.0,134.0,1.0,5308.0,11
34.0,1.0,97.0,3.0,13.0,1.0,4.0,14.0,11.0,1.0,1.0,1.0,1.0,15.0,13.0,45.0,10.0,33.0,20.0,9.0,1.0,12.0,0.0,4.0,1.0,8.0,1.0,167.0,1.0,3.0,1.0,1.0,34.0,2.0,36.0,2.0,14.0,49.0,0.0,1.0,12.0,112.0,1.0,1.0,1.0,14.0,40.0,0.0,134.0,1.0,5308.0,11
41.0,3.0,155.0,21.0,21.0,1.0,4.0,22.0,4.0,1.0,1.0,1.0,4.0,15.0,23.0,45.0,15.0,33.0,20.0,9.0,9.0,22.0,1.0,0.0,1.0,8.0,0.0,153.0,0.0,9.0,0.0,1.0,46.0,2.0,36.0,5.0,14.0,47.0,1.0,0.0,16.0,102.0,1.0,2.0,1.0,23.0,40.0,1.0,0.0,1.0,5308.0,11
41.0,1.0,92.0,1.0,13.0,1.0,4.0,14.0,11.0,1.0,0.0,1.0,1.0,1.0,13.0,45.0,3.0,33.0,28.0,9.0,5.0,12.0,1.0,0.0,1.0,8.0,1.0,92.0,1.0,5.0,1.0,1.0,40.0,2.0,36.0,5.0,14.0,49.0,0.0,0.0,5.0,112.0,1.0,1.0,1.0,1.0,40.0,1.0,134.0,1.0,5308.0,11
41.0,3.0,171.0,7.0,13.0,1.0,4.0,14.0,11.0,1.0,1.0,1.0,2.0,15.0,13.0,45.0,16.0,22.0,20.0,9.0,3.0,12.0,1.0,4.0,1.0,8.0,1.0,167.0,1.0,10.0,1.0,1.0,40.0,1.0,14.0,5.0,14.0,49.0,0.0,1.0,26.0,112.0,0.0,1.0,1.0,14.0,40.0,1.0,134.0,1.0,5308.0,11
34.0,1.0,97.0,3.0,13.0,1.0,4.0,14.0,11.0,1.0,1.0,1.0,1.0,15.0,13.0,45.0,10.0,33.0,20.0,9.0,1.0,12.0,0.0,4.0,1.0,8.0,1.0,167.0,1.0,3.0,1.0,1.0,34.0,2.0,36.0,2.0,14.0,49.0,0.0,1.0,12.0,112.0,1.0,1.0,1.0,14.0,40.0,0.0,134.0,1.0,5308.0,11
34.0,3.0,0.0,21.0,13.0,1.0,4.0,14.0,11.0,1.0,1.0,1.0,4.0,15.0,13.0,45.0,9.0,33.0,20.0,9.0,0.0,12.0,0.0,3.0,1.0,8.0,1.0,0.0,1.0,0.0,1.0,1.0,34.0,2.0,36.0,0.0,14.0,49.0,1.0,0.0,1.0,112.0,1.0,1.0,1.0,32.0,40.0,1.0,134.0,1.0,5308.0,11
41.0,4.0,99.0,12.0,13.0,1.0,4.0,14.0,11.0,1.0,1.0,1.0,3.0,15.0,13.0,45.0,4.0,33.0,20.0,9.0,1.0,12.0,1.0,1.0,1.0,0.0,1.0,97.0,1.0,10.0,1.0,1.0,35.0,0.0,36.0,5.0,14.0,49.0,0.0,0.0,14.0,112.0,1.0,1.0,1.0,6.0,40.0,1.0,134.0,1.0,5308.0,11
46.0,3.0,168.0,4.0,13.0,0.0,2.0,14.0,11.0,1.0,0.0,1.0,2.0,15.0,13.0,45.0,5.0,33.0,60.0,9.0,3.0,12.0,1.0,0.0,1.0,8.0,1.0,166.0,1.0,7.0,1.0,1.0,44.0,2.0,36.0,4.0,14.0,49.0,0.0,0.0,21.0,112.0,1.0,1.0,1.0,19.0,44.0,1.0,134.0,1.0,5308.0,11
41.0,3.0,61.0,21.0,21.0,1.0,4.0,14.0,4.0,1.0,0.0,1.0,4.0,15.0,23.0,45.0,6.0,33.0,20.0,9.0,4.0,12.0,1.0,0.0,1.0,8.0,0.0,61.0,0.0,6.0,1.0,1.0,46.0,2.0,36.0,5.0,14.0,49.0,1.0,0.0,3.0,112.0,1.0,0.0,1.0,23.0,46.0,1.0,0.0,1.0,5308.0,11
41.0,3.0,48.0,21.0,36.0,1.0,4.0,37.0,8.0,1.0,0.0,1.0,4.0,38.0,13.0,45.0,0.0,33.0,8.0,9.0,1.0,12.0,1.0,0.0,1.0,8.0,1.0,48.0,0.0,2.0,0.0,1.0,40.0,2.0,36.0,5.0,37.0,49.0,1.0,0.0,2.0,64.0,1.0,1.0,0.0,38.0,40.0,1.0,16.0,1.0,5308.0,11
41.0,3.0,143.0,21.0,11.0,1.0,4.0,12.0,0.0,1.0,1.0,1.0,4.0,15.0,13.0,45.0,15.0,33.0,20.0,9.0,9.0,12.0,1.0,0.0,1.0,8.0,0.0,141.0,0.0,9.0,0.0,1.0,48.0,2.0,36.0,5.0,14.0,49.0,1.0,0.0,16.0,81.0,1.0,1.0,1.0,13.0,40.0,1.0,33.0,1.0,5308.0,11
41.0,3.0,32.0,21.0,13.0,1.0,4.0,14.0,2.0,1.0,0.0,1.0,4.0,15.0,13.0,45.0,0.0,33.0,8.0,9.0,1.0,12.0,1.0,0.0,1.0,8.0,1.0,32.0,0.0,2.0,0.0,1.0,40.0,2.0,36.0,5.0,14.0,49.0,1.0,0.0,2.0,32.0,1.0,0.0,0.0,15.0,40.0,1.0,115.0,1.0,5308.0,11
41.0,3.0,124.0,21.0,8.0,1.0,4.0,9.0,10.0,1.0,1.0,1.0,4.0,15.0,10.0,45.0,15.0,33.0,20.0,9.0,9.0,9.0,1.0,0.0,1.0,8.0,0.0,122.0,0.0,9.0,0.0,1.0,48.0,2.0,36.0,5.0,14.0,49.0,1.0,0.0,16.0,46.0,1.0,1.0,1.0,10.0,40.0,1.0,129.0,1.0,5308.0,11
41.0,1.0,92.0,1.0,13.0,1.0,4.0,14.0,11.0,1.0,0.0,1.0,1.0,1.0,13.0,45.0,3.0,33.0,28.0,9.0,5.0,12.0,1.0,0.0,1.0,8.0,1.0,92.0,1.0,5.0,1.0,1.0,40.0,2.0,36.0,5.0,14.0,49.0,0.0,0.0,5.0,112.0,1.0,1.0,1.0,1.0,40.0,1.0,134.0,1.0,5308.0,11
41.0,3.0,169.0,21.0,13.0,1.0,4.0,14.0,11.0,1.0,1.0,1.0,4.0,15.0,13.0,45.0,16.0,33.0,20.0,9.0,3.0,12.0,1.0,4.0,1.0,8.0,1.0,167.0,1.0,10.0,1.0,1.0,34.0,2.0,36.0,5.0,14.0,49.0,1.0,1.0,24.0,112.0,1.0,1.0,1.0,14.0,40.0,1.0,134.0,1.0,5308.0,0
41.0,3.0,171.0,9.0,13.0,1.0,4.0,14.0,11.0,1.0,1.0,1.0,2.0,15.0,13.0,45.0,16.0,19.0,20.0,9.0,3.0,12.0,1.0,4.0,1.0,8.0,1.0,167.0,1.0,10.0,1.0,1.0,40.0,1.0,29.0,5.0,14.0,49.0,0.0,1.0,26.0,112.0,0.0,1.0,1.0,14.0,40.0,1.0,134.0,1.0,5308.0,0
34.0,1.0,97.0,3.0,13.0,1.0,4.0,14.0,11.0,1.0,1.0,1.0,1.0,15.0,13.0,45.0,10.0,33.0,20.0,9.0,1.0,12.0,0.0,4.0,1.0,8.0,1.0,167.0,1.0,3.0,1.0,1.0,34.0,2.0,36.0,2.0,14.0,49.0,0.0,1.0,12.0,112.0,1.0,1.0,1.0,14.0,40.0,0.0,134.0,1.0,5308.0,0
34.0,3.0,0.0,21.0,13.0,1.0,4.0,14.0,11.0,1.0,1.0,1.0,4.0,15.0,13.0,45.0,9.0,33.0,20.0,9.0,0.0,12.0,0.0,3.0,1.0,8.0,1.0,0.0,1.0,0.0,1.0,1.0,34.0,2.0,36.0,0.0,14.0,49.0,1.0,0.0,1.0,112.0,1.0,1.0,1.0,32.0,40.0,1.0,134.0,1.0,5308.0,0
41.0,4.0,99.0,12.0,13.0,1.0,4.0,14.0,11.0,1.0,1.0,1.0,3.0,15.0,13.0,45.0,4.0,33.0,20.0,9.0,1.0,12.0,1.0,1.0,1.0,0.0,1.0,97.0,1.0,10.0,1.0,1.0,35.0,0.0,36.0,5.0,14.0,49.0,0.0,0.0,14.0,112.0,1.0,1.0,1.0,6.0,40.0,1.0,134.0,1.0,5308.0,0
46.0,3.0,168.0,4.0,13.0,0.0,2.0,14.0,11.0,1.0,0.0,1.0,2.0,15.0,13.0,45.0,5.0,33.0,60.0,9.0,3.0,12.0,1.0,0.0,1.0,8.0,1.0,166.0,1.0,7.0,1.0,1.0,44.0,2.0,36.0,4.0,14.0,49.0,0.0,0.0,21.0,112.0,1.0,1.0,1.0,19.0,44.0,1.0,134.0,1.0,5308.0,0
41.0,3.0,61.0,21.0,21.0,1.0,4.0,14.0,4.0,1.0,0.0,1.0,4.0,15.0,23.0,45.0,6.0,33.0,20.0,9.0,4.0,12.0,1.0,0.0,1.0,8.0,0.0,61.0,0.0,6.0,1.0,1.0,46.0,2.0,36.0,5.0,14.0,49.0,1.0,0.0,3.0,112.0,1.0,0.0,1.0,23.0,46.0,1.0,0.0,1.0,5308.0,0
41.0,3.0,43.0,21.0,36.0,1.0,4.0,37.0,8.0,1.0,0.0,1.0,4.0,38.0,13.0,45.0,0.0,33.0,8.0,9.0,1.0,12.0,1.0,0.0,1.0,8.0,1.0,43.0,0.0,2.0,0.0,1.0,40.0,2.0,36.0,5.0,37.0,49.0,1.0,0.0,2.0,59.0,1.0,1.0,0.0,38.0,40.0,1.0,11.0,1.0,5308.0,0
41.0,3.0,141.0,21.0,11.0,1.0,4.0,12.0,0.0,1.0,1.0,1.0,4.0,15.0,13.0,45.0,15.0,33.0,20.0,9.0,9.0,12.0,1.0,0.0,1.0,8.0,0.0,139.0,0.0,9.0,0.0,1.0,48.0,2.0,36.0,5.0,14.0,49.0,1.0,0.0,16.0,79.0,1.0,1.0,1.0,13.0,40.0,1.0,31.0,1.0,5308.0,0
41.0,3.0,10.0,21.0,13.0,1.0,4.0,14.0,2.0,1.0,0.0,1.0,4.0,15.0,13.0,45.0,0.0,33.0,8.0,9.0,1.0,12.0,1.0,0.0,1.0,8.0,1.0,10.0,0.0,2.0,0.0,1.0,40.0,2.0,36.0,5.0,14.0,49.0,1.0,0.0,2.0,10.0,1.0,0.0,0.0,15.0,40.0,1.0,93.0,1.0,5308.0,0
41.0,3.0,114.0,21.0,8.0,1.0,4.0,9.0,10.0,1.0,1.0,1.0,4.0,15.0,10.0,45.0,15.0,33.0,20.0,9.0,9.0,9.0,1.0,0.0,1.0,8.0,0.0,112.0,0.0,9.0,0.0,1.0,48.0,2.0,36.0,5.0,14.0,49.0,1.0,0.0,16.0,36.0,1.0,1.0,1.0,10.0,40.0,1.0,119.0,1.0,5308.0,0
41.0,0.0,93.0,0.0,13.0,0.0,1.0,14.0,11.0,0.0,0.0,1.0,0.0,2.0,13.0,41.0,7.0,33.0,30.0,9.0,6.0,12.0,1.0,0.0,1.0,8.0,1.0,93.0,1.0,2.0,1.0,1.0,40.0,2.0,36.0,5.0,14.0,49.0,0.0,0.0,7.0,112.0,1.0,1.0,1.0,2.0,40.0,1.0,134.0,0.0,5308.0,0
41.0,3.0,92.0,21.0,13.0,1.0,4.0,14.0,11.0,1.0,0.0,0.0,4.0,15.0,1.0,45.0,8.0,33.0,28.0,9.0,5.0,12.0,1.0,2.0,1.0,8.0,0.0,92.0,1.0,9.0,1.0,1.0,50.0,2.0,36.0,5.0,14.0,49.0,1.0,0.0,5.0,112.0,1.0,1.0,1.0,1.0,50.0,1.0,134.0,1.0,5308.0,0
45.0,3.0,94.0,21.0,13.0,1.0,4.0,14.0,11.0,1.0,0.0,1.0,4.0,2.0,13.0,45.0,11.0,33.0,38.0,9.0,7.0,12.0,1.0,0.0,1.0,8.0,1.0,94.0,1.0,2.0,1.0,0.0,44.0,2.0,36.0,0.0,14.0,49.0,1.0,0.0,9.0,112.0,1.0,1.0,1.0,2.0,44.0,1.0,134.0,1.0,5308.0,0
49.0,3.0,95.0,21.0,13.0,1.0,4.0,14.0,11.0,1.0,0.0,1.0,4.0,15.0,14.0,45.0,12.0,33.0,38.0,9.0,7.0,12.0,1.0,0.0,0.0,8.0,0.0,95.0,1.0,0.0,1.0,1.0,48.0,2.0,36.0,1.0,14.0,49.0,1.0,0.0,9.0,112.0,1.0,1.0,1.0,14.0,48.0,1.0,134.0,1.0,5308.0,0
43.0,4.0,90.0,17.0,13.0,0.0,3.0,14.0,11.0,1.0,0.0,1.0,3.0,106.0,13.0,42.0,2.0,33.0,20.0,7.0,4.0,12.0,1.0,0.0,1.0,8.0,1.0,90.0,1.0,1.0,1.0,1.0,40.0,2.0,36.0,3.0,14.0,49.0,0.0,0.0,3.0,112.0,1.0,1.0,1.0,106.0,40.0,1.0,134.0,1.0,5308.0,0
41.0,3.0,152.0,21.0,13.0,1.0,4.0,14.0,2.0,1.0,1.0,1.0,4.0,15.0,15.0,45.0,15.0,33.0,20.0,9.0,9.0,14.0,1.0,0.0,1.0,8.0,0.0,150.0,0.0,9.0,0.0,1.0,61.0,2.0,36.0,5.0,14.0,62.0,1.0,0.0,16.0,99.0,1.0,1.0,1.0,15.0,40.0,1.0,79.0,1.0,5308.0,0
41.0,3.0,52.0,21.0,51.0,1.0,4.0,52.0,9.0,1.0,0.0,1.0,4.0,53.0,13.0,45.0,0.0,33.0,8.0,9.0,1.0,12.0,1.0,0.0,1.0,8.0,1.0,52.0,0.0,2.0,0.0,1.0,40.0,2.0,36.0,5.0,52.0,49.0,1.0,0.0,2.0,85.0,1.0,1.0,0.0,53.0,40.0,1.0,76.0,1.0,5308.0,0
41.0,1.0,92.0,1.0,13.0,1.0,4.0,14.0,11.0,1.0,0.0,1.0,1.0,1.0,13.0,45.0,3.0,33.0,28.0,9.0,5.0,12.0,1.0,0.0,1.0,8.0,1.0,92.0,1.0,5.0,1.0,1.0,40.0,2.0,36.0,5.0,14.0,49.0,0.0,0.0,5.0,112.0,1.0,1.0,1.0,1.0,40.0,1.0,134.0,1.0,5308.0,0
41.0,3.0,100.0,13.0,13.0,1.0,4.0,14.0,11.0,1.0,1.0,1.0,2.0,15.0,13.0,45.0,4.0,33.0,20.0,9.0,1.0,12.0,1.0,1.0,1.0,0.0,1.0,98.0,1.0,10.0,1.0,1.0,35.0,0.0,36.0,5.0,14.0,49.0,0.0,0.0,14.0,112.0,1.0,1.0,1.0,6.0,40.0,1.0,134.0,1.0,5308.0,0
46.0,3.0,168.0,4.0,13.0,0.0,2.0,14.0,11.0,1.0,0.0,1.0,2.0,15.0,13.0,45.0,5.0,33.0,60.0,9.0,3.0,12.0,1.0,0.0,1.0,8.0,1.0,166.0,1.0,7.0,1.0,1.0,44.0,2.0,36.0,4.0,14.0,49.0,0.0,0.0,21.0,112.0,1.0,1.0,1.0,19.0,44.0,1.0,134.0,1.0,5308.0,0
41.0,3.0,62.0,21.0,21.0,1.0,4.0,14.0,4.0,1.0,0.0,1.0,4.0,15.0,23.0,45.0,6.0,33.0,20.0,9.0,4.0,12.0,1.0,0.0,1.0,8.0,0.0,62.0,0.0,6.0,1.0,1.0,46.0,2.0,36.0,5.0,14.0,49.0,1.0,0.0,3.0,112.0,1.0,0.0,1.0,23.0,46.0,1.0,55.0,1.0,5308.0,0
41.0,3.0,171.0,7.0,13.0,1.0,4.0,14.0,11.0,1.0,1.0,1.0,2.0,15.0,13.0,45.0,16.0,27.0,20.0,9.0,3.0,12.0,1.0,4.0,1.0,8.0,1.0,167.0,1.0,10.0,1.0,1.0,40.0,1.0,16.0,5.0,14.0,49.0,0.0,1.0,26.0,112.0,0.0,1.0,1.0,14.0,40.0,1.0,134.0,1.0,5308.0,0
34.0,1.0,97.0,3.0,13.0,1.0,4.0,14.0,11.0,1.0,1.0,1.0,1.0,15.0,13.0,45.0,10.0,33.0,20.0,9.0,1.0,12.0,0.0,4.0,1.0,8.0,1.0,167.0,1.0,3.0,1.0,1.0,34.0,2.0,36.0,2.0,14.0,49.0,0.0,1.0,12.0,112.0,1.0,1.0,1.0,14.0,40.0,0.0,134.0,1.0,5308.0,0
34.0,3.0,0.0,21.0,13.0,1.0,4.0,14.0,11.0,1.0,1.0,1.0,4.0,15.0,13.0,45.0,9.0,33.0,20.0,9.0,0.0,12.0,0.0,3.0,1.0,8.0,1.0,0.0,1.0,0.0,1.0,1.0,34.0,2.0,36.0,0.0,14.0,49.0,1.0,0.0,1.0,112.0,1.0,1.0,1.0,32.0,40.0,1.0,134.0,1.0,5308.0,0
41.0,4.0,167.0,16.0,13.0,1.0,4.0,14.0,11.0,1.0,1.0,1.0,3.0,15.0,13.0,45.0,4.0,33.0,20.0,9.0,1.0,12.0,1.0,1.0,1.0,7.0,1.0,165.0,1.0,10.0,1.0,1.0,35.0,0.0,36.0,5.0,14.0,49.0,0.0,0.0,20.0,112.0,1.0,1.0,1.0,6.0,40.0,1.0,134.0,1.0,5308.0,0
46.0,3.0,168.0,4.0,13.0,0.0,2.0,14.0,11.0,1.0,0.0,1.0,2.0,15.0,13.0,45.0,5.0,33.0,60.0,9.0,3.0,12.0,1.0,0.0,1.0,8.0,1.0,166.0,1.0,7.0,1.0,1.0,44.0,2.0,36.0,4.0,14.0,49.0,0.0,0.0,21.0,112.0,1.0,1.0,1.0,19.0,44.0,1.0,134.0,1.0,5308.0,0
41.0,3.0,61.0,21.0,21.0,1.0,4.0,14.0,4.0,1.0,0.0,1.0,4.0,15.0,23.0,45.0,6.0,33.0,20.0,9.0,4.0,12.0,1.0,0.0,1.0,8.0,0.0,61.0,0.0,6.0,1.0,1.0,46.0,2.0,36.0,5.0,14.0,49.0,1.0,0.0,3.0,112.0,1.0,0.0,1.0,23.0,46.0,1.0,0.0,1.0,5308.0,0
41.0,3.0,41.0,21.0,36.0,1.0,4.0,37.0,8.0,1.0,0.0,1.0,4.0,38.0,13.0,45.0,0.0,33.0,8.0,9.0,1.0,12.0,1.0,0.0,1.0,8.0,1.0,41.0,0.0,2.0,0.0,1.0,40.0,2.0,36.0,5.0,37.0,49.0,1.0,0.0,2.0,57.0,1.0,1.0,0.0,38.0,40.0,1.0,9.0,1.0,5308.0,0
41.0,3.0,132.0,21.0,11.0,1.0,4.0,12.0,0.0,1.0,1.0,1.0,4.0,15.0,13.0,45.0,15.0,33.0,20.0,9.0,9.0,12.0,1.0,0.0,1.0,8.0,0.0,130.0,0.0,9.0,0.0,1.0,48.0,2.0,36.0,5.0,14.0,49.0,1.0,0.0,16.0,70.0,1.0,1.0,1.0,13.0,40.0,1.0,22.0,1.0,5308.0,0
41.0,3.0,16.0,21.0,13.0,1.0,4.0,14.0,2.0,1.0,0.0,1.0,4.0,15.0,13.0,45.0,0.0,33.0,8.0,9.0,1.0,12.0,1.0,0.0,1.0,8.0,1.0,16.0,0.0,2.0,0.0,1.0,40.0,2.0,36.0,5.0,14.0,49.0,1.0,0.0,2.0,16.0,1.0,0.0,0.0,15.0,40.0,1.0,99.0,1.0,5308.0,0
41.0,3.0,117.0,21.0,8.0,1.0,4.0,9.0,10.0,1.0,1.0,1.0,4.0,15.0,10.0,45.0,15.0,33.0,20.0,9.0,9.0,9.0,1.0,0.0,1.0,8.0,0.0,115.0,0.0,9.0,0.0,1.0,48.0,2.0,36.0,5.0,14.0,49.0,1.0,0.0,16.0,39.0,1.0,1.0,1.0,10.0,40.0,1.0,122.0,1.0,5308.0,0
41.0,0.0,93.0,0.0,13.0,0.0,1.0,14.0,11.0,0.0,0.0,1.0,0.0,2.0,13.0,41.0,7.0,33.0,30.0,9.0,6.0,12.0,1.0,0.0,1.0,8.0,1.0,93.0,1.0,2.0,1.0,1.0,40.0,2.0,36.0,5.0,14.0,49.0,0.0,0.0,7.0,112.0,1.0,1.0,1.0,2.0,40.0,1.0,134.0,0.0,5308.0,0
41.0,3.0,92.0,21.0,13.0,1.0,4.0,14.0,11.0,1.0,0.0,0.0,4.0,15.0,1.0,45.0,8.0,33.0,28.0,9.0,5.0,12.0,1.0,2.0,1.0,8.0,0.0,92.0,1.0,9.0,1.0,1.0,50.0,2.0,36.0,5.0,14.0,49.0,1.0,0.0,5.0,112.0,1.0,1.0,1.0,1.0,50.0,1.0,134.0,1.0,5308.0,0
45.0,3.0,94.0,21.0,13.0,1.0,4.0,14.0,11.0,1.0,0.0,1.0,4.0,2.0,13.0,45.0,11.0,33.0,38.0,9.0,7.0,12.0,1.0,0.0,1.0,8.0,1.0,94.0,1.0,2.0,1.0,0.0,44.0,2.0,36.0,0.0,14.0,49.0,1.0,0.0,9.0,112.0,1.0,1.0,1.0,2.0,44.0,1.0,134.0,1.0,5308.0,0
49.0,3.0,95.0,21.0,13.0,1.0,4.0,14.0,11.0,1.0,0.0,1.0,4.0,15.0,14.0,45.0,12.0,33.0,38.0,9.0,7.0,12.0,1.0,0.0,0.0,8.0,0.0,95.0,1.0,0.0,1.0,1.0,48.0,2.0,36.0,1.0,14.0,49.0,1.0,0.0,9.0,112.0,1.0,1.0,1.0,14.0,48.0,1.0,134.0,1.0,5308.0,0
43.0,4.0,91.0,17.0,13.0,0.0,3.0,14.0,11.0,1.0,0.0,1.0,3.0,106.0,13.0,42.0,2.0,33.0,20.0,8.0,4.0,12.0,1.0,0.0,1.0,8.0,1.0,91.0,1.0,1.0,1.0,1.0,40.0,2.0,36.0,3.0,14.0,49.0,0.0,0.0,3.0,112.0,1.0,1.0,1.0,106.0,40.0,1.0,134.0,1.0,5308.0,0
41.0,3.0,147.0,21.0,13.0,1.0,4.0,14.0,2.0,1.0,1.0,1.0,4.0,15.0,15.0,45.0,15.0,33.0,20.0,9.0,9.0,14.0,1.0,0.0,1.0,8.0,0.0,145.0,0.0,9.0,0.0,1.0,61.0,2.0,36.0,5.0,14.0,62.0,1.0,0.0,16.0,94.0,1.0,1.0,1.0,15.0,40.0,1.0,70.0,1.0,5308.0,0
41.0,3.0,57.0,21.0,51.0,1.0,4.0,52.0,9.0,1.0,0.0,1.0,4.0,53.0,13.0,45.0,0.0,33.0,8.0,9.0,1.0,12.0,1.0,0.0,1.0,8.0,1.0,57.0,0.0,2.0,0.0,1.0,40.0,2.0,36.0,5.0,52.0,49.0,1.0,0.0,2.0,90.0,1.0,1.0,0.0,53.0,40.0,1.0,83.0,1.0,5308.0,0
41.0,1.0,92.0,1.0,13.0,1.0,4.0,14.0,11.0,1.0,0.0,1.0,1.0,1.0,13.0,45.0,3.0,33.0,28.0,9.0,5.0,12.0,1.0,0.0,1.0,8.0,1.0,92.0,1.0,5.0,1.0,1.0,40.0,2.0,36.0,5.0,14.0,49.0,0.0,0.0,5.0,112.0,1.0,1.0,1.0,1.0,40.0,1.0,134.0,1.0,5308.0,0
41.0,4.0,102.0,18.0,13.0,1.0,4.0,14.0,11.0,1.0,1.0,1.0,3.0,15.0,13.0,45.0,4.0,33.0,20.0,9.0,1.0,12.0,1.0,1.0,1.0,2.0,1.0,100.0,1.0,10.0,1.0,1.0,35.0,0.0,36.0,5.0,14.0,49.0,0.0,0.0,14.0,112.0,1.0,1.0,1.0,6.0,40.0,1.0,134.0,1.0,5308.0,0
46.0,3.0,168.0,4.0,13.0,0.0,2.0,14.0,11.0,1.0,0.0,1.0,2.0,15.0,13.0,45.0,5.0,33.0,60.0,9.0,3.0,12.0,1.0,0.0,1.0,8.0,1.0,166.0,1.0,7.0,1.0,1.0,44.0,2.0,36.0,4.0,14.0,49.0,0.0,0.0,21.0,112.0,1.0,1.0,1.0,19.0,44.0,1.0,134.0,1.0,5308.0,13
41.0,3.0,69.0,21.0,28.0,1.0,4.0,14.0,5.0,1.0,0.0,1.0,4.0,15.0,30.0,45.0,6.0,33.0,20.0,9.0,4.0,12.0,1.0,0.0,1.0,8.0,0.0,69.0,0.0,6.0,1.0,1.0,46.0,2.0,36.0,5.0,14.0,49.0,1.0,0.0,3.0,112.0,1.0,0.0,1.0,30.0,46.0,1.0,65.0,1.0,5308.0,13
41.0,3.0,1.0,21.0,2.0,1.0,4.0,3.0,3.0,1.0,0.0,1.0,4.0,4.0,13.0,45.0,0.0,33.0,8.0,9.0,1.0,12.0,1.0,0.0,1.0,8.0,1.0,1.0,0.0,2.0,0.0,1.0,40.0,2.0,36.0,5.0,3.0,49.0,1.0,0.0,2.0,0.0,1.0,0.0,0.0,4.0,40.0,1.0,35.0,1.0,5308.0,13
41.0,3.0,1.0,21.0,2.0,1.0,4.0,3.0,3.0,1.0,0.0,1.0,4.0,4.0,13.0,45.0,0.0,33.0,8.0,9.0,1.0,12.0,1.0,0.0,1.0,8.0,1.0,1.0,0.0,2.0,0.0,1.0,40.0,2.0,36.0,5.0,3.0,49.0,1.0,0.0,2.0,0.0,1.0,0.0,0.0,4.0,40.0,1.0,35.0,1.0,5308.0,13
41.0,3.0,1.0,21.0,2.0,1.0,4.0,3.0,3.0,1.0,0.0,1.0,4.0,4.0,13.0,45.0,0.0,33.0,8.0,9.0,1.0,12.0,1.0,0.0,1.0,8.0,1.0,1.0,0.0,2.0,0.0,1.0,40.0,2.0,36.0,5.0,3.0,49.0,1.0,0.0,2.0,0.0,1.0,0.0,0.0,4.0,40.0,1.0,35.0,1.0,5308.0,13
41.0,3.0,1.0,21.0,2.0,1.0,4.0,3.0,3.0,1.0,0.0,1.0,4.0,4.0,13.0,45.0,0.0,33.0,8.0,9.0,1.0,12.0,1.0,0.0,1.0,8.0,1.0,1.0,0.0,2.0,0.0,1.0,40.0,2.0,36.0,5.0,3.0,49.0,1.0,0.0,2.0,0.0,1.0,0.0,0.0,4.0,40.0,1.0,35.0,1.0,5308.0,13
41.0,3.0,171.0,9.0,13.0,1.0,4.0,14.0,11.0,1.0,1.0,1.0,2.0,15.0,13.0,45.0,16.0,26.0,20.0,9.0,3.0,12.0,1.0,4.0,1.0,8.0,1.0,167.0,1.0,10.0,1.0,1.0,40.0,1.0,31.0,5.0,14.0,49.0,0.0,1.0,26.0,112.0,0.0,1.0,1.0,14.0,40.0,1.0,134.0,1.0,5308.0,13
34.0,1.0,97.0,3.0,13.0,1.0,4.0,14.0,11.0,1.0,1.0,1.0,1.0,15.0,13.0,45.0,10.0,33.0,20.0,9.0,1.0,12.0,0.0,4.0,1.0,8.0,1.0,167.0,1.0,3.0,1.0,1.0,34.0,2.0,36.0,2.0,14.0,49.0,0.0,1.0,12.0,112.0,1.0,1.0,1.0,14.0,40.0,0.0,134.0,1.0,5308.0,13
41.0,3.0,171.0,7.0,13.0,1.0,4.0,14.0,11.0,1.0,1.0,1.0,2.0,15.0,13.0,45.0,16.0,18.0,20.0,9.0,3.0,12.0,1.0,4.0,1.0,8.0,1.0,167.0,1.0,10.0,1.0,1.0,40.0,1.0,12.0,5.0,14.0,49.0,0.0,1.0,26.0,112.0,0.0,1.0,1.0,14.0,40.0,1.0,134.0,1.0,5308.0,13
34.0,1.0,97.0,3.0,13.0,1.0,4.0,14.0,11.0,1.0,1.0,1.0,1.0,15.0,13.0,45.0,10.0,33.0,20.0,9.0,1.0,12.0,0.0,4.0,1.0,8.0,1.0,167.0,1.0,3.0,1.0,1.0,34.0,2.0,36.0,2.0,14.0,49.0,0.0,1.0,12.0,112.0,1.0,1.0,1.0,14.0,40.0,0.0,134.0,1.0,5308.0,13
41.0,3.0,171.0,9.0,13.0,1.0,4.0,14.0,11.0,1.0,1.0,1.0,2.0,15.0,13.0,45.0,16.0,15.0,20.0,9.0,3.0,12.0,1.0,4.0,1.0,8.0,1.0,167.0,1.0,10.0,1.0,1.0,40.0,1.0,28.0,5.0,14.0,49.0,0.0,1.0,26.0,112.0,0.0,1.0,1.0,14.0,40.0,1.0,134.0,1.0,5308.0,13
34.0,1.0,97.0,3.0,13.0,1.0,4.0,14.0,11.0,1.0,1.0,1.0,1.0,15.0,13.0,45.0,10.0,33.0,20.0,9.0,1.0,12.0,0.0,4.0,1.0,8.0,1.0,167.0,1.0,3.0,1.0,1.0,34.0,2.0,36.0,2.0,14.0,49.0,0.0,1.0,12.0,112.0,1.0,1.0,1.0,14.0,40.0,0.0,134.0,1.0,5308.0,13
41.0,3.0,171.0,7.0,13.0,1.0,4.0,14.0,11.0,1.0,1.0,1.0,2.0,15.0,13.0,45.0,16.0,8.0,20.0,9.0,3.0,12.0,1.0,4.0,1.0,8.0,1.0,167.0,1.0,10.0,1.0,1.0,40.0,1.0,8.0,5.0,14.0,49.0,0.0,1.0,26.0,112.0,0.0,1.0,1.0,14.0,40.0,1.0,134.0,1.0,5308.0,13
34.0,1.0,97.0,3.0,13.0,1.0,4.0,14.0,11.0,1.0,1.0,1.0,1.0,15.0,13.0,45.0,10.0,33.0,20.0,9.0,1.0,12.0,0.0,4.0,1.0,8.0,1.0,167.0,1.0,3.0,1.0,1.0,34.0,2.0,36.0,2.0,14.0,49.0,0.0,1.0,12.0,112.0,1.0,1.0,1.0,14.0,40.0,0.0,134.0,1.0,5308.0,13
41.0,3.0,171.0,9.0,13.0,1.0,4.0,14.0,11.0,1.0,1.0,1.0,2.0,15.0,13.0,45.0,16.0,2.0,20.0,9.0,3.0,12.0,1.0,4.0,1.0,8.0,1.0,167.0,1.0,10.0,1.0,1.0,40.0,1.0,25.0,5.0,14.0,49.0,0.0,1.0,26.0,112.0,0.0,1.0,1.0,14.0,40.0,1.0,134.0,1.0,5308.0,13
34.0,1.0,97.0,3.0,13.0,1.0,4.0,14.0,11.0,1.0,1.0,1.0,1.0,15.0,13.0,45.0,10.0,33.0,20.0,9.0,1.0,12.0,0.0,4.0,1.0,8.0,1.0,167.0,1.0,3.0,1.0,1.0,34.0,2.0,36.0,2.0,14.0,49.0,0.0,1.0,12.0,112.0,1.0,1.0,1.0,14.0,40.0,0.0,134.0,1.0,5308.0,13
41.0,3.0,171.0,8.0,13.0,1.0,4.0,14.0,11.0,1.0,1.0,1.0,2.0,15.0,13.0,45.0,16.0,25.0,20.0,9.0,3.0,12.0,1.0,4.0,1.0,8.0,1.0,167.0,1.0,10.0,1.0,1.0,40.0,1.0,23.0,5.0,14.0,49.0,0.0,1.0,26.0,112.0,0.0,1.0,1.0,14.0,40.0,1.0,134.0,1.0,5308.0,13
34.0,1.0,97.0,3.0,13.0,1.0,4.0,14.0,11.0,1.0,1.0,1.0,1.0,15.0,13.0,45.0,10.0,33.0,20.0,9.0,1.0,12.0,0.0,4.0,1.0,8.0,1.0,167.0,1.0,3.0,1.0,1.0,34.0,2.0,36.0,2.0,14.0,49.0,0.0,1.0,12.0,112.0,1.0,1.0,1.0,14.0,40.0,0.0,134.0,1.0,5308.0,13
34.0,3.0,0.0,21.0,13.0,1.0,4.0,14.0,11.0,1.0,1.0,1.0,4.0,15.0,13.0,45.0,9.0,33.0,20.0,9.0,0.0,12.0,0.0,3.0,1.0,8.0,1.0,0.0,1.0,0.0,1.0,1.0,34.0,2.0,36.0,0.0,14.0,49.0,1.0,0.0,1.0,112.0,1.0,1.0,1.0,32.0,40.0,1.0,134.0,1.0,5308.0,13
41.0,4.0,102.0,18.0,13.0,1.0,4.0,14.0,11.0,1.0,1.0,1.0,3.0,15.0,13.0,45.0,4.0,33.0,20.0,9.0,1.0,12.0,1.0,1.0,1.0,2.0,1.0,100.0,1.0,10.0,1.0,1.0,35.0,0.0,36.0,5.0,14.0,49.0,0.0,0.0,14.0,112.0,1.0,1.0,1.0,6.0,40.0,1.0,134.0,1.0,5308.0,13
46.0,3.0,168.0,4.0,13.0,0.0,2.0,14.0,11.0,1.0,0.0,1.0,2.0,15.0,13.0,45.0,5.0,33.0,60.0,9.0,3.0,12.0,1.0,0.0,1.0,8.0,1.0,166.0,1.0,7.0,1.0,1.0,44.0,2.0,36.0,4.0,14.0,49.0,0.0,0.0,21.0,112.0,1.0,1.0,1.0,19.0,44.0,1.0,134.0,1.0,5308.0,0
41.0,0.0,81.0,21.0,21.0,1.0,4.0,14.0,4.0,1.0,0.0,1.0,0.0,15.0,24.0,45.0,6.0,33.0,20.0,9.0,4.0,12.0,1.0,0.0,1.0,8.0,0.0,81.0,0.0,6.0,1.0,1.0,46.0,2.0,36.0,5.0,14.0,49.0,0.0,0.0,3.0,112.0,1.0,10.0,1.0,24.0,46.0,1.0,0.0,1.0,5308.0,0
41.0,3.0,42.0,21.0,36.0,1.0,4.0,37.0,8.0,1.0,0.0,1.0,4.0,38.0,13.0,45.0,0.0,33.0,8.0,9.0,1.0,12.0,1.0,0.0,1.0,8.0,1.0,42.0,0.0,2.0,0.0,1.0,40.0,2.0,36.0,5.0,37.0,49.0,1.0,0.0,2.0,58.0,1.0,1.0,0.0,38.0,40.0,1.0,10.0,1.0,5308.0,0
41.0,3.0,133.0,21.0,11.0,1.0,4.0,12.0,0.0,1.0,1.0,1.0,4.0,15.0,13.0,45.0,15.0,33.0,20.0,9.0,9.0,12.0,1.0,0.0,1.0,8.0,0.0,131.0,0.0,9.0,0.0,1.0,48.0,2.0,36.0,5.0,14.0,49.0,1.0,0.0,16.0,71.0,1.0,1.0,1.0,13.0,40.0,1.0,23.0,1.0,5308.0,0
41.0,3.0,4.0,21.0,13.0,1.0,4.0,14.0,2.0,1.0,0.0,1.0,4.0,15.0,13.0,45.0,0.0,33.0,8.0,9.0,1.0,12.0,1.0,0.0,1.0,8.0,1.0,4.0,0.0,2.0,0.0,1.0,40.0,2.0,36.0,5.0,14.0,49.0,1.0,0.0,2.0,4.0,1.0,0.0,0.0,15.0,40.0,1.0,87.0,1.0,5308.0,0
41.0,3.0,119.0,21.0,8.0,1.0,4.0,9.0,10.0,1.0,1.0,1.0,4.0,15.0,10.0,45.0,15.0,33.0,20.0,9.0,9.0,9.0,1.0,0.0,1.0,8.0,0.0,117.0,0.0,9.0,0.0,1.0,48.0,2.0,36.0,5.0,14.0,49.0,1.0,0.0,16.0,41.0,1.0,1.0,1.0,10.0,40.0,1.0,124.0,1.0,5308.0,0
41.0,0.0,93.0,0.0,13.0,0.0,1.0,14.0,11.0,0.0,0.0,1.0,0.0,2.0,13.0,41.0,7.0,33.0,30.0,9.0,6.0,12.0,1.0,0.0,1.0,8.0,1.0,93.0,1.0,2.0,1.0,1.0,40.0,2.0,36.0,5.0,14.0,49.0,0.0,0.0,7.0,112.0,1.0,1.0,1.0,2.0,40.0,1.0,134.0,0.0,5308.0,0
41.0,3.0,92.0,21.0,13.0,1.0,4.0,14.0,11.0,1.0,0.0,0.0,4.0,15.0,1.0,45.0,8.0,33.0,28.0,9.0,5.0,12.0,1.0,2.0,1.0,8.0,0.0,92.0,1.0,9.0,1.0,1.0,50.0,2.0,36.0,5.0,14.0,49.0,1.0,0.0,5.0,112.0,1.0,1.0,1.0,1.0,50.0,1.0,134.0,1.0,5308.0,0
41.0,3.0,94.0,21.0,13.0,1.0,4.0,14.0,11.0,1.0,0.0,1.0,4.0,2.0,13.0,45.0,11.0,33.0,38.0,9.0,7.0,12.0,1.0,0.0,1.0,8.0,1.0,94.0,1.0,2.0,1.0,0.0,40.0,2.0,36.0,0.0,14.0,49.0,1.0,0.0,9.0,112.0,1.0,1.0,1.0,2.0,40.0,1.0,134.0,1.0,5308.0,0
49.0,3.0,95.0,21.0,13.0,1.0,4.0,14.0,11.0,1.0,0.0,1.0,4.0,15.0,14.0,45.0,12.0,33.0,38.0,9.0,7.0,12.0,1.0,0.0,0.0,8.0,0.0,95.0,1.0,0.0,1.0,1.0,48.0,2.0,36.0,1.0,14.0,49.0,1.0,0.0,9.0,112.0,1.0,1.0,1.0,14.0,48.0,1.0,134.0,1.0,5308.0,0
43.0,4.0,87.0,17.0,13.0,0.0,3.0,14.0,11.0,1.0,0.0,1.0,3.0,106.0,13.0,42.0,2.0,33.0,20.0,4.0,4.0,12.0,1.0,0.0,1.0,8.0,1.0,87.0,1.0,1.0,1.0,1.0,40.0,2.0,36.0,3.0,14.0,49.0,0.0,0.0,3.0,112.0,1.0,1.0,1.0,106.0,40.0,1.0,134.0,1.0,5308.0,0
41.0,3.0,149.0,21.0,13.0,1.0,4.0,14.0,2.0,1.0,1.0,1.0,4.0,15.0,15.0,45.0,15.0,33.0,20.0,9.0,9.0,14.0,1.0,0.0,1.0,8.0,0.0,147.0,0.0,9.0,0.0,1.0,61.0,2.0,36.0,5.0,14.0,62.0,1.0,0.0,16.0,96.0,1.0,1.0,1.0,15.0,40.0,1.0,72.0,1.0,5308.0,0
41.0,3.0,111.0,21.0,13.0,1.0,4.0,14.0,11.0,1.0,0.0,1.0,4.0,1.0,13.0,45.0,13.0,33.0,48.0,9.0,9.0,12.0,1.0,0.0,1.0,8.0,1.0,109.0,1.0,2.0,1.0,1.0,46.0,2.0,36.0,5.0,14.0,49.0,1.0,0.0,16.0,112.0,1.0,1.0,1.0,1.0,46.0,1.0,134.0,1.0,5308.0,0
56.0,0.0,165.0,2.0,13.0,0.0,0.0,14.0,11.0,0.0,0.0,1.0,0.0,15.0,13.0,49.0,14.0,33.0,58.0,9.0,11.0,12.0,1.0,0.0,1.0,8.0,0.0,163.0,1.0,4.0,1.0,1.0,48.0,2.0,36.0,3.0,14.0,49.0,0.0,0.0,18.0,112.0,1.0,1.0,1.0,13.0,48.0,1.0,134.0,1.0,9808.0,0
41.0,3.0,58.0,21.0,51.0,1.0,4.0,52.0,9.0,1.0,0.0,1.0,4.0,53.0,13.0,45.0,0.0,33.0,8.0,9.0,1.0,12.0,1.0,0.0,1.0,8.0,1.0,58.0,0.0,2.0,0.0,1.0,40.0,2.0,36.0,5.0,52.0,49.0,1.0,0.0,2.0,91.0,1.0,1.0,0.0,53.0,40.0,1.0,84.0,1.0,5308.0,0
41.0,1.0,92.0,1.0,13.0,1.0,4.0,14.0,11.0,1.0,0.0,1.0,1.0,1.0,13.0,45.0,3.0,33.0,28.0,9.0,5.0,12.0,1.0,0.0,1.0,8.0,1.0,92.0,1.0,5.0,1.0,1.0,40.0,2.0,36.0,5.0,14.0,49.0,0.0,0.0,5.0,112.0,1.0,1.0,1.0,1.0,40.0,1.0,134.0,1.0,5308.0,0
41.0,3.0,103.0,19.0,13.0,1.0,4.0,14.0,11.0,1.0,1.0,1.0,2.0,15.0,13.0,45.0,4.0,33.0,20.0,9.0,1.0,12.0,1.0,1.0,1.0,2.0,1.0,101.0,1.0,10.0,1.0,1.0,35.0,0.0,36.0,5.0,14.0,49.0,0.0,0.0,14.0,112.0,1.0,1.0,1.0,6.0,40.0,1.0,134.0,1.0,5308.0,0
46.0,3.0,168.0,4.0,13.0,0.0,2.0,14.0,11.0,1.0,0.0,1.0,2.0,15.0,13.0,45.0,5.0,33.0,60.0,9.0,3.0,12.0,1.0,0.0,1.0,8.0,1.0,166.0,1.0,7.0,1.0,1.0,44.0,2.0,36.0,4.0,14.0,49.0,0.0,0.0,21.0,112.0,1.0,1.0,1.0,19.0,44.0,1.0,134.0,1.0,5308.0,0
41.0,3.0,63.0,21.0,21.0,1.0,4.0,14.0,4.0,1.0,0.0,1.0,4.0,15.0,23.0,45.0,6.0,33.0,20.0,9.0,4.0,12.0,1.0,0.0,1.0,8.0,0.0,63.0,0.0,6.0,1.0,1.0,46.0,2.0,36.0,5.0,14.0,49.0,1.0,0.0,3.0,112.0,1.0,0.0,1.0,23.0,46.0,1.0,63.0,1.0,5308.0,0
41.0,3.0,171.0,6.0,13.0,1.0,4.0,14.0,11.0,1.0,1.0,1.0,2.0,15.0,13.0,45.0,16.0,0.0,20.0,9.0,3.0,12.0,1.0,4.0,1.0,8.0,1.0,167.0,1.0,10.0,1.0,1.0,40.0,1.0,0.0,5.0,14.0,49.0,0.0,1.0,26.0,112.0,0.0,1.0,1.0,14.0,40.0,1.0,134.0,1.0,5308.0,0
34.0,1.0,97.0,3.0,13.0,1.0,4.0,14.0,11.0,1.0,1.0,1.0,1.0,15.0,13.0,45.0,10.0,33.0,20.0,9.0,1.0,12.0,0.0,4.0,1.0,8.0,1.0,167.0,1.0,3.0,1.0,1.0,34.0,2.0,36.0,2.0,14.0,49.0,0.0,1.0,13.0,112.0,1.0,1.0,1.0,14.0,40.0,0.0,134.0,1.0,5308.0,0
34.0,3.0,0.0,21.0,13.0,1.0,4.0,14.0,11.0,1.0,1.0,1.0,4.0,15.0,13.0,45.0,9.0,33.0,20.0,9.0,0.0,12.0,0.0,3.0,1.0,8.0,1.0,0.0,1.0,0.0,1.0,1.0,34.0,2.0,36.0,0.0,14.0,49.0,1.0,0.0,0.0,112.0,1.0,1.0,1.0,32.0,40.0,1.0,134.0,1.0,5308.0,0
41.0,4.0,108.0,20.0,13.0,1.0,4.0,14.0,11.0,1.0,1.0,1.0,3.0,15.0,13.0,45.0,4.0,33.0,20.0,9.0,1.0,12.0,1.0,1.0,1.0,5.0,1.0,106.0,1.0,10.0,1.0,1.0,35.0,0.0,36.0,5.0,14.0,49.0,0.0,0.0,15.0,112.0,1.0,1.0,1.0,6.0,40.0,1.0,134.0,1.0,5308.0,0
46.0,3.0,168.0,4.0,13.0,0.0,2.0,14.0,11.0,1.0,0.0,1.0,2.0,15.0,13.0,45.0,5.0,33.0,60.0,9.0,3.0,12.0,1.0,0.0,1.0,8.0,1.0,166.0,1.0,7.0,1.0,1.0,44.0,2.0,36.0,4.0,14.0,49.0,0.0,0.0,22.0,112.0,1.0,1.0,1.0,19.0,44.0,1.0,134.0,1.0,5308.0,0
41.0,3.0,75.0,21.0,32.0,1.0,4.0,14.0,7.0,1.0,0.0,1.0,4.0,15.0,34.0,45.0,6.0,33.0,20.0,9.0,4.0,12.0,1.0,0.0,1.0,8.0,0.0,75.0,0.0,6.0,1.0,1.0,46.0,2.0,36.0,5.0,14.0,49.0,1.0,0.0,4.0,112.0,1.0,0.0,1.0,34.0,46.0,1.0,52.0,1.0,5308.0,0
41.0,3.0,3.0,21.0,3.0,1.0,4.0,4.0,6.0,1.0,0.0,1.0,4.0,5.0,13.0,45.0,0.0,33.0,8.0,9.0,1.0,12.0,1.0,0.0,1.0,8.0,1.0,3.0,0.0,2.0,0.0,1.0,40.0,2.0,36.0,5.0,4.0,49.0,1.0,0.0,23.0,2.0,1.0,0.0,0.0,5.0,40.0,1.0,36.0,1.0,5308.0,0
41.0,3.0,145.0,21.0,11.0,1.0,4.0,12.0,0.0,1.0,1.0,1.0,4.0,15.0,13.0,45.0,15.0,33.0,20.0,9.0,9.0,12.0,1.0,0.0,1.0,8.0,0.0,143.0,0.0,9.0,0.0,1.0,48.0,2.0,36.0,5.0,14.0,49.0,1.0,0.0,17.0,83.0,1.0,1.0,1.0,13.0,40.0,1.0,37.0,1.0,5308.0,0
41.0,3.0,49.0,21.0,36.0,1.0,4.0,37.0,8.0,1.0,0.0,1.0,4.0,38.0,13.0,45.0,0.0,33.0,8.0,9.0,1.0,12.0,1.0,0.0,1.0,8.0,1.0,49.0,0.0,2.0,0.0,1.0,40.0,2.0,36.0,5.0,37.0,49.0,1.0,0.0,23.0,65.0,1.0,1.0,0.0,38.0,40.0,1.0,17.0,1.0,5308.0,0
41.0,3.0,131.0,21.0,11.0,1.0,4.0,12.0,0.0,1.0,1.0,1.0,4.0,15.0,13.0,45.0,15.0,33.0,20.0,9.0,9.0,12.0,1.0,0.0,1.0,8.0,0.0,129.0,0.0,9.0,0.0,1.0,48.0,2.0,36.0,5.0,14.0,49.0,1.0,0.0,17.0,69.0,1.0,1.0,1.0,13.0,40.0,1.0,21.0,1.0,5308.0,0
41.0,3.0,11.0,21.0,13.0,1.0,4.0,14.0,2.0,1.0,0.0,1.0,4.0,15.0,13.0,45.0,0.0,33.0,8.0,9.0,1.0,12.0,1.0,0.0,1.0,8.0,1.0,11.0,0.0,2.0,0.0,1.0,40.0,2.0,36.0,5.0,14.0,49.0,1.0,0.0,23.0,11.0,1.0,0.0,0.0,15.0,40.0,1.0,94.0,1.0,5308.0,0
41.0,3.0,115.0,21.0,8.0,1.0,4.0,9.0,10.0,1.0,1.0,1.0,4.0,15.0,10.0,45.0,15.0,33.0,20.0,9.0,9.0,9.0,1.0,0.0,1.0,8.0,0.0,113.0,0.0,9.0,0.0,1.0,50.0,2.0,36.0,5.0,14.0,51.0,1.0,0.0,17.0,37.0,1.0,1.0,1.0,10.0,40.0,1.0,120.0,1.0,5308.0,0
41.0,0.0,93.0,0.0,13.0,0.0,1.0,14.0,11.0,0.0,0.0,1.0,0.0,2.0,13.0,41.0,7.0,33.0,30.0,9.0,6.0,12.0,1.0,0.0,1.0,8.0,1.0,93.0,1.0,2.0,1.0,1.0,40.0,2.0,36.0,5.0,14.0,49.0,0.0,0.0,8.0,112.0,1.0,1.0,1.0,2.0,40.0,1.0,134.0,0.0,5308.0,0
41.0,3.0,92.0,21.0,13.0,1.0,4.0,14.0,11.0,1.0,0.0,0.0,4.0,15.0,1.0,45.0,8.0,33.0,28.0,9.0,5.0,12.0,1.0,2.0,1.0,8.0,0.0,92.0,1.0,9.0,1.0,1.0,48.0,2.0,36.0,5.0,14.0,49.0,1.0,0.0,6.0,112.0,1.0,1.0,1.0,1.0,48.0,1.0,134.0,1.0,5308.0,0
41.0,3.0,94.0,21.0,13.0,1.0,4.0,14.0,11.0,1.0,0.0,1.0,4.0,2.0,13.0,45.0,11.0,33.0,38.0,9.0,7.0,12.0,1.0,0.0,1.0,8.0,1.0,94.0,1.0,2.0,1.0,0.0,40.0,2.0,36.0,0.0,14.0,49.0,1.0,0.0,10.0,112.0,1.0,1.0,1.0,2.0,40.0,1.0,134.0,1.0,5308.0,0
49.0,3.0,95.0,21.0,13.0,1.0,4.0,14.0,11.0,1.0,0.0,1.0,4.0,15.0,14.0,45.0,12.0,33.0,38.0,9.0,7.0,12.0,1.0,0.0,0.0,8.0,0.0,95.0,1.0,0.0,1.0,1.0,48.0,2.0,36.0,1.0,14.0,49.0,1.0,0.0,10.0,112.0,1.0,1.0,1.0,14.0,48.0,1.0,134.0,1.0,5308.0,0
43.0,4.0,89.0,17.0,13.0,0.0,3.0,14.0,11.0,1.0,0.0,1.0,3.0,106.0,13.0,42.0,2.0,33.0,20.0,6.0,4.0,12.0,1.0,0.0,1.0,8.0,1.0,89.0,1.0,1.0,1.0,1.0,40.0,2.0,36.0,3.0,14.0,49.0,0.0,0.0,4.0,112.0,1.0,1.0,1.0,106.0,40.0,1.0,134.0,1.0,5308.0,0
41.0,3.0,151.0,21.0,13.0,1.0,4.0,14.0,2.0,1.0,1.0,1.0,4.0,15.0,15.0,45.0,15.0,33.0,20.0,9.0,9.0,14.0,1.0,0.0,1.0,8.0,0.0,149.0,0.0,9.0,0.0,1.0,61.0,2.0,36.0,5.0,14.0,62.0,1.0,0.0,17.0,98.0,1.0,1.0,1.0,15.0,40.0,1.0,75.0,1.0,5308.0,0
41.0,3.0,51.0,21.0,51.0,1.0,4.0,52.0,9.0,1.0,0.0,1.0,4.0,53.0,13.0,45.0,0.0,33.0,8.0,9.0,1.0,12.0,1.0,0.0,1.0,8.0,1.0,51.0,0.0,2.0,0.0,1.0,40.0,2.0,36.0,5.0,52.0,49.0,1.0,0.0,23.0,84.0,1.0,1.0,0.0,53.0,40.0,1.0,73.0,1.0,5308.0,0
41.0,1.0,92.0,1.0,13.0,1.0,4.0,14.0,11.0,1.0,0.0,1.0,1.0,1.0,13.0,45.0,3.0,33.0,28.0,9.0,5.0,12.0,1.0,0.0,1.0,8.0,1.0,92.0,1.0,5.0,1.0,1.0,40.0,2.0,36.0,5.0,14.0,49.0,0.0,0.0,6.0,112.0,1.0,1.0,1.0,1.0,40.0,1.0,134.0,1.0,5308.0,0
41.0,4.0,104.0,5.0,13.0,1.0,4.0,14.0,11.0,1.0,1.0,1.0,3.0,15.0,13.0,45.0,4.0,33.0,20.0,9.0,1.0,12.0,1.0,1.0,1.0,3.0,1.0,102.0,1.0,10.0,1.0,1.0,35.0,0.0,36.0,5.0,14.0,49.0,0.0,0.0,15.0,112.0,1.0,1.0,1.0,6.0,40.0,1.0,134.0,1.0,5308.0,14
46.0,3.0,168.0,4.0,13.0,0.0,2.0,14.0,11.0,1.0,0.0,1.0,2.0,15.0,13.0,45.0,5.0,33.0,60.0,9.0,3.0,12.0,1.0,0.0,1.0,8.0,1.0,166.0,1.0,7.0,1.0,1.0,44.0,2.0,36.0,4.0,14.0,49.0,0.0,0.0,22.0,112.0,1.0,1.0,1.0,19.0,44.0,1.0,134.0,1.0,5308.0,14
41.0,3.0,67.0,21.0,28.0,1.0,4.0,14.0,5.0,1.0,0.0,1.0,4.0,15.0,30.0,45.0,6.0,33.0,20.0,9.0,4.0,12.0,1.0,0.0,1.0,8.0,0.0,67.0,0.0,6.0,1.0,1.0,46.0,2.0,36.0,5.0,14.0,49.0,1.0,0.0,4.0,112.0,1.0,0.0,1.0,30.0,46.0,1.0,62.0,1.0,5308.0,14
41.0,3.0,2.0,21.0,3.0,1.0,4.0,4.0,6.0,1.0,0.0,1.0,4.0,5.0,13.0,45.0,0.0,33.0,8.0,9.0,1.0,12.0,1.0,0.0,1.0,8.0,1.0,2.0,0.0,2.0,0.0,1.0,40.0,2.0,36.0,5.0,4.0,49.0,1.0,0.0,23.0,1.0,1.0,0.0,0.0,5.0,40.0,1.0,2.0,1.0,5308.0,14
41.0,3.0,171.0,6.0,13.0,1.0,4.0,14.0,11.0,1.0,1.0,1.0,2.0,15.0,13.0,45.0,16.0,20.0,20.0,9.0,3.0,12.0,1.0,4.0,1.0,8.0,1.0,167.0,1.0,10.0,1.0,1.0,40.0,1.0,4.0,5.0,14.0,49.0,0.0,1.0,26.0,112.0,0.0,1.0,1.0,14.0,40.0,1.0,134.0,1.0,5308.0,14
34.0,1.0,97.0,3.0,13.0,1.0,4.0,14.0,11.0,1.0,1.0,1.0,1.0,15.0,13.0,45.0,10.0,33.0,20.0,9.0,1.0,12.0,0.0,4.0,1.0,8.0,1.0,167.0,1.0,3.0,1.0,1.0,34.0,2.0,36.0,2.0,14.0,49.0,0.0,1.0,13.0,112.0,1.0,1.0,1.0,14.0,40.0,0.0,134.0,1.0,5308.0,14
41.0,3.0,164.0,21.0,32.0,1.0,4.0,33.0,7.0,1.0,1.0,1.0,4.0,15.0,34.0,45.0,15.0,33.0,20.0,9.0,9.0,33.0,1.0,0.0,1.0,8.0,0.0,162.0,0.0,9.0,0.0,1.0,46.0,2.0,36.0,5.0,14.0,47.0,1.0,0.0,17.0,111.0,1.0,4.0,1.0,34.0,40.0,1.0,68.0,1.0,5308.0,14
41.0,3.0,171.0,7.0,13.0,1.0,4.0,14.0,11.0,1.0,1.0,1.0,2.0,15.0,13.0,45.0,16.0,31.0,20.0,9.0,3.0,12.0,1.0,4.0,1.0,8.0,1.0,167.0,1.0,10.0,1.0,1.0,40.0,1.0,17.0,5.0,14.0,49.0,0.0,1.0,26.0,112.0,0.0,1.0,1.0,14.0,40.0,1.0,134.0,1.0,5308.0,0
34.0,1.0,97.0,3.0,13.0,1.0,4.0,14.0,11.0,1.0,1.0,1.0,1.0,15.0,13.0,45.0,10.0,33.0,20.0,9.0,1.0,12.0,0.0,4.0,1.0,8.0,1.0,167.0,1.0,3.0,1.0,1.0,34.0,2.0,36.0,2.0,14.0,49.0,0.0,1.0,13.0,112.0,1.0,1.0,1.0,14.0,40.0,0.0,134.0,1.0,5308.0,0
34.0,3.0,0.0,21.0,13.0,1.0,4.0,14.0,11.0,1.0,1.0,1.0,4.0,15.0,13.0,45.0,9.0,33.0,20.0,9.0,0.0,12.0,0.0,3.0,1.0,8.0,1.0,0.0,1.0,0.0,1.0,1.0,34.0,2.0,36.0,0.0,14.0,49.0,1.0,0.0,0.0,112.0,1.0,1.0,1.0,32.0,40.0,1.0,134.0,1.0,5308.0,0
41.0,4.0,104.0,5.0,13.0,1.0,4.0,14.0,11.0,1.0,1.0,1.0,3.0,15.0,13.0,45.0,4.0,33.0,20.0,9.0,1.0,12.0,1.0,1.0,1.0,3.0,1.0,102.0,1.0,10.0,1.0,1.0,35.0,0.0,36.0,5.0,14.0,49.0,0.0,0.0,15.0,112.0,1.0,1.0,1.0,6.0,40.0,1.0,134.0,1.0,5308.0,0
46.0,3.0,168.0,4.0,13.0,0.0,2.0,14.0,11.0,1.0,0.0,1.0,2.0,15.0,13.0,45.0,5.0,33.0,60.0,9.0,3.0,12.0,1.0,0.0,1.0,8.0,1.0,166.0,1.0,7.0,1.0,1.0,44.0,2.0,36.0,4.0,14.0,49.0,0.0,0.0,22.0,112.0,1.0,1.0,1.0,19.0,44.0,1.0,134.0,1.0,5308.0,0
41.0,0.0,82.0,21.0,32.0,1.0,4.0,14.0,7.0,1.0,0.0,1.0,0.0,15.0,35.0,45.0,6.0,33.0,20.0,9.0,4.0,12.0,1.0,0.0,1.0,8.0,0.0,82.0,0.0,6.0,1.0,1.0,46.0,2.0,36.0,5.0,14.0,49.0,0.0,0.0,4.0,112.0,1.0,10.0,1.0,35.0,46.0,1.0,54.0,1.0,5308.0,0
41.0,3.0,35.0,21.0,36.0,1.0,4.0,37.0,8.0,1.0,0.0,1.0,4.0,38.0,13.0,45.0,0.0,33.0,8.0,9.0,1.0,12.0,1.0,0.0,1.0,8.0,1.0,35.0,0.0,2.0,0.0,1.0,40.0,2.0,36.0,5.0,37.0,49.0,1.0,0.0,23.0,51.0,1.0,1.0,0.0,38.0,40.0,1.0,3.0,1.0,5308.0,0
41.0,3.0,142.0,21.0,11.0,1.0,4.0,12.0,0.0,1.0,1.0,1.0,4.0,15.0,13.0,45.0,15.0,33.0,20.0,9.0,9.0,12.0,1.0,0.0,1.0,8.0,0.0,140.0,0.0,9.0,0.0,1.0,48.0,2.0,36.0,5.0,14.0,49.0,1.0,0.0,17.0,80.0,1.0,1.0,1.0,13.0,40.0,1.0,32.0,1.0,5308.0,0
41.0,3.0,29.0,21.0,13.0,1.0,4.0,14.0,2.0,1.0,0.0,1.0,4.0,15.0,13.0,45.0,0.0,33.0,8.0,9.0,1.0,12.0,1.0,0.0,1.0,8.0,1.0,29.0,0.0,2.0,0.0,1.0,40.0,2.0,36.0,5.0,14.0,49.0,1.0,0.0,23.0,29.0,1.0,0.0,0.0,15.0,40.0,1.0,112.0,1.0,5308.0,0
41.0,3.0,125.0,21.0,8.0,1.0,4.0,9.0,10.0,1.0,1.0,1.0,4.0,15.0,10.0,45.0,15.0,33.0,20.0,9.0,9.0,9.0,1.0,0.0,1.0,8.0,0.0,123.0,0.0,9.0,0.0,1.0,48.0,2.0,36.0,5.0,14.0,49.0,1.0,0.0,17.0,47.0,1.0,1.0,1.0,10.0,40.0,1.0,130.0,1.0,5308.0,0
41.0,0.0,93.0,0.0,13.0,0.0,1.0,14.0,11.0,0.0,0.0,1.0,0.0,2.0,13.0,41.0,7.0,33.0,30.0,9.0,6.0,12.0,1.0,0.0,1.0,8.0,1.0,93.0,1.0,2.0,1.0,1.0,40.0,2.0,36.0,5.0,14.0,49.0,0.0,0.0,8.0,112.0,1.0,1.0,1.0,2.0,40.0,1.0,134.0,0.0,5308.0,0
41.0,3.0,92.0,21.0,13.0,1.0,4.0,14.0,11.0,1.0,0.0,0.0,4.0,15.0,1.0,45.0,8.0,33.0,28.0,9.0,5.0,12.0,1.0,2.0,1.0,8.0,0.0,92.0,1.0,9.0,1.0,1.0,50.0,2.0,36.0,5.0,14.0,49.0,1.0,0.0,6.0,112.0,1.0,1.0,1.0,1.0,50.0,1.0,134.0,1.0,5308.0,0
41.0,3.0,94.0,21.0,13.0,1.0,4.0,14.0,11.0,1.0,0.0,1.0,4.0,2.0,13.0,45.0,11.0,33.0,38.0,9.0,7.0,12.0,1.0,0.0,1.0,8.0,1.0,94.0,1.0,2.0,1.0,0.0,40.0,2.0,36.0,0.0,14.0,49.0,1.0,0.0,10.0,112.0,1.0,1.0,1.0,2.0,40.0,1.0,134.0,1.0,5308.0,0
49.0,3.0,95.0,21.0,13.0,1.0,4.0,14.0,11.0,1.0,0.0,1.0,4.0,15.0,14.0,45.0,12.0,33.0,38.0,9.0,7.0,12.0,1.0,0.0,0.0,8.0,0.0,95.0,1.0,0.0,1.0,1.0,48.0,2.0,36.0,1.0,14.0,49.0,1.0,0.0,10.0,112.0,1.0,1.0,1.0,14.0,48.0,1.0,134.0,1.0,5308.0,0
43.0,4.0,85.0,17.0,13.0,0.0,3.0,14.0,11.0,1.0,0.0,1.0,3.0,106.0,13.0,42.0,2.0,33.0,20.0,2.0,4.0,12.0,1.0,0.0,1.0,8.0,1.0,85.0,1.0,1.0,1.0,1.0,40.0,2.0,36.0,3.0,14.0,49.0,0.0,0.0,4.0,112.0,1.0,1.0,1.0,106.0,40.0,1.0,134.0,1.0,5308.0,0
41.0,3.0,148.0,21.0,13.0,1.0,4.0,14.0,2.0,1.0,1.0,1.0,4.0,15.0,15.0,45.0,15.0,33.0,20.0,9.0,9.0,14.0,1.0,0.0,1.0,8.0,0.0,146.0,0.0,9.0,0.0,1.0,61.0,2.0,36.0,5.0,14.0,62.0,1.0,0.0,17.0,95.0,1.0,1.0,1.0,15.0,40.0,1.0,71.0,1.0,5308.0,0
41.0,3.0,111.0,21.0,13.0,1.0,4.0,14.0,11.0,1.0,0.0,1.0,4.0,1.0,13.0,45.0,13.0,33.0,48.0,9.0,9.0,12.0,1.0,0.0,1.0,8.0,1.0,109.0,1.0,2.0,1.0,1.0,44.0,2.0,36.0,5.0,14.0,49.0,1.0,0.0,17.0,112.0,1.0,1.0,1.0,1.0,44.0,1.0,134.0,1.0,5308.0,0
43.0,4.0,85.0,17.0,13.0,0.0,3.0,14.0,11.0,1.0,0.0,1.0,3.0,106.0,13.0,42.0,2.0,33.0,20.0,2.0,4.0,12.0,1.0,0.0,1.0,8.0,1.0,85.0,1.0,1.0,1.0,1.0,40.0,2.0,36.0,3.0,14.0,49.0,0.0,0.0,4.0,112.0,1.0,1.0,1.0,106.0,40.0,1.0,134.0,1.0,5308.0,0
56.0,0.0,166.0,2.0,13.0,0.0,0.0,14.0,11.0,0.0,0.0,1.0,0.0,15.0,13.0,49.0,14.0,33.0,58.0,9.0,11.0,12.0,1.0,0.0,1.0,8.0,0.0,164.0,1.0,4.0,1.0,1.0,48.0,2.0,36.0,3.0,14.0,49.0,0.0,0.0,19.0,112.0,1.0,1.0,1.0,13.0,48.0,1.0,134.0,1.0,808.0,0
41.0,3.0,53.0,21.0,51.0,1.0,4.0,52.0,9.0,1.0,0.0,1.0,4.0,53.0,13.0,45.0,0.0,33.0,8.0,9.0,1.0,12.0,1.0,0.0,1.0,8.0,1.0,53.0,0.0,2.0,0.0,1.0,40.0,2.0,36.0,5.0,52.0,49.0,1.0,0.0,23.0,86.0,1.0,1.0,0.0,53.0,40.0,1.0,77.0,1.0,5308.0,0
41.0,1.0,92.0,1.0,13.0,1.0,4.0,14.0,11.0,1.0,0.0,1.0,1.0,1.0,13.0,45.0,3.0,33.0,28.0,9.0,5.0,12.0,1.0,0.0,1.0,8.0,1.0,92.0,1.0,5.0,1.0,1.0,40.0,2.0,36.0,5.0,14.0,49.0,0.0,0.0,6.0,112.0,1.0,1.0,1.0,1.0,40.0,1.0,134.0,1.0,5308.0,14
41.0,4.0,106.0,11.0,13.0,1.0,4.0,14.0,11.0,1.0,1.0,1.0,3.0,15.0,13.0,45.0,4.0,33.0,20.0,9.0,1.0,12.0,1.0,1.0,1.0,3.0,1.0,104.0,1.0,10.0,1.0,1.0,35.0,0.0,36.0,5.0,14.0,49.0,0.0,0.0,15.0,112.0,1.0,1.0,1.0,6.0,40.0,1.0,134.0,1.0,5308.0,14
46.0,3.0,168.0,4.0,13.0,0.0,2.0,14.0,11.0,1.0,0.0,1.0,2.0,15.0,13.0,45.0,5.0,33.0,60.0,9.0,3.0,12.0,1.0,0.0,1.0,8.0,1.0,166.0,1.0,7.0,1.0,1.0,44.0,2.0,36.0,4.0,14.0,49.0,0.0,0.0,22.0,112.0,1.0,1.0,1.0,19.0,44.0,1.0,134.0,1.0,5308.0,14
41.0,3.0,66.0,21.0,28.0,1.0,4.0,14.0,5.0,1.0,0.0,1.0,4.0,15.0,30.0,45.0,6.0,33.0,20.0,9.0,4.0,12.0,1.0,0.0,1.0,8.0,0.0,66.0,0.0,6.0,1.0,1.0,46.0,2.0,36.0,5.0,14.0,49.0,1.0,0.0,4.0,112.0,1.0,0.0,1.0,30.0,46.0,1.0,59.0,1.0,5308.0,14
41.0,3.0,2.0,21.0,3.0,1.0,4.0,4.0,6.0,1.0,0.0,1.0,4.0,5.0,13.0,45.0,0.0,33.0,8.0,9.0,1.0,12.0,1.0,0.0,1.0,8.0,1.0,2.0,0.0,2.0,0.0,1.0,40.0,2.0,36.0,5.0,4.0,49.0,1.0,0.0,23.0,1.0,1.0,0.0,0.0,5.0,40.0,1.0,2.0,1.0,5308.0,14
41.0,3.0,171.0,6.0,13.0,1.0,4.0,14.0,11.0,1.0,1.0,1.0,2.0,15.0,13.0,45.0,16.0,30.0,20.0,9.0,3.0,12.0,1.0,4.0,1.0,8.0,1.0,167.0,1.0,10.0,1.0,1.0,40.0,1.0,5.0,5.0,14.0,49.0,0.0,1.0,26.0,112.0,0.0,1.0,1.0,14.0,40.0,1.0,134.0,1.0,5308.0,14
34.0,1.0,97.0,3.0,13.0,1.0,4.0,14.0,11.0,1.0,1.0,1.0,1.0,15.0,13.0,45.0,10.0,33.0,20.0,9.0,1.0,12.0,0.0,4.0,1.0,8.0,1.0,167.0,1.0,3.0,1.0,1.0,34.0,2.0,36.0,2.0,14.0,49.0,0.0,1.0,13.0,112.0,1.0,1.0,1.0,14.0,40.0,0.0,134.0,1.0,5308.0,14
41.0,3.0,156.0,21.0,32.0,1.0,4.0,33.0,7.0,1.0,1.0,1.0,4.0,15.0,34.0,45.0,15.0,33.0,20.0,9.0,9.0,33.0,1.0,0.0,1.0,8.0,0.0,154.0,0.0,9.0,0.0,1.0,46.0,2.0,36.0,5.0,14.0,47.0,1.0,0.0,17.0,103.0,1.0,4.0,1.0,34.0,40.0,1.0,40.0,1.0,5308.0,14
41.0,1.0,92.0,1.0,13.0,1.0,4.0,14.0,11.0,1.0,0.0,1.0,1.0,1.0,13.0,45.0,3.0,33.0,28.0,9.0,5.0,12.0,1.0,0.0,1.0,8.0,1.0,92.0,1.0,5.0,1.0,1.0,40.0,2.0,36.0,5.0,14.0,49.0,0.0,0.0,6.0,112.0,1.0,1.0,1.0,1.0,40.0,1.0,134.0,1.0,5308.0,14
41.0,3.0,171.0,9.0,13.0,1.0,4.0,14.0,11.0,1.0,1.0,1.0,2.0,15.0,13.0,45.0,16.0,11.0,20.0,9.0,3.0,12.0,1.0,4.0,1.0,8.0,1.0,167.0,1.0,10.0,1.0,1.0,40.0,1.0,26.0,5.0,14.0,49.0,0.0,1.0,26.0,112.0,0.0,1.0,1.0,14.0,40.0,1.0,134.0,1.0,5308.0,14
34.0,1.0,97.0,3.0,13.0,1.0,4.0,14.0,11.0,1.0,1.0,1.0,1.0,15.0,13.0,45.0,10.0,33.0,20.0,9.0,1.0,12.0,0.0,4.0,1.0,8.0,1.0,167.0,1.0,3.0,1.0,1.0,34.0,2.0,36.0,2.0,14.0,49.0,0.0,1.0,13.0,112.0,1.0,1.0,1.0,14.0,40.0,0.0,134.0,1.0,5308.0,14
34.0,3.0,0.0,21.0,13.0,1.0,4.0,14.0,11.0,1.0,1.0,1.0,4.0,15.0,13.0,45.0,9.0,33.0,20.0,9.0,0.0,12.0,0.0,3.0,1.0,8.0,1.0,0.0,1.0,0.0,1.0,1.0,34.0,2.0,36.0,0.0,14.0,49.0,1.0,0.0,0.0,112.0,1.0,1.0,1.0,32.0,40.0,1.0,134.0,1.0,5308.0,14
41.0,4.0,106.0,11.0,13.0,1.0,4.0,14.0,11.0,1.0,1.0,1.0,3.0,15.0,13.0,45.0,4.0,33.0,20.0,9.0,1.0,12.0,1.0,1.0,1.0,3.0,1.0,104.0,1.0,10.0,1.0,1.0,35.0,0.0,36.0,5.0,14.0,49.0,0.0,0.0,15.0,112.0,1.0,1.0,1.0,6.0,40.0,1.0,134.0,1.0,5308.0,14
46.0,3.0,168.0,4.0,13.0,0.0,2.0,14.0,11.0,1.0,0.0,1.0,2.0,15.0,13.0,45.0,5.0,33.0,60.0,9.0,3.0,12.0,1.0,0.0,1.0,8.0,1.0,166.0,1.0,7.0,1.0,1.0,44.0,2.0,36.0,4.0,14.0,49.0,0.0,0.0,22.0,112.0,1.0,1.0,1.0,19.0,44.0,1.0,134.0,1.0,5308.0,14
41.0,3.0,70.0,21.0,32.0,1.0,4.0,14.0,7.0,1.0,0.0,1.0,4.0,15.0,34.0,45.0,6.0,33.0,20.0,9.0,4.0,12.0,1.0,0.0,1.0,8.0,0.0,70.0,0.0,6.0,1.0,1.0,46.0,2.0,36.0,5.0,14.0,49.0,1.0,0.0,4.0,112.0,1.0,0.0,1.0,34.0,46.0,1.0,42.0,1.0,5308.0,14
41.0,3.0,3.0,21.0,3.0,1.0,4.0,4.0,6.0,1.0,0.0,1.0,4.0,5.0,13.0,45.0,0.0,33.0,8.0,9.0,1.0,12.0,1.0,0.0,1.0,8.0,1.0,3.0,0.0,2.0,0.0,1.0,40.0,2.0,36.0,5.0,4.0,49.0,1.0,0.0,23.0,2.0,1.0,0.0,0.0,5.0,40.0,1.0,36.0,1.0,5308.0,14
41.0,3.0,145.0,21.0,11.0,1.0,4.0,12.0,0.0,1.0,1.0,1.0,4.0,15.0,13.0,45.0,15.0,33.0,20.0,9.0,9.0,12.0,1.0,0.0,1.0,8.0,0.0,143.0,0.0,9.0,0.0,1.0,48.0,2.0,36.0,5.0,14.0,49.0,1.0,0.0,17.0,83.0,1.0,1.0,1.0,13.0,40.0,1.0,37.0,1.0,5308.0,14
41.0,3.0,171.0,7.0,13.0,1.0,4.0,14.0,11.0,1.0,1.0,1.0,2.0,15.0,13.0,45.0,16.0,5.0,20.0,9.0,3.0,12.0,1.0,4.0,1.0,8.0,1.0,167.0,1.0,10.0,1.0,1.0,40.0,1.0,6.0,5.0,14.0,49.0,0.0,1.0,26.0,112.0,0.0,1.0,1.0,14.0,40.0,1.0,134.0,1.0,5308.0,14
34.0,1.0,97.0,3.0,13.0,1.0,4.0,14.0,11.0,1.0,1.0,1.0,1.0,15.0,13.0,45.0,10.0,33.0,20.0,9.0,1.0,12.0,0.0,4.0,1.0,8.0,1.0,167.0,1.0,3.0,1.0,1.0,34.0,2.0,36.0,2.0,14.0,49.0,0.0,1.0,13.0,112.0,1.0,1.0,1.0,14.0,40.0,0.0,134.0,1.0,5308.0,14
41.0,3.0,160.0,21.0,32.0,1.0,4.0,33.0,7.0,1.0,1.0,1.0,4.0,15.0,34.0,45.0,15.0,33.0,20.0,9.0,9.0,33.0,1.0,0.0,1.0,8.0,0.0,158.0,0.0,9.0,0.0,1.0,46.0,2.0,36.0,5.0,14.0,47.0,1.0,0.0,17.0,107.0,1.0,4.0,1.0,34.0,40.0,1.0,50.0,1.0,5308.0,14
41.0,1.0,92.0,1.0,13.0,1.0,4.0,14.0,11.0,1.0,0.0,1.0,1.0,1.0,13.0,45.0,3.0,33.0,28.0,9.0,5.0,12.0,1.0,0.0,1.0,8.0,1.0,92.0,1.0,5.0,1.0,1.0,40.0,2.0,36.0,5.0,14.0,49.0,0.0,0.0,6.0,112.0,1.0,1.0,1.0,1.0,40.0,1.0,134.0,1.0,5308.0,14
41.0,3.0,171.0,8.0,13.0,1.0,4.0,14.0,11.0,1.0,1.0,1.0,2.0,15.0,13.0,45.0,16.0,31.0,20.0,9.0,3.0,12.0,1.0,4.0,1.0,8.0,1.0,167.0,1.0,10.0,1.0,1.0,40.0,1.0,24.0,5.0,14.0,49.0,0.0,1.0,26.0,112.0,0.0,1.0,1.0,14.0,40.0,1.0,134.0,1.0,5308.0,14
34.0,1.0,97.0,3.0,13.0,1.0,4.0,14.0,11.0,1.0,1.0,1.0,1.0,15.0,13.0,45.0,10.0,33.0,20.0,9.0,1.0,12.0,0.0,4.0,1.0,8.0,1.0,167.0,1.0,3.0,1.0,1.0,34.0,2.0,36.0,2.0,14.0,49.0,0.0,1.0,13.0,112.0,1.0,1.0,1.0,14.0,40.0,0.0,134.0,1.0,5308.0,14
34.0,3.0,0.0,21.0,13.0,1.0,4.0,14.0,11.0,1.0,1.0,1.0,4.0,15.0,13.0,45.0,9.0,33.0,20.0,9.0,0.0,12.0,0.0,3.0,1.0,8.0,1.0,0.0,1.0,0.0,1.0,1.0,34.0,2.0,36.0,0.0,14.0,49.0,1.0,0.0,0.0,112.0,1.0,1.0,1.0,32.0,40.0,1.0,134.0,1.0,5308.0,14
41.0,4.0,106.0,11.0,13.0,1.0,4.0,14.0,11.0,1.0,1.0,1.0,3.0,15.0,13.0,45.0,4.0,33.0,20.0,9.0,1.0,12.0,1.0,1.0,1.0,3.0,1.0,104.0,1.0,10.0,1.0,1.0,35.0,0.0,36.0,5.0,14.0,49.0,0.0,0.0,15.0,112.0,1.0,1.0,1.0,6.0,40.0,1.0,134.0,1.0,5308.0,14
46.0,3.0,168.0,4.0,13.0,0.0,2.0,14.0,11.0,1.0,0.0,1.0,2.0,15.0,13.0,45.0,5.0,33.0,60.0,9.0,3.0,12.0,1.0,0.0,1.0,8.0,1.0,166.0,1.0,7.0,1.0,1.0,44.0,2.0,36.0,4.0,14.0,49.0,0.0,0.0,22.0,112.0,1.0,1.0,1.0,19.0,44.0,1.0,134.0,1.0,5308.0,14
41.0,3.0,71.0,21.0,32.0,1.0,4.0,14.0,7.0,1.0,0.0,1.0,4.0,15.0,34.0,45.0,6.0,33.0,20.0,9.0,4.0,12.0,1.0,0.0,1.0,8.0,0.0,71.0,0.0,6.0,1.0,1.0,46.0,2.0,36.0,5.0,14.0,49.0,1.0,0.0,4.0,112.0,1.0,0.0,1.0,34.0,46.0,1.0,44.0,1.0,5308.0,14
41.0,3.0,3.0,21.0,3.0,1.0,4.0,4.0,6.0,1.0,0.0,1.0,4.0,5.0,13.0,45.0,0.0,33.0,8.0,9.0,1.0,12.0,1.0,0.0,1.0,8.0,1.0,3.0,0.0,2.0,0.0,1.0,40.0,2.0,36.0,5.0,4.0,49.0,1.0,0.0,23.0,2.0,1.0,0.0,0.0,5.0,40.0,1.0,36.0,1.0,5308.0,14
41.0,3.0,145.0,21.0,11.0,1.0,4.0,12.0,0.0,1.0,1.0,1.0,4.0,15.0,13.0,45.0,15.0,33.0,20.0,9.0,9.0,12.0,1.0,0.0,1.0,8.0,0.0,143.0,0.0,9.0,0.0,1.0,48.0,2.0,36.0,5.0,14.0,49.0,1.0,0.0,17.0,83.0,1.0,1.0,1.0,13.0,40.0,1.0,37.0,1.0,5308.0,14
41.0,1.0,92.0,1.0,13.0,1.0,4.0,14.0,11.0,1.0,0.0,1.0,1.0,1.0,13.0,45.0,3.0,33.0,28.0,9.0,5.0,12.0,1.0,0.0,1.0,8.0,1.0,92.0,1.0,5.0,1.0,1.0,40.0,2.0,36.0,5.0,14.0,49.0,0.0,0.0,6.0,112.0,1.0,1.0,1.0,1.0,40.0,1.0,134.0,1.0,5308.0,14
41.0,3.0,105.0,10.0,13.0,1.0,4.0,14.0,11.0,1.0,1.0,1.0,2.0,15.0,13.0,45.0,4.0,33.0,20.0,9.0,1.0,12.0,1.0,1.0,1.0,3.0,1.0,103.0,1.0,10.0,1.0,1.0,35.0,0.0,36.0,5.0,14.0,49.0,0.0,0.0,15.0,112.0,1.0,1.0,1.0,6.0,40.0,1.0,134.0,1.0,5308.0,0
46.0,3.0,168.0,4.0,13.0,0.0,2.0,14.0,11.0,1.0,0.0,1.0,2.0,15.0,13.0,45.0,5.0,33.0,60.0,9.0,3.0,12.0,1.0,0.0,1.0,8.0,1.0,166.0,1.0,7.0,1.0,1.0,44.0,2.0,36.0,4.0,14.0,49.0,0.0,0.0,22.0,112.0,1.0,1.0,1.0,19.0,44.0,1.0,134.0,1.0,5308.0,0
41.0,3.0,60.0,21.0,12.0,1.0,4.0,14.0,1.0,1.0,0.0,1.0,4.0,15.0,14.0,45.0,6.0,33.0,20.0,9.0,4.0,12.0,1.0,0.0,1.0,8.0,0.0,60.0,0.0,6.0,1.0,1.0,46.0,2.0,36.0,5.0,14.0,49.0,1.0,0.0,4.0,112.0,1.0,0.0,1.0,14.0,46.0,1.0,1.0,1.0,5308.0,0
41.0,3.0,171.0,7.0,13.0,1.0,4.0,14.0,11.0,1.0,1.0,1.0,2.0,15.0,13.0,45.0,16.0,13.0,20.0,9.0,3.0,12.0,1.0,4.0,1.0,8.0,1.0,167.0,1.0,10.0,1.0,1.0,40.0,1.0,10.0,5.0,14.0,49.0,0.0,1.0,26.0,112.0,0.0,1.0,1.0,14.0,40.0,1.0,134.0,1.0,5308.0,0
34.0,1.0,97.0,3.0,13.0,1.0,4.0,14.0,11.0,1.0,1.0,1.0,1.0,15.0,13.0,45.0,10.0,33.0,20.0,9.0,1.0,12.0,0.0,4.0,1.0,8.0,1.0,167.0,1.0,3.0,1.0,1.0,34.0,2.0,36.0,2.0,14.0,49.0,0.0,1.0,12.0,112.0,1.0,1.0,1.0,14.0,40.0,0.0,134.0,1.0,5308.0,0
34.0,3.0,0.0,21.0,13.0,1.0,4.0,14.0,11.0,1.0,1.0,1.0,4.0,15.0,13.0,45.0,9.0,33.0,20.0,9.0,0.0,12.0,0.0,3.0,1.0,8.0,1.0,0.0,1.0,0.0,1.0,1.0,34.0,2.0,36.0,0.0,14.0,49.0,1.0,0.0,1.0,112.0,1.0,1.0,1.0,32.0,40.0,1.0,134.0,1.0,5308.0,0
41.0,4.0,107.0,11.0,13.0,1.0,4.0,14.0,11.0,1.0,1.0,1.0,3.0,15.0,13.0,45.0,4.0,33.0,20.0,9.0,1.0,12.0,1.0,1.0,1.0,4.0,1.0,105.0,1.0,10.0,1.0,1.0,35.0,0.0,36.0,5.0,14.0,49.0,0.0,0.0,14.0,112.0,1.0,1.0,1.0,6.0,40.0,1.0,134.0,1.0,5308.0,0
46.0,3.0,168.0,4.0,13.0,0.0,2.0,14.0,11.0,1.0,0.0,1.0,2.0,15.0,13.0,45.0,5.0,33.0,60.0,9.0,3.0,12.0,1.0,0.0,1.0,8.0,1.0,166.0,1.0,7.0,1.0,1.0,44.0,2.0,36.0,4.0,14.0,49.0,0.0,0.0,21.0,112.0,1.0,1.0,1.0,19.0,44.0,1.0,134.0,1.0,5308.0,0
41.0,3.0,79.0,21.0,32.0,1.0,4.0,14.0,7.0,1.0,0.0,1.0,4.0,15.0,34.0,45.0,6.0,33.0,20.0,9.0,4.0,12.0,1.0,0.0,1.0,8.0,0.0,79.0,0.0,6.0,1.0,1.0,46.0,2.0,36.0,5.0,14.0,49.0,1.0,0.0,3.0,112.0,1.0,0.0,1.0,34.0,46.0,1.0,60.0,1.0,5308.0,0
41.0,3.0,3.0,21.0,3.0,1.0,4.0,4.0,6.0,1.0,0.0,1.0,4.0,5.0,13.0,45.0,0.0,33.0,8.0,9.0,1.0,12.0,1.0,0.0,1.0,8.0,1.0,3.0,0.0,2.0,0.0,1.0,40.0,2.0,36.0,5.0,4.0,49.0,1.0,0.0,2.0,2.0,1.0,0.0,0.0,5.0,40.0,1.0,36.0,1.0,5308.0,0
41.0,3.0,145.0,21.0,11.0,1.0,4.0,12.0,0.0,1.0,1.0,1.0,4.0,15.0,13.0,45.0,15.0,33.0,20.0,9.0,9.0,12.0,1.0,0.0,1.0,8.0,0.0,143.0,0.0,9.0,0.0,1.0,48.0,2.0,36.0,5.0,14.0,49.0,1.0,0.0,16.0,83.0,1.0,1.0,1.0,13.0,40.0,1.0,37.0,1.0,5308.0,0
41.0,3.0,46.0,21.0,36.0,1.0,4.0,37.0,8.0,1.0,0.0,1.0,4.0,38.0,13.0,45.0,0.0,33.0,8.0,9.0,1.0,12.0,1.0,0.0,1.0,8.0,1.0,46.0,0.0,2.0,0.0,1.0,40.0,2.0,36.0,5.0,37.0,49.0,1.0,0.0,2.0,62.0,1.0,1.0,0.0,38.0,40.0,1.0,14.0,1.0,5308.0,0
41.0,3.0,130.0,21.0,11.0,1.0,4.0,12.0,0.0,1.0,1.0,1.0,4.0,15.0,13.0,45.0,15.0,33.0,20.0,9.0,9.0,12.0,1.0,0.0,1.0,8.0,0.0,128.0,0.0,9.0,0.0,1.0,48.0,2.0,36.0,5.0,14.0,49.0,1.0,0.0,16.0,68.0,1.0,1.0,1.0,13.0,40.0,1.0,20.0,1.0,5308.0,0
41.0,3.0,33.0,21.0,13.0,1.0,4.0,14.0,2.0,1.0,0.0,1.0,4.0,15.0,13.0,45.0,0.0,33.0,8.0,9.0,1.0,12.0,1.0,0.0,1.0,8.0,1.0,33.0,0.0,2.0,0.0,1.0,40.0,2.0,36.0,5.0,14.0,49.0,1.0,0.0,2.0,33.0,1.0,0.0,0.0,15.0,40.0,1.0,116.0,1.0,5308.0,0
41.0,3.0,127.0,21.0,8.0,1.0,4.0,9.0,10.0,1.0,1.0,1.0,4.0,15.0,10.0,45.0,15.0,33.0,20.0,9.0,9.0,9.0,1.0,0.0,1.0,8.0,0.0,125.0,0.0,9.0,0.0,1.0,50.0,2.0,36.0,5.0,14.0,51.0,1.0,0.0,16.0,49.0,1.0,1.0,1.0,10.0,40.0,1.0,132.0,1.0,5308.0,0
41.0,0.0,93.0,0.0,13.0,0.0,1.0,14.0,11.0,0.0,0.0,1.0,0.0,2.0,13.0,41.0,7.0,33.0,30.0,9.0,6.0,12.0,1.0,0.0,1.0,8.0,1.0,93.0,1.0,2.0,1.0,1.0,40.0,2.0,36.0,5.0,14.0,49.0,0.0,0.0,7.0,112.0,1.0,1.0,1.0,2.0,40.0,1.0,134.0,0.0,5308.0,0
41.0,3.0,92.0,21.0,13.0,1.0,4.0,14.0,11.0,1.0,0.0,0.0,4.0,15.0,1.0,45.0,8.0,33.0,28.0,9.0,5.0,12.0,1.0,2.0,1.0,8.0,0.0,92.0,1.0,9.0,1.0,1.0,48.0,2.0,36.0,5.0,14.0,49.0,1.0,0.0,5.0,112.0,1.0,1.0,1.0,1.0,48.0,1.0,134.0,1.0,5308.0,0
41.0,3.0,94.0,21.0,13.0,1.0,4.0,14.0,11.0,1.0,0.0,1.0,4.0,2.0,13.0,45.0,11.0,33.0,38.0,9.0,7.0,12.0,1.0,0.0,1.0,8.0,1.0,94.0,1.0,2.0,1.0,0.0,40.0,2.0,36.0,0.0,14.0,49.0,1.0,0.0,9.0,112.0,1.0,1.0,1.0,2.0,40.0,1.0,134.0,1.0,5308.0,0
49.0,3.0,95.0,21.0,13.0,1.0,4.0,14.0,11.0,1.0,0.0,1.0,4.0,15.0,14.0,45.0,12.0,33.0,38.0,9.0,7.0,12.0,1.0,0.0,0.0,8.0,0.0,95.0,1.0,0.0,1.0,1.0,48.0,2.0,36.0,1.0,14.0,49.0,1.0,0.0,9.0,112.0,1.0,1.0,1.0,14.0,48.0,1.0,134.0,1.0,5308.0,0
43.0,4.0,83.0,17.0,13.0,0.0,3.0,14.0,11.0,1.0,0.0,1.0,3.0,106.0,13.0,42.0,2.0,33.0,20.0,0.0,4.0,12.0,1.0,0.0,1.0,8.0,1.0,83.0,1.0,1.0,1.0,1.0,40.0,2.0,36.0,3.0,14.0,49.0,0.0,0.0,3.0,112.0,1.0,1.0,1.0,106.0,40.0,1.0,134.0,1.0,5308.0,0
41.0,3.0,146.0,21.0,13.0,1.0,4.0,14.0,2.0,1.0,1.0,1.0,4.0,15.0,15.0,45.0,15.0,33.0,20.0,9.0,9.0,14.0,1.0,0.0,1.0,8.0,0.0,144.0,0.0,9.0,0.0,1.0,61.0,2.0,36.0,5.0,14.0,62.0,1.0,0.0,16.0,93.0,1.0,1.0,1.0,15.0,40.0,1.0,69.0,1.0,5308.0,0
41.0,3.0,56.0,21.0,51.0,1.0,4.0,52.0,9.0,1.0,0.0,1.0,4.0,53.0,13.0,45.0,0.0,33.0,8.0,9.0,1.0,12.0,1.0,0.0,1.0,8.0,1.0,56.0,0.0,2.0,0.0,1.0,40.0,2.0,36.0,5.0,52.0,49.0,1.0,0.0,2.0,89.0,1.0,1.0,0.0,53.0,40.0,1.0,82.0,1.0,5308.0,0
41.0,1.0,92.0,1.0,13.0,1.0,4.0,14.0,11.0,1.0,0.0,1.0,1.0,1.0,13.0,45.0,3.0,33.0,28.0,9.0,5.0,12.0,1.0,0.0,1.0,8.0,1.0,92.0,1.0,5.0,1.0,1.0,40.0,2.0,36.0,5.0,14.0,49.0,0.0,0.0,5.0,112.0,1.0,1.0,1.0,1.0,40.0,1.0,134.0,1.0,5308.0,0
41.0,4.0,109.0,14.0,13.0,1.0,4.0,14.0,11.0,1.0,1.0,1.0,3.0,15.0,13.0,45.0,4.0,33.0,20.0,9.0,1.0,12.0,1.0,1.0,1.0,6.0,1.0,107.0,1.0,10.0,1.0,1.0,35.0,0.0,36.0,5.0,14.0,49.0,0.0,0.0,14.0,112.0,1.0,1.0,1.0,6.0,40.0,1.0,134.0,1.0,5308.0,12
46.0,3.0,168.0,4.0,13.0,0.0,2.0,14.0,11.0,1.0,0.0,1.0,2.0,15.0,13.0,45.0,5.0,33.0,60.0,9.0,3.0,12.0,1.0,0.0,1.0,8.0,1.0,166.0,1.0,7.0,1.0,1.0,44.0,2.0,36.0,4.0,14.0,49.0,0.0,0.0,21.0,112.0,1.0,1.0,1.0,19.0,44.0,1.0,134.0,1.0,5308.0,12
41.0,3.0,65.0,21.0,28.0,1.0,4.0,14.0,5.0,1.0,0.0,1.0,4.0,15.0,30.0,45.0,6.0,33.0,20.0,9.0,4.0,12.0,1.0,0.0,1.0,8.0,0.0,65.0,0.0,6.0,1.0,1.0,46.0,2.0,36.0,5.0,14.0,49.0,1.0,0.0,3.0,112.0,1.0,0.0,1.0,30.0,46.0,1.0,46.0,1.0,5308.0,12
41.0,3.0,26.0,21.0,13.0,1.0,4.0,14.0,2.0,1.0,0.0,1.0,4.0,15.0,13.0,45.0,0.0,33.0,8.0,9.0,1.0,12.0,1.0,0.0,1.0,8.0,1.0,26.0,0.0,2.0,0.0,1.0,40.0,2.0,36.0,5.0,14.0,49.0,1.0,0.0,2.0,26.0,1.0,0.0,0.0,15.0,40.0,1.0,109.0,1.0,5308.0,12
41.0,3.0,112.0,21.0,3.0,1.0,4.0,4.0,6.0,1.0,1.0,1.0,4.0,15.0,5.0,45.0,15.0,33.0,20.0,9.0,9.0,4.0,1.0,0.0,1.0,8.0,0.0,110.0,0.0,9.0,0.0,1.0,48.0,2.0,36.0,5.0,14.0,49.0,1.0,0.0,16.0,3.0,1.0,0.0,1.0,5.0,40.0,1.0,39.0,1.0,5308.0,12
41.0,3.0,23.0,21.0,13.0,1.0,4.0,14.0,2.0,1.0,0.0,1.0,4.0,15.0,13.0,45.0,0.0,33.0,8.0,9.0,1.0,12.0,1.0,0.0,1.0,8.0,1.0,23.0,0.0,2.0,0.0,1.0,942.0,2.0,36.0,5.0,14.0,49.0,1.0,0.0,2.0,23.0,1.0,0.0,0.0,15.0,942.0,1.0,106.0,1.0,5308.0,12
41.0,3.0,30.0,21.0,13.0,1.0,4.0,14.0,2.0,1.0,0.0,1.0,4.0,15.0,13.0,45.0,0.0,33.0,8.0,9.0,1.0,12.0,1.0,0.0,1.0,8.0,1.0,30.0,0.0,2.0,0.0,1.0,1699.0,2.0,36.0,5.0,14.0,49.0,1.0,0.0,2.0,30.0,1.0,0.0,0.0,15.0,1699.0,1.0,113.0,1.0,5308.0,12
41.0,3.0,112.0,21.0,3.0,1.0,4.0,4.0,6.0,1.0,1.0,1.0,4.0,15.0,5.0,45.0,15.0,33.0,20.0,9.0,9.0,4.0,1.0,0.0,1.0,8.0,0.0,110.0,0.0,9.0,0.0,1.0,1483.0,2.0,36.0,5.0,14.0,1484.0,1.0,0.0,16.0,3.0,1.0,0.0,1.0,5.0,40.0,1.0,39.0,1.0,5308.0,12
41.0,3.0,28.0,21.0,13.0,1.0,4.0,14.0,2.0,1.0,0.0,1.0,4.0,15.0,13.0,45.0,0.0,33.0,8.0,9.0,1.0,12.0,1.0,0.0,1.0,8.0,1.0,28.0,0.0,2.0,0.0,1.0,2584.0,2.0,36.0,5.0,14.0,49.0,1.0,0.0,2.0,28.0,1.0,0.0,0.0,15.0,2584.0,1.0,111.0,1.0,5308.0,12
41.0,3.0,21.0,21.0,13.0,1.0,4.0,14.0,2.0,1.0,0.0,1.0,4.0,15.0,13.0,45.0,0.0,33.0,8.0,9.0,1.0,12.0,1.0,0.0,1.0,8.0,1.0,21.0,0.0,2.0,0.0,1.0,552.0,2.0,36.0,5.0,14.0,49.0,1.0,0.0,2.0,21.0,1.0,0.0,0.0,15.0,552.0,1.0,104.0,1.0,5308.0,12
41.0,3.0,112.0,21.0,3.0,1.0,4.0,4.0,6.0,1.0,1.0,1.0,4.0,15.0,5.0,45.0,15.0,33.0,20.0,9.0,9.0,4.0,1.0,0.0,1.0,8.0,0.0,110.0,0.0,9.0,0.0,1.0,1760.0,2.0,36.0,5.0,14.0,1761.0,1.0,0.0,16.0,3.0,1.0,0.0,1.0,5.0,40.0,1.0,39.0,1.0,5308.0,12
41.0,3.0,171.0,9.0,13.0,1.0,4.0,14.0,11.0,1.0,1.0,1.0,2.0,15.0,13.0,45.0,16.0,23.0,20.0,9.0,3.0,12.0,1.0,4.0,1.0,8.0,1.0,167.0,1.0,10.0,1.0,1.0,40.0,1.0,30.0,5.0,14.0,49.0,0.0,1.0,26.0,112.0,0.0,1.0,1.0,14.0,40.0,1.0,134.0,1.0,5308.0,12
34.0,1.0,97.0,3.0,13.0,1.0,4.0,14.0,11.0,1.0,1.0,1.0,1.0,15.0,13.0,45.0,10.0,33.0,20.0,9.0,1.0,12.0,0.0,4.0,1.0,8.0,1.0,167.0,1.0,3.0,1.0,1.0,34.0,2.0,36.0,2.0,14.0,49.0,0.0,1.0,12.0,112.0,1.0,1.0,1.0,14.0,40.0,0.0,134.0,1.0,5308.0,12
41.0,3.0,162.0,21.0,32.0,1.0,4.0,33.0,7.0,1.0,1.0,1.0,4.0,15.0,34.0,45.0,15.0,33.0,20.0,9.0,9.0,33.0,1.0,0.0,1.0,8.0,0.0,160.0,0.0,9.0,0.0,1.0,46.0,2.0,36.0,5.0,14.0,47.0,1.0,0.0,16.0,109.0,1.0,4.0,1.0,34.0,40.0,1.0,61.0,1.0,5308.0,12
41.0,1.0,92.0,1.0,13.0,1.0,4.0,14.0,11.0,1.0,0.0,1.0,1.0,1.0,13.0,45.0,3.0,33.0,28.0,9.0,5.0,12.0,1.0,0.0,1.0,8.0,1.0,92.0,1.0,5.0,1.0,1.0,40.0,2.0,36.0,5.0,14.0,49.0,0.0,0.0,5.0,112.0,1.0,1.0,1.0,1.0,40.0,1.0,134.0,1.0,5308.0,12
41.0,3.0,171.0,7.0,13.0,1.0,4.0,14.0,11.0,1.0,1.0,1.0,2.0,15.0,13.0,45.0,16.0,17.0,20.0,9.0,3.0,12.0,1.0,4.0,1.0,8.0,1.0,167.0,1.0,10.0,1.0,1.0,40.0,1.0,11.0,5.0,14.0,49.0,0.0,1.0,26.0,112.0,0.0,1.0,1.0,14.0,40.0,1.0,134.0,1.0,5308.0,12
34.0,1.0,97.0,3.0,13.0,1.0,4.0,14.0,11.0,1.0,1.0,1.0,1.0,15.0,13.0,45.0,10.0,33.0,20.0,9.0,1.0,12.0,0.0,4.0,1.0,8.0,1.0,167.0,1.0,3.0,1.0,1.0,34.0,2.0,36.0,2.0,14.0,49.0,0.0,1.0,12.0,112.0,1.0,1.0,1.0,14.0,40.0,0.0,134.0,1.0,5308.0,12
34.0,3.0,0.0,21.0,13.0,1.0,4.0,14.0,11.0,1.0,1.0,1.0,4.0,15.0,13.0,45.0,9.0,33.0,20.0,9.0,0.0,12.0,0.0,3.0,1.0,8.0,1.0,0.0,1.0,0.0,1.0,1.0,34.0,2.0,36.0,0.0,14.0,49.0,1.0,0.0,1.0,112.0,1.0,1.0,1.0,32.0,40.0,1.0,134.0,1.0,5308.0,12
41.0,4.0,109.0,14.0,13.0,1.0,4.0,14.0,11.0,1.0,1.0,1.0,3.0,15.0,13.0,45.0,4.0,33.0,20.0,9.0,1.0,12.0,1.0,1.0,1.0,6.0,1.0,107.0,1.0,10.0,1.0,1.0,35.0,0.0,36.0,5.0,14.0,49.0,0.0,0.0,14.0,112.0,1.0,1.0,1.0,6.0,40.0,1.0,134.0,1.0,5308.0,12
46.0,3.0,168.0,4.0,13.0,0.0,2.0,14.0,11.0,1.0,0.0,1.0,2.0,15.0,13.0,45.0,5.0,33.0,60.0,9.0,3.0,12.0,1.0,0.0,1.0,8.0,1.0,166.0,1.0,7.0,1.0,1.0,44.0,2.0,36.0,4.0,14.0,49.0,0.0,0.0,21.0,112.0,1.0,1.0,1.0,19.0,44.0,1.0,134.0,1.0,5308.0,12
41.0,3.0,74.0,21.0,32.0,1.0,4.0,14.0,7.0,1.0,0.0,1.0,4.0,15.0,34.0,45.0,6.0,33.0,20.0,9.0,4.0,12.0,1.0,0.0,1.0,8.0,0.0,74.0,0.0,6.0,1.0,1.0,46.0,2.0,36.0,5.0,14.0,49.0,1.0,0.0,3.0,112.0,1.0,0.0,1.0,34.0,46.0,1.0,51.0,1.0,5308.0,12
41.0,3.0,15.0,21.0,13.0,1.0,4.0,14.0,2.0,1.0,0.0,1.0,4.0,15.0,13.0,45.0,0.0,33.0,8.0,9.0,1.0,12.0,1.0,0.0,1.0,8.0,1.0,15.0,0.0,2.0,0.0,1.0,40.0,2.0,36.0,5.0,14.0,49.0,1.0,0.0,2.0,15.0,1.0,0.0,0.0,15.0,40.0,1.0,98.0,1.0,5308.0,12
41.0,3.0,112.0,21.0,3.0,1.0,4.0,4.0,6.0,1.0,1.0,1.0,4.0,15.0,5.0,45.0,15.0,33.0,20.0,9.0,9.0,4.0,1.0,0.0,1.0,8.0,0.0,110.0,0.0,9.0,0.0,1.0,48.0,2.0,36.0,5.0,14.0,49.0,1.0,0.0,16.0,3.0,1.0,0.0,1.0,5.0,40.0,1.0,38.0,1.0,5308.0,12
41.0,3.0,24.0,21.0,13.0,1.0,4.0,14.0,2.0,1.0,0.0,1.0,4.0,15.0,13.0,45.0,0.0,33.0,8.0,9.0,1.0,12.0,1.0,0.0,1.0,8.0,1.0,24.0,0.0,2.0,0.0,1.0,1391.0,2.0,36.0,5.0,14.0,49.0,1.0,0.0,2.0,24.0,1.0,0.0,0.0,15.0,1391.0,1.0,107.0,1.0,5308.0,12
41.0,3.0,25.0,21.0,13.0,1.0,4.0,14.0,2.0,1.0,0.0,1.0,4.0,15.0,13.0,45.0,0.0,33.0,8.0,9.0,1.0,12.0,1.0,0.0,1.0,8.0,1.0,25.0,0.0,2.0,0.0,1.0,1436.0,2.0,36.0,5.0,14.0,49.0,1.0,0.0,2.0,25.0,1.0,0.0,0.0,15.0,1436.0,1.0,108.0,1.0,5308.0,12
41.0,3.0,112.0,21.0,3.0,1.0,4.0,4.0,6.0,1.0,1.0,1.0,4.0,15.0,5.0,45.0,15.0,33.0,20.0,9.0,9.0,4.0,1.0,0.0,1.0,8.0,0.0,110.0,0.0,9.0,0.0,1.0,1583.0,2.0,36.0,5.0,14.0,1584.0,1.0,0.0,16.0,3.0,1.0,0.0,1.0,5.0,40.0,1.0,38.0,1.0,5308.0,12
41.0,3.0,20.0,21.0,13.0,1.0,4.0,14.0,2.0,1.0,0.0,1.0,4.0,15.0,13.0,45.0,0.0,33.0,8.0,9.0,1.0,12.0,1.0,0.0,1.0,8.0,1.0,20.0,0.0,2.0,0.0,1.0,2921.0,2.0,36.0,5.0,14.0,49.0,1.0,0.0,2.0,20.0,1.0,0.0,0.0,15.0,2921.0,1.0,103.0,1.0,5308.0,12
41.0,3.0,5.0,21.0,13.0,1.0,4.0,14.0,2.0,1.0,0.0,1.0,4.0,15.0,13.0,45.0,0.0,33.0,8.0,9.0,1.0,12.0,1.0,0.0,1.0,8.0,1.0,5.0,0.0,2.0,0.0,1.0,40.0,2.0,36.0,5.0,14.0,49.0,1.0,0.0,2.0,5.0,1.0,0.0,0.0,15.0,40.0,1.0,88.0,1.0,5308.0,12
41.0,3.0,20.0,21.0,13.0,1.0,4.0,14.0,2.0,1.0,0.0,1.0,4.0,15.0,13.0,45.0,0.0,33.0,8.0,9.0,1.0,12.0,1.0,0.0,1.0,8.0,1.0,20.0,0.0,2.0,0.0,1.0,2921.0,2.0,36.0,5.0,14.0,49.0,1.0,0.0,2.0,20.0,1.0,0.0,0.0,15.0,2921.0,1.0,103.0,1.0,5308.0,12
41.0,3.0,112.0,21.0,3.0,1.0,4.0,4.0,6.0,1.0,1.0,1.0,4.0,15.0,5.0,45.0,15.0,33.0,20.0,9.0,9.0,4.0,1.0,0.0,1.0,8.0,0.0,110.0,0.0,9.0,0.0,1.0,1664.0,2.0,36.0,5.0,14.0,1665.0,1.0,0.0,16.0,3.0,1.0,0.0,1.0,5.0,40.0,1.0,38.0,1.0,5308.0,12
41.0,3.0,171.0,9.0,13.0,1.0,4.0,14.0,11.0,1.0,1.0,1.0,2.0,15.0,13.0,45.0,16.0,13.0,20.0,9.0,3.0,12.0,1.0,4.0,1.0,8.0,1.0,167.0,1.0,10.0,1.0,1.0,40.0,1.0,27.0,5.0,14.0,49.0,0.0,1.0,26.0,112.0,0.0,1.0,1.0,14.0,40.0,1.0,134.0,1.0,5308.0,12
34.0,1.0,97.0,3.0,13.0,1.0,4.0,14.0,11.0,1.0,1.0,1.0,1.0,15.0,13.0,45.0,10.0,33.0,20.0,9.0,1.0,12.0,0.0,4.0,1.0,8.0,1.0,167.0,1.0,3.0,1.0,1.0,34.0,2.0,36.0,2.0,14.0,49.0,0.0,1.0,12.0,112.0,1.0,1.0,1.0,14.0,40.0,0.0,134.0,1.0,5308.0,12
41.0,3.0,157.0,21.0,32.0,1.0,4.0,33.0,7.0,1.0,1.0,1.0,4.0,15.0,34.0,45.0,15.0,33.0,20.0,9.0,9.0,33.0,1.0,0.0,1.0,8.0,0.0,155.0,0.0,9.0,0.0,1.0,46.0,2.0,36.0,5.0,14.0,47.0,1.0,0.0,16.0,104.0,1.0,4.0,1.0,34.0,40.0,1.0,41.0,1.0,5308.0,12
41.0,1.0,92.0,1.0,13.0,1.0,4.0,14.0,11.0,1.0,0.0,1.0,1.0,1.0,13.0,45.0,3.0,33.0,28.0,9.0,5.0,12.0,1.0,0.0,1.0,8.0,1.0,92.0,1.0,5.0,1.0,1.0,40.0,2.0,36.0,5.0,14.0,49.0,0.0,0.0,5.0,112.0,1.0,1.0,1.0,1.0,40.0,1.0,134.0,1.0,5308.0,12
41.0,3.0,171.0,7.0,13.0,1.0,4.0,14.0,11.0,1.0,1.0,1.0,2.0,15.0,13.0,45.0,16.0,6.0,20.0,9.0,3.0,12.0,1.0,4.0,1.0,8.0,1.0,167.0,1.0,10.0,1.0,1.0,40.0,1.0,7.0,5.0,14.0,49.0,0.0,1.0,26.0,112.0,0.0,1.0,1.0,14.0,40.0,1.0,134.0,1.0,5308.0,12
34.0,1.0,97.0,3.0,13.0,1.0,4.0,14.0,11.0,1.0,1.0,1.0,1.0,15.0,13.0,45.0,10.0,33.0,20.0,9.0,1.0,12.0,0.0,4.0,1.0,8.0,1.0,167.0,1.0,3.0,1.0,1.0,34.0,2.0,36.0,2.0,14.0,49.0,0.0,1.0,12.0,112.0,1.0,1.0,1.0,14.0,40.0,0.0,134.0,1.0,5308.0,12
34.0,3.0,0.0,21.0,13.0,1.0,4.0,14.0,11.0,1.0,1.0,1.0,4.0,15.0,13.0,45.0,9.0,33.0,20.0,9.0,0.0,12.0,0.0,3.0,1.0,8.0,1.0,0.0,1.0,0.0,1.0,1.0,34.0,2.0,36.0,0.0,14.0,49.0,1.0,0.0,1.0,112.0,1.0,1.0,1.0,32.0,40.0,1.0,134.0,1.0,5308.0,12
41.0,4.0,109.0,14.0,13.0,1.0,4.0,14.0,11.0,1.0,1.0,1.0,3.0,15.0,13.0,45.0,4.0,33.0,20.0,9.0,1.0,12.0,1.0,1.0,1.0,6.0,1.0,107.0,1.0,10.0,1.0,1.0,35.0,0.0,36.0,5.0,14.0,49.0,0.0,0.0,14.0,112.0,1.0,1.0,1.0,6.0,40.0,1.0,134.0,1.0,5308.0,12
46.0,3.0,168.0,4.0,13.0,0.0,2.0,14.0,11.0,1.0,0.0,1.0,2.0,15.0,13.0,45.0,5.0,33.0,60.0,9.0,3.0,12.0,1.0,0.0,1.0,8.0,1.0,166.0,1.0,7.0,1.0,1.0,44.0,2.0,36.0,4.0,14.0,49.0,0.0,0.0,21.0,112.0,1.0,1.0,1.0,19.0,44.0,1.0,134.0,1.0,5308.0,12
41.0,3.0,78.0,21.0,32.0,1.0,4.0,14.0,7.0,1.0,0.0,1.0,4.0,15.0,34.0,45.0,6.0,33.0,20.0,9.0,4.0,12.0,1.0,0.0,1.0,8.0,0.0,78.0,0.0,6.0,1.0,1.0,46.0,2.0,36.0,5.0,14.0,49.0,1.0,0.0,3.0,112.0,1.0,0.0,1.0,34.0,46.0,1.0,58.0,1.0,5308.0,12
41.0,3.0,34.0,21.0,13.0,1.0,4.0,14.0,2.0,1.0,0.0,1.0,4.0,15.0,13.0,45.0,0.0,33.0,8.0,9.0,1.0,12.0,1.0,0.0,1.0,8.0,1.0,34.0,0.0,2.0,0.0,1.0,40.0,2.0,36.0,5.0,14.0,49.0,1.0,0.0,2.0,34.0,1.0,0.0,0.0,15.0,40.0,1.0,117.0,1.0,5308.0,12
41.0,3.0,112.0,21.0,3.0,1.0,4.0,4.0,6.0,1.0,1.0,1.0,4.0,15.0,5.0,45.0,15.0,33.0,20.0,9.0,9.0,4.0,1.0,0.0,1.0,8.0,0.0,110.0,0.0,9.0,0.0,1.0,48.0,2.0,36.0,5.0,14.0,49.0,1.0,0.0,16.0,3.0,1.0,0.0,1.0,5.0,40.0,1.0,38.0,1.0,5308.0,12
41.0,3.0,13.0,21.0,13.0,1.0,4.0,14.0,2.0,1.0,0.0,1.0,4.0,15.0,13.0,45.0,0.0,33.0,8.0,9.0,1.0,12.0,1.0,0.0,1.0,8.0,1.0,13.0,0.0,2.0,0.0,1.0,784.0,2.0,36.0,5.0,14.0,49.0,1.0,0.0,2.0,13.0,1.0,0.0,0.0,15.0,784.0,1.0,96.0,1.0,5308.0,12
41.0,3.0,17.0,21.0,13.0,1.0,4.0,14.0,2.0,1.0,0.0,1.0,4.0,15.0,13.0,45.0,0.0,33.0,8.0,9.0,1.0,12.0,1.0,0.0,1.0,8.0,1.0,17.0,0.0,2.0,0.0,1.0,1751.0,2.0,36.0,5.0,14.0,49.0,1.0,0.0,2.0,17.0,1.0,0.0,0.0,15.0,1751.0,1.0,100.0,1.0,5308.0,12
41.0,3.0,112.0,21.0,3.0,1.0,4.0,4.0,6.0,1.0,1.0,1.0,4.0,15.0,5.0,45.0,15.0,33.0,20.0,9.0,9.0,4.0,1.0,0.0,1.0,8.0,0.0,110.0,0.0,9.0,0.0,1.0,1420.0,2.0,36.0,5.0,14.0,1421.0,1.0,0.0,16.0,3.0,1.0,0.0,1.0,5.0,40.0,1.0,38.0,1.0,5308.0,12
41.0,3.0,18.0,21.0,13.0,1.0,4.0,14.0,2.0,1.0,0.0,1.0,4.0,15.0,13.0,45.0,0.0,33.0,8.0,9.0,1.0,12.0,1.0,0.0,1.0,8.0,1.0,18.0,0.0,2.0,0.0,1.0,2921.0,2.0,36.0,5.0,14.0,49.0,1.0,0.0,2.0,18.0,1.0,0.0,0.0,15.0,2921.0,1.0,101.0,1.0,5308.0,12
41.0,3.0,27.0,21.0,13.0,1.0,4.0,14.0,2.0,1.0,0.0,1.0,4.0,15.0,13.0,45.0,0.0,33.0,8.0,9.0,1.0,12.0,1.0,0.0,1.0,8.0,1.0,27.0,0.0,2.0,0.0,1.0,334.0,2.0,36.0,5.0,14.0,49.0,1.0,0.0,2.0,27.0,1.0,0.0,0.0,15.0,334.0,1.0,110.0,1.0,5308.0,12
41.0,3.0,18.0,21.0,13.0,1.0,4.0,14.0,2.0,1.0,0.0,1.0,4.0,15.0,13.0,45.0,0.0,33.0,8.0,9.0,1.0,12.0,1.0,0.0,1.0,8.0,1.0,18.0,0.0,2.0,0.0,1.0,2921.0,2.0,36.0,5.0,14.0,49.0,1.0,0.0,2.0,18.0,1.0,0.0,0.0,15.0,2921.0,1.0,101.0,1.0,5308.0,12
41.0,3.0,112.0,21.0,3.0,1.0,4.0,4.0,6.0,1.0,1.0,1.0,4.0,15.0,5.0,45.0,15.0,33.0,20.0,9.0,9.0,4.0,1.0,0.0,1.0,8.0,0.0,110.0,0.0,9.0,0.0,1.0,1817.0,2.0,36.0,5.0,14.0,1818.0,1.0,0.0,16.0,3.0,1.0,0.0,1.0,5.0,40.0,1.0,38.0,1.0,5308.0,12
41.0,1.0,92.0,1.0,13.0,1.0,4.0,14.0,11.0,1.0,0.0,1.0,1.0,1.0,13.0,45.0,3.0,33.0,28.0,9.0,5.0,12.0,1.0,0.0,1.0,8.0,1.0,92.0,1.0,5.0,1.0,1.0,40.0,2.0,36.0,5.0,14.0,49.0,0.0,0.0,5.0,112.0,1.0,1.0,1.0,1.0,40.0,1.0,134.0,1.0,5308.0,12
41.0,0.0,96.0,21.0,13.0,1.0,4.0,14.0,11.0,1.0,1.0,1.0,0.0,15.0,13.0,45.0,1.0,33.0,20.0,9.0,0.0,12.0,1.0,4.0,1.0,8.0,1.0,167.0,1.0,8.0,1.0,1.0,34.0,2.0,36.0,5.0,14.0,49.0,0.0,1.0,11.0,112.0,1.0,1.0,1.0,1.0,40.0,1.0,134.0,1.0,5308.0,12
41.0,3.0,170.0,21.0,13.0,1.0,4.0,14.0,11.0,1.0,1.0,1.0,4.0,15.0,13.0,45.0,16.0,33.0,20.0,9.0,3.0,12.0,1.0,4.0,1.0,8.0,1.0,167.0,1.0,10.0,1.0,1.0,34.0,2.0,36.0,5.0,14.0,49.0,1.0,1.0,25.0,112.0,1.0,1.0,1.0,14.0,40.0,1.0,134.0,1.0,5308.0,0
41.0,3.0,171.0,7.0,13.0,1.0,4.0,14.0,11.0,1.0,1.0,1.0,2.0,15.0,13.0,45.0,16.0,12.0,20.0,9.0,3.0,12.0,1.0,4.0,1.0,8.0,1.0,167.0,1.0,10.0,1.0,1.0,40.0,1.0,9.0,5.0,14.0,49.0,0.0,1.0,26.0,112.0,0.0,1.0,1.0,14.0,40.0,1.0,134.0,1.0,5308.0,0
34.0,1.0,97.0,3.0,13.0,1.0,4.0,14.0,11.0,1.0,1.0,1.0,1.0,15.0,13.0,45.0,10.0,33.0,20.0,9.0,1.0,12.0,0.0,4.0,1.0,8.0,1.0,167.0,1.0,3.0,1.0,1.0,34.0,2.0,36.0,2.0,14.0,49.0,0.0,1.0,12.0,112.0,1.0,1.0,1.0,14.0,40.0,0.0,134.0,1.0,5308.0,0
34.0,3.0,0.0,21.0,13.0,1.0,4.0,14.0,11.0,1.0,1.0,1.0,4.0,15.0,13.0,45.0,9.0,33.0,20.0,9.0,0.0,12.0,0.0,3.0,1.0,8.0,1.0,0.0,1.0,0.0,1.0,1.0,34.0,2.0,36.0,0.0,14.0,49.0,1.0,0.0,1.0,112.0,1.0,1.0,1.0,32.0,40.0,1.0,134.0,1.0,5308.0,0
41.0,4.0,109.0,14.0,13.0,1.0,4.0,14.0,11.0,1.0,1.0,1.0,3.0,15.0,13.0,45.0,4.0,33.0,20.0,9.0,1.0,12.0,1.0,1.0,1.0,6.0,1.0,107.0,1.0,10.0,1.0,1.0,35.0,0.0,36.0,5.0,14.0,49.0,0.0,0.0,14.0,112.0,1.0,1.0,1.0,6.0,40.0,1.0,134.0,1.0,5308.0,0
46.0,3.0,168.0,4.0,13.0,0.0,2.0,14.0,11.0,1.0,0.0,1.0,2.0,15.0,13.0,45.0,5.0,33.0,60.0,9.0,3.0,12.0,1.0,0.0,1.0,8.0,1.0,166.0,1.0,7.0,1.0,1.0,44.0,2.0,36.0,4.0,14.0,49.0,0.0,0.0,21.0,112.0,1.0,1.0,1.0,19.0,44.0,1.0,134.0,1.0,5308.0,0
41.0,3.0,61.0,21.0,21.0,1.0,4.0,14.0,4.0,1.0,0.0,1.0,4.0,15.0,23.0,45.0,6.0,33.0,20.0,9.0,4.0,12.0,1.0,0.0,1.0,8.0,0.0,61.0,0.0,6.0,1.0,1.0,46.0,2.0,36.0,5.0,14.0,49.0,1.0,0.0,3.0,112.0,1.0,0.0,1.0,23.0,46.0,1.0,0.0,1.0,5308.0,0
41.0,3.0,36.0,21.0,36.0,1.0,4.0,37.0,8.0,1.0,0.0,1.0,4.0,38.0,13.0,45.0,0.0,33.0,8.0,9.0,1.0,12.0,1.0,0.0,1.0,8.0,1.0,36.0,0.0,2.0,0.0,1.0,40.0,2.0,36.0,5.0,37.0,49.0,1.0,0.0,2.0,52.0,1.0,1.0,0.0,38.0,40.0,1.0,4.0,1.0,5308.0,0
41.0,3.0,136.0,21.0,11.0,1.0,4.0,12.0,0.0,1.0,1.0,1.0,4.0,15.0,13.0,45.0,15.0,33.0,20.0,9.0,9.0,12.0,1.0,0.0,1.0,8.0,0.0,134.0,0.0,9.0,0.0,1.0,48.0,2.0,36.0,5.0,14.0,49.0,1.0,0.0,16.0,74.0,1.0,1.0,1.0,13.0,40.0,1.0,26.0,1.0,5308.0,0
41.0,3.0,31.0,21.0,13.0,1.0,4.0,14.0,2.0,1.0,0.0,1.0,4.0,15.0,13.0,45.0,0.0,33.0,8.0,9.0,1.0,12.0,1.0,0.0,1.0,8.0,1.0,31.0,0.0,2.0,0.0,1.0,40.0,2.0,36.0,5.0,14.0,49.0,1.0,0.0,2.0,31.0,1.0,0.0,0.0,15.0,40.0,1.0,114.0,1.0,5308.0,0
41.0,3.0,118.0,21.0,8.0,1.0,4.0,9.0,10.0,1.0,1.0,1.0,4.0,15.0,10.0,45.0,15.0,33.0,20.0,9.0,9.0,9.0,1.0,0.0,1.0,8.0,0.0,116.0,0.0,9.0,0.0,1.0,48.0,2.0,36.0,5.0,14.0,49.0,1.0,0.0,16.0,40.0,1.0,1.0,1.0,10.0,40.0,1.0,123.0,1.0,5308.0,0
41.0,0.0,93.0,0.0,13.0,0.0,1.0,14.0,11.0,0.0,0.0,1.0,0.0,2.0,13.0,41.0,7.0,33.0,30.0,9.0,6.0,12.0,1.0,0.0,1.0,8.0,1.0,93.0,1.0,2.0,1.0,1.0,40.0,2.0,36.0,5.0,14.0,49.0,0.0,0.0,7.0,112.0,1.0,1.0,1.0,2.0,40.0,1.0,134.0,0.0,5308.0,0
41.0,3.0,92.0,21.0,13.0,1.0,4.0,14.0,11.0,1.0,0.0,0.0,4.0,15.0,1.0,45.0,8.0,33.0,28.0,9.0,5.0,12.0,1.0,2.0,1.0,8.0,0.0,92.0,1.0,9.0,1.0,1.0,50.0,2.0,36.0,5.0,14.0,49.0,1.0,0.0,5.0,112.0,1.0,1.0,1.0,1.0,50.0,1.0,134.0,1.0,5308.0,0
41.0,3.0,94.0,21.0,13.0,1.0,4.0,14.0,11.0,1.0,0.0,1.0,4.0,2.0,13.0,45.0,11.0,33.0,38.0,9.0,7.0,12.0,1.0,0.0,1.0,8.0,1.0,94.0,1.0,2.0,1.0,0.0,40.0,2.0,36.0,0.0,14.0,49.0,1.0,0.0,9.0,112.0,1.0,1.0,1.0,2.0,40.0,1.0,134.0,1.0,5308.0,0
49.0,3.0,95.0,21.0,13.0,1.0,4.0,14.0,11.0,1.0,0.0,1.0,4.0,15.0,14.0,45.0,12.0,33.0,38.0,9.0,7.0,12.0,1.0,0.0,0.0,8.0,0.0,95.0,1.0,0.0,1.0,1.0,48.0,2.0,36.0,1.0,14.0,49.0,1.0,0.0,9.0,112.0,1.0,1.0,1.0,14.0,48.0,1.0,134.0,1.0,5308.0,0
43.0,4.0,84.0,17.0,13.0,0.0,3.0,14.0,11.0,1.0,0.0,1.0,3.0,106.0,13.0,42.0,2.0,33.0,20.0,1.0,4.0,12.0,1.0,0.0,1.0,8.0,1.0,84.0,1.0,1.0,1.0,1.0,40.0,2.0,36.0,3.0,14.0,49.0,0.0,0.0,3.0,112.0,1.0,1.0,1.0,106.0,40.0,1.0,134.0,1.0,5308.0,0
41.0,3.0,154.0,21.0,13.0,1.0,4.0,14.0,2.0,1.0,1.0,1.0,4.0,15.0,15.0,45.0,15.0,33.0,20.0,9.0,9.0,14.0,1.0,0.0,1.0,8.0,0.0,152.0,0.0,9.0,0.0,1.0,61.0,2.0,36.0,5.0,14.0,62.0,1.0,0.0,16.0,101.0,1.0,1.0,1.0,15.0,40.0,1.0,86.0,1.0,5308.0,0
41.0,3.0,54.0,21.0,51.0,1.0,4.0,52.0,9.0,1.0,0.0,1.0,4.0,53.0,13.0,45.0,0.0,33.0,8.0,9.0,1.0,12.0,1.0,0.0,1.0,8.0,1.0,54.0,0.0,2.0,0.0,1.0,40.0,2.0,36.0,5.0,52.0,49.0,1.0,0.0,2.0,87.0,1.0,1.0,0.0,53.0,40.0,1.0,78.0,1.0,5308.0,0
41.0,1.0,92.0,1.0,13.0,1.0,4.0,14.0,11.0,1.0,0.0,1.0,1.0,1.0,13.0,45.0,3.0,33.0,28.0,9.0,5.0,12.0,1.0,0.0,1.0,8.0,1.0,92.0,1.0,5.0,1.0,1.0,40.0,2.0,36.0,5.0,14.0,49.0,0.0,0.0,5.0,112.0,1.0,1.0,1.0,1.0,40.0,1.0,134.0,1.0,5308.0,0
41.0,3.0,110.0,15.0,13.0,1.0,4.0,14.0,11.0,1.0,1.0,1.0,2.0,15.0,13.0,45.0,4.0,33.0,20.0,9.0,1.0,12.0,1.0,1.0,1.0,6.0,1.0,108.0,1.0,10.0,1.0,1.0,35.0,0.0,36.0,5.0,14.0,49.0,0.0,0.0,14.0,112.0,1.0,1.0,1.0,6.0,40.0,1.0,134.0,1.0,5308.0,0
46.0,3.0,168.0,4.0,13.0,0.0,2.0,14.0,11.0,1.0,0.0,1.0,2.0,15.0,13.0,45.0,5.0,33.0,60.0,9.0,3.0,12.0,1.0,0.0,1.0,8.0,1.0,166.0,1.0,7.0,1.0,1.0,44.0,2.0,36.0,4.0,14.0,49.0,0.0,0.0,21.0,112.0,1.0,1.0,1.0,19.0,44.0,1.0,134.0,1.0,5308.0,0
41.0,3.0,171.0,7.0,13.0,1.0,4.0,14.0,11.0,1.0,1.0,1.0,2.0,15.0,13.0,45.0,16.0,24.0,20.0,9.0,3.0,12.0,1.0,4.0,1.0,8.0,1.0,167.0,1.0,10.0,1.0,1.0,40.0,1.0,15.0,5.0,14.0,49.0,0.0,1.0,26.0,112.0,0.0,1.0,1.0,14.0,40.0,1.0,134.0,1.0,5308.0,0
34.0,1.0,97.0,3.0,13.0,1.0,4.0,14.0,11.0,1.0,1.0,1.0,1.0,15.0,13.0,45.0,10.0,33.0,20.0,9.0,1.0,12.0,0.0,4.0,1.0,8.0,1.0,167.0,1.0,3.0,1.0,1.0,34.0,2.0,36.0,2.0,14.0,49.0,0.0,1.0,12.0,112.0,1.0,1.0,1.0,14.0,40.0,0.0,134.0,1.0,5308.0,0
34.0,3.0,0.0,21.0,13.0,1.0,4.0,14.0,11.0,1.0,1.0,1.0,4.0,15.0,13.0,45.0,9.0,33.0,20.0,9.0,0.0,12.0,0.0,3.0,1.0,8.0,1.0,0.0,1.0,0.0,1.0,1.0,34.0,2.0,36.0,0.0,14.0,49.0,1.0,0.0,1.0,112.0,1.0,1.0,1.0,32.0,40.0,1.0,134.0,1.0,5308.0,0
41.0,4.0,101.0,12.0,13.0,1.0,4.0,14.0,11.0,1.0,1.0,1.0,3.0,15.0,13.0,45.0,4.0,33.0,20.0,9.0,1.0,12.0,1.0,1.0,1.0,1.0,1.0,99.0,1.0,10.0,1.0,1.0,35.0,0.0,36.0,5.0,14.0,49.0,0.0,0.0,14.0,112.0,1.0,1.0,1.0,6.0,40.0,1.0,134.0,1.0,5308.0,0
46.0,3.0,168.0,4.0,13.0,0.0,2.0,14.0,11.0,1.0,0.0,1.0,2.0,15.0,13.0,45.0,5.0,33.0,60.0,9.0,3.0,12.0,1.0,0.0,1.0,8.0,1.0,166.0,1.0,7.0,1.0,1.0,44.0,2.0,36.0,4.0,14.0,49.0,0.0,0.0,21.0,112.0,1.0,1.0,1.0,19.0,44.0,1.0,134.0,1.0,5308.0,0
41.0,3.0,77.0,21.0,32.0,1.0,4.0,14.0,7.0,1.0,0.0,1.0,4.0,15.0,34.0,45.0,6.0,33.0,20.0,9.0,4.0,12.0,1.0,0.0,1.0,8.0,0.0,77.0,0.0,6.0,1.0,1.0,46.0,2.0,36.0,5.0,14.0,49.0,1.0,0.0,3.0,112.0,1.0,0.0,1.0,34.0,46.0,1.0,57.0,1.0,5308.0,0
41.0,3.0,3.0,21.0,3.0,1.0,4.0,4.0,6.0,1.0,0.0,1.0,4.0,5.0,13.0,45.0,0.0,33.0,8.0,9.0,1.0,12.0,1.0,0.0,1.0,8.0,1.0,3.0,0.0,2.0,0.0,1.0,40.0,2.0,36.0,5.0,4.0,49.0,1.0,0.0,2.0,2.0,1.0,0.0,0.0,5.0,40.0,1.0,36.0,1.0,5308.0,0
41.0,3.0,145.0,21.0,11.0,1.0,4.0,12.0,0.0,1.0,1.0,1.0,4.0,15.0,13.0,45.0,15.0,33.0,20.0,9.0,9.0,12.0,1.0,0.0,1.0,8.0,0.0,143.0,0.0,9.0,0.0,1.0,48.0,2.0,36.0,5.0,14.0,49.0,1.0,0.0,16.0,83.0,1.0,1.0,1.0,13.0,40.0,1.0,37.0,1.0,5308.0,0
41.0,3.0,38.0,21.0,36.0,1.0,4.0,37.0,8.0,1.0,0.0,1.0,4.0,38.0,13.0,45.0,0.0,33.0,8.0,9.0,1.0,12.0,1.0,0.0,1.0,8.0,1.0,38.0,0.0,2.0,0.0,1.0,40.0,2.0,36.0,5.0,37.0,49.0,1.0,0.0,2.0,54.0,1.0,1.0,0.0,38.0,40.0,1.0,6.0,1.0,5308.0,0
41.0,3.0,140.0,21.0,11.0,1.0,4.0,12.0,0.0,1.0,1.0,1.0,4.0,15.0,13.0,45.0,15.0,33.0,20.0,9.0,9.0,12.0,1.0,0.0,1.0,8.0,0.0,138.0,0.0,9.0,0.0,1.0,48.0,2.0,36.0,5.0,14.0,49.0,1.0,0.0,16.0,78.0,1.0,1.0,1.0,13.0,40.0,1.0,30.0,1.0,5308.0,0
41.0,3.0,22.0,21.0,13.0,1.0,4.0,14.0,2.0,1.0,0.0,1.0,4.0,15.0,13.0,45.0,0.0,33.0,8.0,9.0,1.0,12.0,1.0,0.0,1.0,8.0,1.0,22.0,0.0,2.0,0.0,1.0,40.0,2.0,36.0,5.0,14.0,49.0,1.0,0.0,2.0,22.0,1.0,0.0,0.0,15.0,40.0,1.0,105.0,1.0,5308.0,0
41.0,3.0,123.0,21.0,8.0,1.0,4.0,9.0,10.0,1.0,1.0,1.0,4.0,15.0,10.0,45.0,15.0,33.0,20.0,9.0,9.0,9.0,1.0,0.0,1.0,8.0,0.0,121.0,0.0,9.0,0.0,1.0,50.0,2.0,36.0,5.0,14.0,51.0,1.0,0.0,16.0,45.0,1.0,1.0,1.0,10.0,40.0,1.0,128.0,1.0,5308.0,0
41.0,0.0,93.0,0.0,13.0,0.0,1.0,14.0,11.0,0.0,0.0,1.0,0.0,2.0,13.0,41.0,7.0,33.0,30.0,9.0,6.0,12.0,1.0,0.0,1.0,8.0,1.0,93.0,1.0,2.0,1.0,1.0,40.0,2.0,36.0,5.0,14.0,49.0,0.0,0.0,7.0,112.0,1.0,1.0,1.0,2.0,40.0,1.0,134.0,0.0,5308.0,0
41.0,3.0,92.0,21.0,13.0,1.0,4.0,14.0,11.0,1.0,0.0,0.0,4.0,15.0,1.0,45.0,8.0,33.0,28.0,9.0,5.0,12.0,1.0,2.0,1.0,8.0,0.0,92.0,1.0,9.0,1.0,1.0,48.0,2.0,36.0,5.0,14.0,49.0,1.0,0.0,5.0,112.0,1.0,1.0,1.0,1.0,48.0,1.0,134.0,1.0,5308.0,0
41.0,3.0,94.0,21.0,13.0,1.0,4.0,14.0,11.0,1.0,0.0,1.0,4.0,2.0,13.0,45.0,11.0,33.0,38.0,9.0,7.0,12.0,1.0,0.0,1.0,8.0,1.0,94.0,1.0,2.0,1.0,0.0,40.0,2.0,36.0,0.0,14.0,49.0,1.0,0.0,9.0,112.0,1.0,1.0,1.0,2.0,40.0,1.0,134.0,1.0,5308.0,0
49.0,3.0,95.0,21.0,13.0,1.0,4.0,14.0,11.0,1.0,0.0,1.0,4.0,15.0,14.0,45.0,12.0,33.0,38.0,9.0,7.0,12.0,1.0,0.0,0.0,8.0,0.0,95.0,1.0,0.0,1.0,1.0,48.0,2.0,36.0,1.0,14.0,49.0,1.0,0.0,9.0,112.0,1.0,1.0,1.0,14.0,48.0,1.0,134.0,1.0,5308.0,0
43.0,4.0,88.0,17.0,13.0,0.0,3.0,14.0,11.0,1.0,0.0,1.0,3.0,106.0,13.0,42.0,2.0,33.0,20.0,5.0,4.0,12.0,1.0,0.0,1.0,8.0,1.0,88.0,1.0,1.0,1.0,1.0,40.0,2.0,36.0,3.0,14.0,49.0,0.0,0.0,3.0,112.0,1.0,1.0,1.0,106.0,40.0,1.0,134.0,1.0,5308.0,0
41.0,3.0,153.0,21.0,13.0,1.0,4.0,14.0,2.0,1.0,1.0,1.0,4.0,15.0,15.0,45.0,15.0,33.0,20.0,9.0,9.0,14.0,1.0,0.0,1.0,8.0,0.0,151.0,0.0,9.0,0.0,1.0,61.0,2.0,36.0,5.0,14.0,62.0,1.0,0.0,16.0,100.0,1.0,1.0,1.0,15.0,40.0,1.0,80.0,1.0,5308.0,0
41.0,3.0,59.0,21.0,51.0,1.0,4.0,52.0,9.0,1.0,0.0,1.0,4.0,53.0,13.0,45.0,0.0,33.0,8.0,9.0,1.0,12.0,1.0,0.0,1.0,8.0,1.0,59.0,0.0,2.0,0.0,1.0,40.0,2.0,36.0,5.0,52.0,49.0,1.0,0.0,2.0,92.0,1.0,1.0,0.0,53.0,40.0,1.0,85.0,1.0,5308.0,0
41.0,1.0,92.0,1.0,13.0,1.0,4.0,14.0,11.0,1.0,0.0,1.0,1.0,1.0,13.0,45.0,3.0,33.0,28.0,9.0,5.0,12.0,1.0,0.0,1.0,8.0,1.0,92.0,1.0,5.0,1.0,1.0,40.0,2.0,36.0,5.0,14.0,49.0,0.0,0.0,5.0,112.0,1.0,1.0,1.0,1.0,40.0,1.0,134.0,1.0,5308.0,0
41.0,4.0,98.0,11.0,13.0,1.0,4.0,14.0,11.0,1.0,1.0,1.0,3.0,15.0,13.0,45.0,4.0,33.0,20.0,9.0,1.0,12.0,1.0,1.0,1.0,0.0,1.0,96.0,1.0,10.0,1.0,1.0,35.0,0.0,36.0,5.0,14.0,49.0,0.0,0.0,14.0,112.0,1.0,1.0,1.0,6.0,40.0,1.0,134.0,1.0,5308.0,16
46.0,3.0,168.0,4.0,13.0,0.0,2.0,14.0,11.0,1.0,0.0,1.0,2.0,15.0,13.0,45.0,5.0,33.0,60.0,9.0,3.0,12.0,1.0,0.0,1.0,8.0,1.0,166.0,1.0,7.0,1.0,1.0,44.0,2.0,36.0,4.0,14.0,49.0,0.0,0.0,21.0,112.0,1.0,1.0,1.0,19.0,44.0,1.0,134.0,1.0,5308.0,16
41.0,3.0,68.0,21.0,28.0,1.0,4.0,14.0,5.0,1.0,0.0,1.0,4.0,15.0,30.0,45.0,6.0,33.0,20.0,9.0,4.0,12.0,1.0,0.0,1.0,8.0,0.0,68.0,0.0,6.0,1.0,1.0,46.0,2.0,36.0,5.0,14.0,49.0,1.0,0.0,3.0,112.0,1.0,0.0,1.0,30.0,46.0,1.0,64.0,1.0,5308.0,16
41.0,3.0,2.0,21.0,3.0,1.0,4.0,4.0,6.0,1.0,0.0,1.0,4.0,5.0,13.0,45.0,0.0,33.0,8.0,9.0,1.0,12.0,1.0,0.0,1.0,8.0,1.0,2.0,0.0,2.0,0.0,1.0,40.0,2.0,36.0,5.0,4.0,49.0,1.0,0.0,2.0,1.0,1.0,0.0,0.0,5.0,40.0,1.0,2.0,1.0,5308.0,16
41.0,3.0,171.0,6.0,13.0,1.0,4.0,14.0,11.0,1.0,1.0,1.0,2.0,15.0,13.0,45.0,16.0,9.0,20.0,9.0,3.0,12.0,1.0,4.0,1.0,8.0,1.0,167.0,1.0,10.0,1.0,1.0,40.0,1.0,2.0,5.0,14.0,49.0,0.0,1.0,26.0,112.0,0.0,1.0,1.0,14.0,40.0,1.0,134.0,1.0,5308.0,16
34.0,1.0,97.0,3.0,13.0,1.0,4.0,14.0,11.0,1.0,1.0,1.0,1.0,15.0,13.0,45.0,10.0,33.0,20.0,9.0,1.0,12.0,0.0,4.0,1.0,8.0,1.0,167.0,1.0,3.0,1.0,1.0,34.0,2.0,36.0,2.0,14.0,49.0,0.0,1.0,12.0,112.0,1.0,1.0,1.0,14.0,40.0,0.0,134.0,1.0,5308.0,16
41.0,3.0,159.0,21.0,32.0,1.0,4.0,33.0,7.0,1.0,1.0,1.0,4.0,15.0,34.0,45.0,15.0,33.0,20.0,9.0,9.0,33.0,1.0,0.0,1.0,8.0,0.0,157.0,0.0,9.0,0.0,1.0,46.0,2.0,36.0,5.0,14.0,47.0,1.0,0.0,16.0,106.0,1.0,4.0,1.0,34.0,40.0,1.0,49.0,1.0,5308.0,16
41.0,1.0,92.0,1.0,13.0,1.0,4.0,14.0,11.0,1.0,0.0,1.0,1.0,1.0,13.0,45.0,3.0,33.0,28.0,9.0,5.0,12.0,1.0,0.0,1.0,8.0,1.0,92.0,1.0,5.0,1.0,1.0,40.0,2.0,36.0,5.0,14.0,49.0,0.0,0.0,5.0,112.0,1.0,1.0,1.0,1.0,40.0,1.0,134.0,1.0,5308.0,16
41.0,3.0,171.0,8.0,13.0,1.0,4.0,14.0,11.0,1.0,1.0,1.0,2.0,15.0,13.0,45.0,16.0,3.0,20.0,9.0,3.0,12.0,1.0,4.0,1.0,8.0,1.0,167.0,1.0,10.0,1.0,1.0,40.0,1.0,19.0,5.0,14.0,49.0,0.0,1.0,26.0,112.0,0.0,1.0,1.0,14.0,40.0,1.0,134.0,1.0,5308.0,16
34.0,1.0,97.0,3.0,13.0,1.0,4.0,14.0,11.0,1.0,1.0,1.0,1.0,15.0,13.0,45.0,10.0,33.0,20.0,9.0,1.0,12.0,0.0,4.0,1.0,8.0,1.0,167.0,1.0,3.0,1.0,1.0,34.0,2.0,36.0,2.0,14.0,49.0,0.0,1.0,12.0,112.0,1.0,1.0,1.0,14.0,40.0,0.0,134.0,1.0,5308.0,16
34.0,3.0,0.0,21.0,13.0,1.0,4.0,14.0,11.0,1.0,1.0,1.0,4.0,15.0,13.0,45.0,9.0,33.0,20.0,9.0,0.0,12.0,0.0,3.0,1.0,8.0,1.0,0.0,1.0,0.0,1.0,1.0,34.0,2.0,36.0,0.0,14.0,49.0,1.0,0.0,1.0,112.0,1.0,1.0,1.0,32.0,40.0,1.0,134.0,1.0,5308.0,16
41.0,4.0,98.0,11.0,13.0,1.0,4.0,14.0,11.0,1.0,1.0,1.0,3.0,15.0,13.0,45.0,4.0,33.0,20.0,9.0,1.0,12.0,1.0,1.0,1.0,0.0,1.0,96.0,1.0,10.0,1.0,1.0,35.0,0.0,36.0,5.0,14.0,49.0,0.0,0.0,14.0,112.0,1.0,1.0,1.0,6.0,40.0,1.0,134.0,1.0,5308.0,16
46.0,3.0,168.0,4.0,13.0,0.0,2.0,14.0,11.0,1.0,0.0,1.0,2.0,15.0,13.0,45.0,5.0,33.0,60.0,9.0,3.0,12.0,1.0,0.0,1.0,8.0,1.0,166.0,1.0,7.0,1.0,1.0,44.0,2.0,36.0,4.0,14.0,49.0,0.0,0.0,21.0,112.0,1.0,1.0,1.0,19.0,44.0,1.0,134.0,1.0,5308.0,16
41.0,3.0,80.0,21.0,32.0,1.0,4.0,14.0,7.0,1.0,0.0,1.0,4.0,15.0,34.0,45.0,6.0,33.0,20.0,9.0,4.0,12.0,1.0,0.0,1.0,8.0,0.0,80.0,0.0,6.0,1.0,1.0,46.0,2.0,36.0,5.0,14.0,49.0,1.0,0.0,3.0,112.0,1.0,0.0,1.0,34.0,46.0,1.0,66.0,1.0,5308.0,16
41.0,3.0,3.0,21.0,3.0,1.0,4.0,4.0,6.0,1.0,0.0,1.0,4.0,5.0,13.0,45.0,0.0,33.0,8.0,9.0,1.0,12.0,1.0,0.0,1.0,8.0,1.0,3.0,0.0,2.0,0.0,1.0,40.0,2.0,36.0,5.0,4.0,49.0,1.0,0.0,2.0,2.0,1.0,0.0,0.0,5.0,40.0,1.0,36.0,1.0,5308.0,16
41.0,3.0,145.0,21.0,11.0,1.0,4.0,12.0,0.0,1.0,1.0,1.0,4.0,15.0,13.0,45.0,15.0,33.0,20.0,9.0,9.0,12.0,1.0,0.0,1.0,8.0,0.0,143.0,0.0,9.0,0.0,1.0,48.0,2.0,36.0,5.0,14.0,49.0,1.0,0.0,16.0,83.0,1.0,1.0,1.0,13.0,40.0,1.0,37.0,1.0,5308.0,16
41.0,3.0,40.0,21.0,36.0,1.0,4.0,37.0,8.0,1.0,0.0,1.0,4.0,38.0,13.0,45.0,0.0,33.0,8.0,9.0,1.0,12.0,1.0,0.0,1.0,8.0,1.0,40.0,0.0,2.0,0.0,1.0,40.0,2.0,36.0,5.0,37.0,49.0,1.0,0.0,2.0,56.0,1.0,1.0,0.0,38.0,40.0,1.0,8.0,1.0,5308.0,16
41.0,3.0,135.0,21.0,11.0,1.0,4.0,12.0,0.0,1.0,1.0,1.0,4.0,15.0,13.0,45.0,15.0,33.0,20.0,9.0,9.0,12.0,1.0,0.0,1.0,8.0,0.0,133.0,0.0,9.0,0.0,1.0,48.0,2.0,36.0,5.0,14.0,49.0,1.0,0.0,16.0,73.0,1.0,1.0,1.0,13.0,40.0,1.0,25.0,1.0,5308.0,16
41.0,3.0,14.0,21.0,13.0,1.0,4.0,14.0,2.0,1.0,0.0,1.0,4.0,15.0,13.0,45.0,0.0,33.0,8.0,9.0,1.0,12.0,1.0,0.0,1.0,8.0,1.0,14.0,0.0,2.0,0.0,1.0,40.0,2.0,36.0,5.0,14.0,49.0,1.0,0.0,2.0,14.0,1.0,0.0,0.0,15.0,40.0,1.0,97.0,1.0,5308.0,16
41.0,3.0,128.0,21.0,8.0,1.0,4.0,9.0,10.0,1.0,1.0,1.0,4.0,15.0,10.0,45.0,15.0,33.0,20.0,9.0,9.0,9.0,1.0,0.0,1.0,8.0,0.0,126.0,0.0,9.0,0.0,1.0,50.0,2.0,36.0,5.0,14.0,51.0,1.0,0.0,16.0,50.0,1.0,1.0,1.0,10.0,40.0,1.0,133.0,1.0,5308.0,16
41.0,3.0,171.0,9.0,13.0,1.0,4.0,14.0,11.0,1.0,1.0,1.0,2.0,15.0,13.0,45.0,16.0,29.0,20.0,9.0,3.0,12.0,1.0,4.0,1.0,8.0,1.0,167.0,1.0,10.0,1.0,1.0,40.0,1.0,33.0,5.0,14.0,49.0,0.0,1.0,26.0,112.0,0.0,1.0,1.0,14.0,40.0,1.0,134.0,1.0,5308.0,16
34.0,1.0,97.0,3.0,13.0,1.0,4.0,14.0,11.0,1.0,1.0,1.0,1.0,15.0,13.0,45.0,10.0,33.0,20.0,9.0,1.0,12.0,0.0,4.0,1.0,8.0,1.0,167.0,1.0,3.0,1.0,1.0,34.0,2.0,36.0,2.0,14.0,49.0,0.0,1.0,12.0,112.0,1.0,1.0,1.0,14.0,40.0,0.0,134.0,1.0,5308.0,16
41.0,3.0,158.0,21.0,32.0,1.0,4.0,33.0,7.0,1.0,1.0,1.0,4.0,15.0,34.0,45.0,15.0,33.0,20.0,9.0,9.0,33.0,1.0,0.0,1.0,8.0,0.0,156.0,0.0,9.0,0.0,1.0,46.0,2.0,36.0,5.0,14.0,47.0,1.0,0.0,16.0,105.0,1.0,4.0,1.0,34.0,40.0,1.0,48.0,1.0,5308.0,16
41.0,1.0,92.0,1.0,13.0,1.0,4.0,14.0,11.0,1.0,0.0,1.0,1.0,1.0,13.0,45.0,3.0,33.0,28.0,9.0,5.0,12.0,1.0,0.0,1.0,8.0,1.0,92.0,1.0,5.0,1.0,1.0,40.0,2.0,36.0,5.0,14.0,49.0,0.0,0.0,5.0,112.0,1.0,1.0,1.0,1.0,40.0,1.0,134.0,1.0,5308.0,16
41.0,3.0,171.0,7.0,13.0,1.0,4.0,14.0,11.0,1.0,1.0,1.0,2.0,15.0,13.0,45.0,16.0,21.0,20.0,9.0,3.0,12.0,1.0,4.0,1.0,8.0,1.0,167.0,1.0,10.0,1.0,1.0,40.0,1.0,13.0,5.0,14.0,49.0,0.0,1.0,26.0,112.0,0.0,1.0,1.0,14.0,40.0,1.0,134.0,1.0,5308.0,16
34.0,1.0,97.0,3.0,13.0,1.0,4.0,14.0,11.0,1.0,1.0,1.0,1.0,15.0,13.0,45.0,10.0,33.0,20.0,9.0,1.0,12.0,0.0,4.0,1.0,8.0,1.0,167.0,1.0,3.0,1.0,1.0,34.0,2.0,36.0,2.0,14.0,49.0,0.0,1.0,12.0,112.0,1.0,1.0,1.0,14.0,40.0,0.0,134.0,1.0,5308.0,16
34.0,3.0,0.0,21.0,13.0,1.0,4.0,14.0,11.0,1.0,1.0,1.0,4.0,15.0,13.0,45.0,9.0,33.0,20.0,9.0,0.0,12.0,0.0,3.0,1.0,8.0,1.0,0.0,1.0,0.0,1.0,1.0,34.0,2.0,36.0,0.0,14.0,49.0,1.0,0.0,1.0,112.0,1.0,1.0,1.0,32.0,40.0,1.0,134.0,1.0,5308.0,16
41.0,4.0,98.0,11.0,13.0,1.0,4.0,14.0,11.0,1.0,1.0,1.0,3.0,15.0,13.0,45.0,4.0,33.0,20.0,9.0,1.0,12.0,1.0,1.0,1.0,0.0,1.0,96.0,1.0,10.0,1.0,1.0,35.0,0.0,36.0,5.0,14.0,49.0,0.0,0.0,14.0,112.0,1.0,1.0,1.0,6.0,40.0,1.0,134.0,1.0,5308.0,16
46.0,3.0,168.0,4.0,13.0,0.0,2.0,14.0,11.0,1.0,0.0,1.0,2.0,15.0,13.0,45.0,5.0,33.0,60.0,9.0,3.0,12.0,1.0,0.0,1.0,8.0,1.0,166.0,1.0,7.0,1.0,1.0,44.0,2.0,36.0,4.0,14.0,49.0,0.0,0.0,21.0,112.0,1.0,1.0,1.0,19.0,44.0,1.0,134.0,1.0,5308.0,16
41.0,3.0,76.0,21.0,32.0,1.0,4.0,14.0,7.0,1.0,0.0,1.0,4.0,15.0,34.0,45.0,6.0,33.0,20.0,9.0,4.0,12.0,1.0,0.0,1.0,8.0,0.0,76.0,0.0,6.0,1.0,1.0,46.0,2.0,36.0,5.0,14.0,49.0,1.0,0.0,3.0,112.0,1.0,0.0,1.0,34.0,46.0,1.0,56.0,1.0,5308.0,16
41.0,3.0,3.0,21.0,3.0,1.0,4.0,4.0,6.0,1.0,0.0,1.0,4.0,5.0,13.0,45.0,0.0,33.0,8.0,9.0,1.0,12.0,1.0,0.0,1.0,8.0,1.0,3.0,0.0,2.0,0.0,1.0,40.0,2.0,36.0,5.0,4.0,49.0,1.0,0.0,2.0,2.0,1.0,0.0,0.0,5.0,40.0,1.0,36.0,1.0,5308.0,16
41.0,3.0,145.0,21.0,11.0,1.0,4.0,12.0,0.0,1.0,1.0,1.0,4.0,15.0,13.0,45.0,15.0,33.0,20.0,9.0,9.0,12.0,1.0,0.0,1.0,8.0,0.0,143.0,0.0,9.0,0.0,1.0,48.0,2.0,36.0,5.0,14.0,49.0,1.0,0.0,16.0,83.0,1.0,1.0,1.0,13.0,40.0,1.0,37.0,1.0,5308.0,16
41.0,3.0,37.0,21.0,36.0,1.0,4.0,37.0,8.0,1.0,0.0,1.0,4.0,38.0,13.0,45.0,0.0,33.0,8.0,9.0,1.0,12.0,1.0,0.0,1.0,8.0,1.0,37.0,0.0,2.0,0.0,1.0,40.0,2.0,36.0,5.0,37.0,49.0,1.0,0.0,2.0,53.0,1.0,1.0,0.0,38.0,40.0,1.0,5.0,1.0,5308.0,16
41.0,3.0,137.0,21.0,11.0,1.0,4.0,12.0,0.0,1.0,1.0,1.0,4.0,15.0,13.0,45.0,15.0,33.0,20.0,9.0,9.0,12.0,1.0,0.0,1.0,8.0,0.0,135.0,0.0,9.0,0.0,1.0,48.0,2.0,36.0,5.0,14.0,49.0,1.0,0.0,16.0,75.0,1.0,1.0,1.0,13.0,40.0,1.0,27.0,1.0,5308.0,16
41.0,3.0,7.0,21.0,13.0,1.0,4.0,14.0,2.0,1.0,0.0,1.0,4.0,15.0,13.0,45.0,0.0,33.0,8.0,9.0,1.0,12.0,1.0,0.0,1.0,8.0,1.0,7.0,0.0,2.0,0.0,1.0,40.0,2.0,36.0,5.0,14.0,49.0,1.0,0.0,2.0,7.0,1.0,0.0,0.0,15.0,40.0,1.0,90.0,1.0,5308.0,16
41.0,3.0,113.0,21.0,8.0,1.0,4.0,9.0,10.0,1.0,1.0,1.0,4.0,15.0,10.0,45.0,15.0,33.0,20.0,9.0,9.0,9.0,1.0,0.0,1.0,8.0,0.0,111.0,0.0,9.0,0.0,1.0,50.0,2.0,36.0,5.0,14.0,51.0,1.0,0.0,16.0,35.0,1.0,1.0,1.0,10.0,40.0,1.0,118.0,1.0,5308.0,16
41.0,1.0,92.0,1.0,13.0,1.0,4.0,14.0,11.0,1.0,0.0,1.0,1.0,1.0,13.0,45.0,3.0,33.0,28.0,9.0,5.0,12.0,1.0,0.0,1.0,8.0,1.0,92.0,1.0,5.0,1.0,1.0,40.0,2.0,36.0,5.0,14.0,49.0,0.0,0.0,5.0,112.0,1.0,1.0,1.0,1.0,40.0,1.0,134.0,1.0,5308.0,16
41.0,3.0,171.0,9.0,13.0,1.0,4.0,14.0,11.0,1.0,1.0,1.0,2.0,15.0,13.0,45.0,16.0,32.0,20.0,9.0,3.0,12.0,1.0,4.0,1.0,8.0,1.0,167.0,1.0,10.0,1.0,1.0,40.0,1.0,35.0,5.0,14.0,49.0,0.0,1.0,26.0,112.0,0.0,1.0,1.0,14.0,40.0,1.0,134.0,1.0,5308.0,0
34.0,1.0,97.0,3.0,13.0,1.0,4.0,14.0,11.0,1.0,1.0,1.0,1.0,15.0,13.0,45.0,10.0,33.0,20.0,9.0,1.0,12.0,0.0,4.0,1.0,8.0,1.0,167.0,1.0,3.0,1.0,1.0,34.0,2.0,36.0,2.0,14.0,49.0,0.0,1.0,12.0,112.0,1.0,1.0,1.0,14.0,40.0,0.0,134.0,1.0,5308.0,0
34.0,3.0,0.0,21.0,13.0,1.0,4.0,14.0,11.0,1.0,1.0,1.0,4.0,15.0,13.0,45.0,9.0,33.0,20.0,9.0,0.0,12.0,0.0,3.0,1.0,8.0,1.0,0.0,1.0,0.0,1.0,1.0,34.0,2.0,36.0,0.0,14.0,49.0,1.0,0.0,1.0,112.0,1.0,1.0,1.0,32.0,40.0,1.0,134.0,1.0,5308.0,0
41.0,4.0,98.0,11.0,13.0,1.0,4.0,14.0,11.0,1.0,1.0,1.0,3.0,15.0,13.0,45.0,4.0,33.0,20.0,9.0,1.0,12.0,1.0,1.0,1.0,0.0,1.0,96.0,1.0,10.0,1.0,1.0,35.0,0.0,36.0,5.0,14.0,49.0,0.0,0.0,14.0,112.0,1.0,1.0,1.0,6.0,40.0,1.0,134.0,1.0,5308.0,0
46.0,3.0,168.0,4.0,13.0,0.0,2.0,14.0,11.0,1.0,0.0,1.0,2.0,15.0,13.0,45.0,5.0,33.0,60.0,9.0,3.0,12.0,1.0,0.0,1.0,8.0,1.0,166.0,1.0,7.0,1.0,1.0,44.0,2.0,36.0,4.0,14.0,49.0,0.0,0.0,21.0,112.0,1.0,1.0,1.0,19.0,44.0,1.0,134.0,1.0,5308.0,0
41.0,3.0,61.0,21.0,21.0,1.0,4.0,14.0,4.0,1.0,0.0,1.0,4.0,15.0,23.0,45.0,6.0,33.0,20.0,9.0,4.0,12.0,1.0,0.0,1.0,8.0,0.0,61.0,0.0,6.0,1.0,1.0,46.0,2.0,36.0,5.0,14.0,49.0,1.0,0.0,3.0,112.0,1.0,0.0,1.0,23.0,46.0,1.0,0.0,1.0,5308.0,0
41.0,3.0,45.0,21.0,36.0,1.0,4.0,37.0,8.0,1.0,0.0,1.0,4.0,38.0,13.0,45.0,0.0,33.0,8.0,9.0,1.0,12.0,1.0,0.0,1.0,8.0,1.0,45.0,0.0,2.0,0.0,1.0,40.0,2.0,36.0,5.0,37.0,49.0,1.0,0.0,2.0,61.0,1.0,1.0,0.0,38.0,40.0,1.0,13.0,1.0,5308.0,0
41.0,3.0,129.0,21.0,11.0,1.0,4.0,12.0,0.0,1.0,1.0,1.0,4.0,15.0,13.0,45.0,15.0,33.0,20.0,9.0,9.0,12.0,1.0,0.0,1.0,8.0,0.0,127.0,0.0,9.0,0.0,1.0,48.0,2.0,36.0,5.0,14.0,49.0,1.0,0.0,16.0,67.0,1.0,1.0,1.0,13.0,40.0,1.0,19.0,1.0,5308.0,0
41.0,3.0,6.0,21.0,13.0,1.0,4.0,14.0,2.0,1.0,0.0,1.0,4.0,15.0,13.0,45.0,0.0,33.0,8.0,9.0,1.0,12.0,1.0,0.0,1.0,8.0,1.0,6.0,0.0,2.0,0.0,1.0,40.0,2.0,36.0,5.0,14.0,49.0,1.0,0.0,2.0,6.0,1.0,0.0,0.0,15.0,40.0,1.0,89.0,1.0,5308.0,0
41.0,3.0,122.0,21.0,8.0,1.0,4.0,9.0,10.0,1.0,1.0,1.0,4.0,15.0,10.0,45.0,15.0,33.0,20.0,9.0,9.0,9.0,1.0,0.0,1.0,8.0,0.0,120.0,0.0,9.0,0.0,1.0,48.0,2.0,36.0,5.0,14.0,49.0,1.0,0.0,16.0,44.0,1.0,1.0,1.0,10.0,40.0,1.0,127.0,1.0,5308.0,0
41.0,0.0,93.0,0.0,13.0,0.0,1.0,14.0,11.0,0.0,0.0,1.0,0.0,2.0,13.0,41.0,7.0,33.0,30.0,9.0,6.0,12.0,1.0,0.0,1.0,8.0,1.0,93.0,1.0,2.0,1.0,1.0,40.0,2.0,36.0,5.0,14.0,49.0,0.0,0.0,7.0,112.0,1.0,1.0,1.0,2.0,40.0,1.0,134.0,0.0,5308.0,0
41.0,3.0,92.0,21.0,13.0,1.0,4.0,14.0,11.0,1.0,0.0,0.0,4.0,15.0,1.0,45.0,8.0,33.0,28.0,9.0,5.0,12.0,1.0,2.0,1.0,8.0,0.0,92.0,1.0,9.0,1.0,1.0,50.0,2.0,36.0,5.0,14.0,49.0,1.0,0.0,5.0,112.0,1.0,1.0,1.0,1.0,50.0,1.0,134.0,1.0,5308.0,0
41.0,3.0,94.0,21.0,13.0,1.0,4.0,14.0,11.0,1.0,0.0,1.0,4.0,2.0,13.0,45.0,11.0,33.0,38.0,9.0,7.0,12.0,1.0,0.0,1.0,8.0,1.0,94.0,1.0,2.0,1.0,0.0,40.0,2.0,36.0,0.0,14.0,49.0,1.0,0.0,9.0,112.0,1.0,1.0,1.0,2.0,40.0,1.0,134.0,1.0,5308.0,0
49.0,3.0,95.0,21.0,13.0,1.0,4.0,14.0,11.0,1.0,0.0,1.0,4.0,15.0,14.0,45.0,12.0,33.0,38.0,9.0,7.0,12.0,1.0,0.0,0.0,8.0,0.0,95.0,1.0,0.0,1.0,1.0,48.0,2.0,36.0,1.0,14.0,49.0,1.0,0.0,9.0,112.0,1.0,1.0,1.0,14.0,48.0,1.0,134.0,1.0,5308.0,0
43.0,4.0,86.0,17.0,13.0,0.0,3.0,14.0,11.0,1.0,0.0,1.0,3.0,106.0,13.0,42.0,2.0,33.0,20.0,3.0,4.0,12.0,1.0,0.0,1.0,8.0,1.0,86.0,1.0,1.0,1.0,1.0,40.0,2.0,36.0,3.0,14.0,49.0,0.0,0.0,3.0,112.0,1.0,1.0,1.0,106.0,40.0,1.0,134.0,1.0,5308.0,0
41.0,3.0,150.0,21.0,13.0,1.0,4.0,14.0,2.0,1.0,1.0,1.0,4.0,15.0,15.0,45.0,15.0,33.0,20.0,9.0,9.0,14.0,1.0,0.0,1.0,8.0,0.0,148.0,0.0,9.0,0.0,1.0,61.0,2.0,36.0,5.0,14.0,62.0,1.0,0.0,16.0,97.0,1.0,1.0,1.0,15.0,40.0,1.0,74.0,1.0,5308.0,0
41.0,3.0,55.0,21.0,51.0,1.0,4.0,52.0,9.0,1.0,0.0,1.0,4.0,53.0,13.0,45.0,0.0,33.0,8.0,9.0,1.0,12.0,1.0,0.0,1.0,8.0,1.0,55.0,0.0,2.0,0.0,1.0,40.0,2.0,36.0,5.0,52.0,49.0,1.0,0.0,2.0,88.0,1.0,1.0,0.0,53.0,40.0,1.0,81.0,1.0,5308.0,0
41.0,1.0,92.0,1.0,13.0,1.0,4.0,14.0,11.0,1.0,0.0,1.0,1.0,1.0,13.0,45.0,3.0,33.0,28.0,9.0,5.0,12.0,1.0,0.0,1.0,8.0,1.0,92.0,1.0,5.0,1.0,1.0,40.0,2.0,36.0,5.0,14.0,49.0,0.0,0.0,5.0,112.0,1.0,1.0,1.0,1.0,40.0,1.0,134.0,1.0,5308.0,0
41.0,4.0,99.0,12.0,13.0,1.0,4.0,14.0,11.0,1.0,1.0,1.0,3.0,15.0,13.0,45.0,4.0,33.0,20.0,9.0,1.0,12.0,1.0,1.0,1.0,0.0,1.0,97.0,1.0,10.0,1.0,1.0,35.0,0.0,36.0,5.0,14.0,49.0,0.0,0.0,14.0,112.0,1.0,1.0,1.0,6.0,40.0,1.0,134.0,1.0,5308.0,16
46.0,3.0,168.0,4.0,13.0,0.0,2.0,14.0,11.0,1.0,0.0,1.0,2.0,15.0,13.0,45.0,5.0,33.0,60.0,9.0,3.0,12.0,1.0,0.0,1.0,8.0,1.0,166.0,1.0,7.0,1.0,1.0,44.0,2.0,36.0,4.0,14.0,49.0,0.0,0.0,21.0,112.0,1.0,1.0,1.0,19.0,44.0,1.0,134.0,1.0,5308.0,16
41.0,3.0,64.0,21.0,28.0,1.0,4.0,14.0,5.0,1.0,0.0,1.0,4.0,15.0,30.0,45.0,6.0,33.0,20.0,9.0,4.0,12.0,1.0,0.0,1.0,8.0,0.0,64.0,0.0,6.0,1.0,1.0,46.0,2.0,36.0,5.0,14.0,49.0,1.0,0.0,3.0,112.0,1.0,0.0,1.0,30.0,46.0,1.0,43.0,1.0,5308.0,16
41.0,3.0,2.0,21.0,3.0,1.0,4.0,4.0,6.0,1.0,0.0,1.0,4.0,5.0,13.0,45.0,0.0,33.0,8.0,9.0,1.0,12.0,1.0,0.0,1.0,8.0,1.0,2.0,0.0,2.0,0.0,1.0,40.0,2.0,36.0,5.0,4.0,49.0,1.0,0.0,2.0,1.0,1.0,0.0,0.0,5.0,40.0,1.0,2.0,1.0,5308.0,16
41.0,3.0,171.0,8.0,13.0,1.0,4.0,14.0,11.0,1.0,1.0,1.0,2.0,15.0,13.0,45.0,16.0,14.0,20.0,9.0,3.0,12.0,1.0,4.0,1.0,8.0,1.0,167.0,1.0,10.0,1.0,1.0,40.0,1.0,21.0,5.0,14.0,49.0,0.0,1.0,26.0,112.0,0.0,1.0,1.0,14.0,40.0,1.0,134.0,1.0,5308.0,16
34.0,1.0,97.0,3.0,13.0,1.0,4.0,14.0,11.0,1.0,1.0,1.0,1.0,15.0,13.0,45.0,10.0,33.0,20.0,9.0,1.0,12.0,0.0,4.0,1.0,8.0,1.0,167.0,1.0,3.0,1.0,1.0,34.0,2.0,36.0,2.0,14.0,49.0,0.0,1.0,12.0,112.0,1.0,1.0,1.0,14.0,40.0,0.0,134.0,1.0,5308.0,16
41.0,3.0,163.0,21.0,32.0,1.0,4.0,33.0,7.0,1.0,1.0,1.0,4.0,15.0,34.0,45.0,15.0,33.0,20.0,9.0,9.0,33.0,1.0,0.0,1.0,8.0,0.0,161.0,0.0,9.0,0.0,1.0,46.0,2.0,36.0,5.0,14.0,47.0,1.0,0.0,16.0,110.0,1.0,4.0,1.0,34.0,40.0,1.0,67.0,1.0,5308.0,16
41.0,1.0,92.0,1.0,13.0,1.0,4.0,14.0,11.0,1.0,0.0,1.0,1.0,1.0,13.0,45.0,3.0,33.0,28.0,9.0,5.0,12.0,1.0,0.0,1.0,8.0,1.0,92.0,1.0,5.0,1.0,1.0,40.0,2.0,36.0,5.0,14.0,49.0,0.0,0.0,5.0,112.0,1.0,1.0,1.0,1.0,40.0,1.0,134.0,1.0,5308.0,16
41.0,3.0,171.0,6.0,13.0,1.0,4.0,14.0,11.0,1.0,1.0,1.0,2.0,15.0,13.0,45.0,16.0,7.0,20.0,9.0,3.0,12.0,1.0,4.0,1.0,8.0,1.0,167.0,1.0,10.0,1.0,1.0,40.0,1.0,1.0,5.0,14.0,49.0,0.0,1.0,26.0,112.0,0.0,1.0,1.0,14.0,40.0,1.0,134.0,1.0,5308.0,16
34.0,1.0,97.0,3.0,13.0,1.0,4.0,14.0,11.0,1.0,1.0,1.0,1.0,15.0,13.0,45.0,10.0,33.0,20.0,9.0,1.0,12.0,0.0,4.0,1.0,8.0,1.0,167.0,1.0,3.0,1.0,1.0,34.0,2.0,36.0,2.0,14.0,49.0,0.0,1.0,12.0,112.0,1.0,1.0,1.0,14.0,40.0,0.0,134.0,1.0,5308.0,16
34.0,3.0,0.0,21.0,13.0,1.0,4.0,14.0,11.0,1.0,1.0,1.0,4.0,15.0,13.0,45.0,9.0,33.0,20.0,9.0,0.0,12.0,0.0,3.0,1.0,8.0,1.0,0.0,1.0,0.0,1.0,1.0,34.0,2.0,36.0,0.0,14.0,49.0,1.0,0.0,1.0,112.0,1.0,1.0,1.0,32.0,40.0,1.0,134.0,1.0,5308.0,16
41.0,4.0,99.0,12.0,13.0,1.0,4.0,14.0,11.0,1.0,1.0,1.0,3.0,15.0,13.0,45.0,4.0,33.0,20.0,9.0,1.0,12.0,1.0,1.0,1.0,0.0,1.0,97.0,1.0,10.0,1.0,1.0,35.0,0.0,36.0,5.0,14.0,49.0,0.0,0.0,14.0,112.0,1.0,1.0,1.0,6.0,40.0,1.0,134.0,1.0,5308.0,16
46.0,3.0,168.0,4.0,13.0,0.0,2.0,14.0,11.0,1.0,0.0,1.0,2.0,15.0,13.0,45.0,5.0,33.0,60.0,9.0,3.0,12.0,1.0,0.0,1.0,8.0,1.0,166.0,1.0,7.0,1.0,1.0,44.0,2.0,36.0,4.0,14.0,49.0,0.0,0.0,21.0,112.0,1.0,1.0,1.0,19.0,44.0,1.0,134.0,1.0,5308.0,16
41.0,3.0,73.0,21.0,32.0,1.0,4.0,14.0,7.0,1.0,0.0,1.0,4.0,15.0,34.0,45.0,6.0,33.0,20.0,9.0,4.0,12.0,1.0,0.0,1.0,8.0,0.0,73.0,0.0,6.0,1.0,1.0,46.0,2.0,36.0,5.0,14.0,49.0,1.0,0.0,3.0,112.0,1.0,0.0,1.0,34.0,46.0,1.0,47.0,1.0,5308.0,16
41.0,3.0,3.0,21.0,3.0,1.0,4.0,4.0,6.0,1.0,0.0,1.0,4.0,5.0,13.0,45.0,0.0,33.0,8.0,9.0,1.0,12.0,1.0,0.0,1.0,8.0,1.0,3.0,0.0,2.0,0.0,1.0,40.0,2.0,36.0,5.0,4.0,49.0,1.0,0.0,2.0,2.0,1.0,0.0,0.0,5.0,40.0,1.0,36.0,1.0,5308.0,16
41.0,3.0,145.0,21.0,11.0,1.0,4.0,12.0,0.0,1.0,1.0,1.0,4.0,15.0,13.0,45.0,15.0,33.0,20.0,9.0,9.0,12.0,1.0,0.0,1.0,8.0,0.0,143.0,0.0,9.0,0.0,1.0,48.0,2.0,36.0,5.0,14.0,49.0,1.0,0.0,16.0,83.0,1.0,1.0,1.0,13.0,40.0,1.0,37.0,1.0,5308.0,16
41.0,3.0,47.0,21.0,36.0,1.0,4.0,37.0,8.0,1.0,0.0,1.0,4.0,38.0,13.0,45.0,0.0,33.0,8.0,9.0,1.0,12.0,1.0,0.0,1.0,8.0,1.0,47.0,0.0,2.0,0.0,1.0,40.0,2.0,36.0,5.0,37.0,49.0,1.0,0.0,2.0,63.0,1.0,1.0,0.0,38.0,40.0,1.0,15.0,1.0,5308.0,16
41.0,3.0,139.0,21.0,11.0,1.0,4.0,12.0,0.0,1.0,1.0,1.0,4.0,15.0,13.0,45.0,15.0,33.0,20.0,9.0,9.0,12.0,1.0,0.0,1.0,8.0,0.0,137.0,0.0,9.0,0.0,1.0,48.0,2.0,36.0,5.0,14.0,49.0,1.0,0.0,16.0,77.0,1.0,1.0,1.0,13.0,40.0,1.0,29.0,1.0,5308.0,16
41.0,3.0,19.0,21.0,13.0,1.0,4.0,14.0,2.0,1.0,0.0,1.0,4.0,15.0,13.0,45.0,0.0,33.0,8.0,9.0,1.0,12.0,1.0,0.0,1.0,8.0,1.0,19.0,0.0,2.0,0.0,1.0,40.0,2.0,36.0,5.0,14.0,49.0,1.0,0.0,2.0,19.0,1.0,0.0,0.0,15.0,40.0,1.0,102.0,1.0,5308.0,16
41.0,3.0,116.0,21.0,8.0,1.0,4.0,9.0,10.0,1.0,1.0,1.0,4.0,15.0,10.0,45.0,15.0,33.0,20.0,9.0,9.0,9.0,1.0,0.0,1.0,8.0,0.0,114.0,0.0,9.0,0.0,1.0,50.0,2.0,36.0,5.0,14.0,51.0,1.0,0.0,16.0,38.0,1.0,1.0,1.0,10.0,40.0,1.0,121.0,1.0,5308.0,16
41.0,3.0,171.0,8.0,13.0,1.0,4.0,14.0,11.0,1.0,1.0,1.0,2.0,15.0,13.0,45.0,16.0,1.0,20.0,9.0,3.0,12.0,1.0,4.0,1.0,8.0,1.0,167.0,1.0,10.0,1.0,1.0,40.0,1.0,18.0,5.0,14.0,49.0,0.0,1.0,26.0,112.0,0.0,1.0,1.0,14.0,40.0,1.0,134.0,1.0,5308.0,16
34.0,1.0,97.0,3.0,13.0,1.0,4.0,14.0,11.0,1.0,1.0,1.0,1.0,15.0,13.0,45.0,10.0,33.0,20.0,9.0,1.0,12.0,0.0,4.0,1.0,8.0,1.0,167.0,1.0,3.0,1.0,1.0,34.0,2.0,36.0,2.0,14.0,49.0,0.0,1.0,12.0,112.0,1.0,1.0,1.0,14.0,40.0,0.0,134.0,1.0,5308.0,16
41.0,3.0,161.0,21.0,32.0,1.0,4.0,33.0,7.0,1.0,1.0,1.0,4.0,15.0,34.0,45.0,15.0,33.0,20.0,9.0,9.0,33.0,1.0,0.0,1.0,8.0,0.0,159.0,0.0,9.0,0.0,1.0,46.0,2.0,36.0,5.0,14.0,47.0,1.0,0.0,16.0,108.0,1.0,4.0,1.0,34.0,40.0,1.0,53.0,1.0,5308.0,16
41.0,1.0,92.0,1.0,13.0,1.0,4.0,14.0,11.0,1.0,0.0,1.0,1.0,1.0,13.0,45.0,3.0,33.0,28.0,9.0,5.0,12.0,1.0,0.0,1.0,8.0,1.0,92.0,1.0,5.0,1.0,1.0,40.0,2.0,36.0,5.0,14.0,49.0,0.0,0.0,5.0,112.0,1.0,1.0,1.0,1.0,40.0,1.0,134.0,1.0,5308.0,16
41.0,3.0,171.0,9.0,13.0,1.0,4.0,14.0,11.0,1.0,1.0,1.0,2.0,15.0,13.0,45.0,16.0,28.0,20.0,9.0,3.0,12.0,1.0,4.0,1.0,8.0,1.0,167.0,1.0,10.0,1.0,1.0,40.0,1.0,32.0,5.0,14.0,49.0,0.0,1.0,26.0,112.0,0.0,1.0,1.0,14.0,40.0,1.0,134.0,1.0,5308.0,16
34.0,1.0,97.0,3.0,13.0,1.0,4.0,14.0,11.0,1.0,1.0,1.0,1.0,15.0,13.0,45.0,10.0,33.0,20.0,9.0,1.0,12.0,0.0,4.0,1.0,8.0,1.0,167.0,1.0,3.0,1.0,1.0,34.0,2.0,36.0,2.0,14.0,49.0,0.0,1.0,12.0,112.0,1.0,1.0,1.0,14.0,40.0,0.0,134.0,1.0,5308.0,16
34.0,3.0,0.0,21.0,13.0,1.0,4.0,14.0,11.0,1.0,1.0,1.0,4.0,15.0,13.0,45.0,9.0,33.0,20.0,9.0,0.0,12.0,0.0,3.0,1.0,8.0,1.0,0.0,1.0,0.0,1.0,1.0,34.0,2.0,36.0,0.0,14.0,49.0,1.0,0.0,1.0,112.0,1.0,1.0,1.0,32.0,40.0,1.0,134.0,1.0,5308.0,16
41.0,4.0,99.0,12.0,13.0,1.0,4.0,14.0,11.0,1.0,1.0,1.0,3.0,15.0,13.0,45.0,4.0,33.0,20.0,9.0,1.0,12.0,1.0,1.0,1.0,0.0,1.0,97.0,1.0,10.0,1.0,1.0,35.0,0.0,36.0,5.0,14.0,49.0,0.0,0.0,14.0,112.0,1.0,1.0,1.0,6.0,40.0,1.0,134.0,1.0,5308.0,16
46.0,3.0,168.0,4.0,13.0,0.0,2.0,14.0,11.0,1.0,0.0,1.0,2.0,15.0,13.0,45.0,5.0,33.0,60.0,9.0,3.0,12.0,1.0,0.0,1.0,8.0,1.0,166.0,1.0,7.0,1.0,1.0,44.0,2.0,36.0,4.0,14.0,49.0,0.0,0.0,21.0,112.0,1.0,1.0,1.0,19.0,44.0,1.0,134.0,1.0,5308.0,16
41.0,3.0,72.0,21.0,32.0,1.0,4.0,14.0,7.0,1.0,0.0,1.0,4.0,15.0,34.0,45.0,6.0,33.0,20.0,9.0,4.0,12.0,1.0,0.0,1.0,8.0,0.0,72.0,0.0,6.0,1.0,1.0,46.0,2.0,36.0,5.0,14.0,49.0,1.0,0.0,3.0,112.0,1.0,0.0,1.0,34.0,46.0,1.0,45.0,1.0,5308.0,16
41.0,3.0,3.0,21.0,3.0,1.0,4.0,4.0,6.0,1.0,0.0,1.0,4.0,5.0,13.0,45.0,0.0,33.0,8.0,9.0,1.0,12.0,1.0,0.0,1.0,8.0,1.0,3.0,0.0,2.0,0.0,1.0,40.0,2.0,36.0,5.0,4.0,49.0,1.0,0.0,2.0,2.0,1.0,0.0,0.0,5.0,40.0,1.0,36.0,1.0,5308.0,16
41.0,3.0,145.0,21.0,11.0,1.0,4.0,12.0,0.0,1.0,1.0,1.0,4.0,15.0,13.0,45.0,15.0,33.0,20.0,9.0,9.0,12.0,1.0,0.0,1.0,8.0,0.0,143.0,0.0,9.0,0.0,1.0,48.0,2.0,36.0,5.0,14.0,49.0,1.0,0.0,16.0,83.0,1.0,1.0,1.0,13.0,40.0,1.0,37.0,1.0,5308.0,16
41.0,3.0,39.0,21.0,36.0,1.0,4.0,37.0,8.0,1.0,0.0,1.0,4.0,38.0,13.0,45.0,0.0,33.0,8.0,9.0,1.0,12.0,1.0,0.0,1.0,8.0,1.0,39.0,0.0,2.0,0.0,1.0,40.0,2.0,36.0,5.0,37.0,49.0,1.0,0.0,2.0,55.0,1.0,1.0,0.0,38.0,40.0,1.0,7.0,1.0,5308.0,16
41.0,3.0,134.0,21.0,11.0,1.0,4.0,12.0,0.0,1.0,1.0,1.0,4.0,15.0,13.0,45.0,15.0,33.0,20.0,9.0,9.0,12.0,1.0,0.0,1.0,8.0,0.0,132.0,0.0,9.0,0.0,1.0,48.0,2.0,36.0,5.0,14.0,49.0,1.0,0.0,16.0,72.0,1.0,1.0,1.0,13.0,40.0,1.0,24.0,1.0,5308.0,16
41.0,3.0,8.0,21.0,13.0,1.0,4.0,14.0,2.0,1.0,0.0,1.0,4.0,15.0,13.0,45.0,0.0,33.0,8.0,9.0,1.0,12.0,1.0,0.0,1.0,8.0,1.0,8.0,0.0,2.0,0.0,1.0,40.0,2.0,36.0,5.0,14.0,49.0,1.0,0.0,2.0,8.0,1.0,0.0,0.0,15.0,40.0,1.0,91.0,1.0,5308.0,16
41.0,3.0,126.0,21.0,8.0,1.0,4.0,9.0,10.0,1.0,1.0,1.0,4.0,15.0,10.0,45.0,15.0,33.0,20.0,9.0,9.0,9.0,1.0,0.0,1.0,8.0,0.0,124.0,0.0,9.0,0.0,1.0,50.0,2.0,36.0,5.0,14.0,51.0,1.0,0.0,16.0,48.0,1.0,1.0,1.0,10.0,40.0,1.0,131.0,1.0,5308.0,16
41.0,1.0,92.0,1.0,13.0,1.0,4.0,14.0,11.0,1.0,0.0,1.0,1.0,1.0,13.0,45.0,3.0,33.0,28.0,9.0,5.0,12.0,1.0,0.0,1.0,8.0,1.0,92.0,1.0,5.0,1.0,1.0,40.0,2.0,36.0,5.0,14.0,49.0,0.0,0.0,5.0,112.0,1.0,1.0,1.0,1.0,40.0,1.0,134.0,1.0,5308.0,16
41.0,3.0,171.0,8.0,13.0,1.0,4.0,14.0,11.0,1.0,1.0,1.0,2.0,15.0,13.0,45.0,16.0,16.0,20.0,9.0,3.0,12.0,1.0,4.0,1.0,8.0,1.0,167.0,1.0,10.0,1.0,1.0,40.0,1.0,22.0,5.0,14.0,49.0,0.0,1.0,26.0,112.0,0.0,1.0,1.0,14.0,40.0,1.0,134.0,1.0,5308.0,16
34.0,1.0,97.0,3.0,13.0,1.0,4.0,14.0,11.0,1.0,1.0,1.0,1.0,15.0,13.0,45.0,10.0,33.0,20.0,9.0,1.0,12.0,0.0,4.0,1.0,8.0,1.0,167.0,1.0,3.0,1.0,1.0,34.0,2.0,36.0,2.0,14.0,49.0,0.0,1.0,12.0,112.0,1.0,1.0,1.0,14.0,40.0,0.0,134.0,1.0,5308.0,16
34.0,3.0,0.0,21.0,13.0,1.0,4.0,14.0,11.0,1.0,1.0,1.0,4.0,15.0,13.0,45.0,9.0,33.0,20.0,9.0,0.0,12.0,0.0,3.0,1.0,8.0,1.0,0.0,1.0,0.0,1.0,1.0,34.0,2.0,36.0,0.0,14.0,49.0,1.0,0.0,1.0,112.0,1.0,1.0,1.0,32.0,40.0,1.0,134.0,1.0,5308.0,16
41.0,4.0,99.0,12.0,13.0,1.0,4.0,14.0,11.0,1.0,1.0,1.0,3.0,15.0,13.0,45.0,4.0,33.0,20.0,9.0,1.0,12.0,1.0,1.0,1.0,0.0,1.0,97.0,1.0,10.0,1.0,1.0,35.0,0.0,36.0,5.0,14.0,49.0,0.0,0.0,14.0,112.0,1.0,1.0,1.0,6.0,40.0,1.0,134.0,1.0,5308.0,16
46.0,3.0,168.0,4.0,13.0,0.0,2.0,14.0,11.0,1.0,0.0,1.0,2.0,15.0,13.0,45.0,5.0,33.0,60.0,9.0,3.0,12.0,1.0,0.0,1.0,8.0,1.0,166.0,1.0,7.0,1.0,1.0,44.0,2.0,36.0,4.0,14.0,49.0,0.0,0.0,21.0,112.0,1.0,1.0,1.0,19.0,44.0,1.0,134.0,1.0,5308.0,16
41.0,3.0,61.0,21.0,21.0,1.0,4.0,14.0,4.0,1.0,0.0,1.0,4.0,15.0,23.0,45.0,6.0,33.0,20.0,9.0,4.0,12.0,1.0,0.0,1.0,8.0,0.0,61.0,0.0,6.0,1.0,1.0,46.0,2.0,36.0,5.0,14.0,49.0,1.0,0.0,3.0,112.0,1.0,0.0,1.0,23.0,46.0,1.0,0.0,1.0,5308.0,16
41.0,3.0,50.0,21.0,36.0,1.0,4.0,37.0,8.0,1.0,0.0,1.0,4.0,38.0,13.0,45.0,0.0,33.0,8.0,9.0,1.0,12.0,1.0,0.0,1.0,8.0,1.0,50.0,0.0,2.0,0.0,1.0,40.0,2.0,36.0,5.0,37.0,49.0,1.0,0.0,2.0,66.0,1.0,1.0,0.0,38.0,40.0,1.0,18.0,1.0,5308.0,16
41.0,3.0,144.0,21.0,11.0,1.0,4.0,12.0,0.0,1.0,1.0,1.0,4.0,15.0,13.0,45.0,15.0,33.0,20.0,9.0,9.0,12.0,1.0,0.0,1.0,8.0,0.0,142.0,0.0,9.0,0.0,1.0,48.0,2.0,36.0,5.0,14.0,49.0,1.0,0.0,16.0,82.0,1.0,1.0,1.0,13.0,40.0,1.0,34.0,1.0,5308.0,16
41.0,3.0,9.0,21.0,13.0,1.0,4.0,14.0,2.0,1.0,0.0,1.0,4.0,15.0,13.0,45.0,0.0,33.0,8.0,9.0,1.0,12.0,1.0,0.0,1.0,8.0,1.0,9.0,0.0,2.0,0.0,1.0,40.0,2.0,36.0,5.0,14.0,49.0,1.0,0.0,2.0,9.0,1.0,0.0,0.0,15.0,40.0,1.0,92.0,1.0,5308.0,16
41.0,3.0,121.0,21.0,8.0,1.0,4.0,9.0,10.0,1.0,1.0,1.0,4.0,15.0,10.0,45.0,15.0,33.0,20.0,9.0,9.0,9.0,1.0,0.0,1.0,8.0,0.0,119.0,0.0,9.0,0.0,1.0,48.0,2.0,36.0,5.0,14.0,49.0,1.0,0.0,16.0,43.0,1.0,1.0,1.0,10.0,40.0,1.0,126.0,1.0,5308.0,16
41.0,3.0,171.0,6.0,13.0,1.0,4.0,14.0,11.0,1.0,1.0,1.0,2.0,15.0,13.0,45.0,16.0,10.0,20.0,9.0,3.0,12.0,1.0,4.0,1.0,8.0,1.0,167.0,1.0,10.0,1.0,1.0,40.0,1.0,3.0,5.0,14.0,49.0,0.0,1.0,26.0,112.0,0.0,1.0,1.0,14.0,40.0,1.0,134.0,1.0,5308.0,16
34.0,1.0,97.0,3.0,13.0,1.0,4.0,14.0,11.0,1.0,1.0,1.0,1.0,15.0,13.0,45.0,10.0,33.0,20.0,9.0,1.0,12.0,0.0,4.0,1.0,8.0,1.0,167.0,1.0,3.0,1.0,1.0,34.0,2.0,36.0,2.0,14.0,49.0,0.0,1.0,12.0,112.0,1.0,1.0,1.0,14.0,40.0,0.0,134.0,1.0,5308.0,16
41.0,3.0,155.0,21.0,21.0,1.0,4.0,22.0,4.0,1.0,1.0,1.0,4.0,15.0,23.0,45.0,15.0,33.0,20.0,9.0,9.0,22.0,1.0,0.0,1.0,8.0,0.0,153.0,0.0,9.0,0.0,1.0,46.0,2.0,36.0,5.0,14.0,47.0,1.0,0.0,16.0,102.0,1.0,2.0,1.0,23.0,40.0,1.0,0.0,1.0,5308.0,16
41.0,1.0,92.0,1.0,13.0,1.0,4.0,14.0,11.0,1.0,0.0,1.0,1.0,1.0,13.0,45.0,3.0,33.0,28.0,9.0,5.0,12.0,1.0,0.0,1.0,8.0,1.0,92.0,1.0,5.0,1.0,1.0,40.0,2.0,36.0,5.0,14.0,49.0,0.0,0.0,5.0,112.0,1.0,1.0,1.0,1.0,40.0,1.0,134.0,1.0,5308.0,16
41.0,3.0,171.0,8.0,13.0,1.0,4.0,14.0,11.0,1.0,1.0,1.0,2.0,15.0,13.0,45.0,16.0,4.0,20.0,9.0,3.0,12.0,1.0,4.0,1.0,8.0,1.0,167.0,1.0,10.0,1.0,1.0,40.0,1.0,20.0,5.0,14.0,49.0,0.0,1.0,26.0,112.0,0.0,1.0,1.0,14.0,40.0,1.0,134.0,1.0,5308.0,16
34.0,1.0,97.0,3.0,13.0,1.0,4.0,14.0,11.0,1.0,1.0,1.0,1.0,15.0,13.0,45.0,10.0,33.0,20.0,9.0,1.0,12.0,0.0,4.0,1.0,8.0,1.0,167.0,1.0,3.0,1.0,1.0,34.0,2.0,36.0,2.0,14.0,49.0,0.0,1.0,12.0,112.0,1.0,1.0,1.0,14.0,40.0,0.0,134.0,1.0,5308.0,16
34.0,3.0,0.0,21.0,13.0,1.0,4.0,14.0,11.0,1.0,1.0,1.0,4.0,15.0,13.0,45.0,9.0,33.0,20.0,9.0,0.0,12.0,0.0,3.0,1.0,8.0,1.0,0.0,1.0,0.0,1.0,1.0,34.0,2.0,36.0,0.0,14.0,49.0,1.0,0.0,1.0,112.0,1.0,1.0,1.0,32.0,40.0,1.0,134.0,1.0,5308.0,16
41.0,4.0,99.0,12.0,13.0,1.0,4.0,14.0,11.0,1.0,1.0,1.0,3.0,15.0,13.0,45.0,4.0,33.0,20.0,9.0,1.0,12.0,1.0,1.0,1.0,0.0,1.0,97.0,1.0,10.0,1.0,1.0,35.0,0.0,36.0,5.0,14.0,49.0,0.0,0.0,14.0,112.0,1.0,1.0,1.0,6.0,40.0,1.0,134.0,1.0,5308.0,16
46.0,3.0,168.0,4.0,13.0,0.0,2.0,14.0,11.0,1.0,0.0,1.0,2.0,15.0,13.0,45.0,5.0,33.0,60.0,9.0,3.0,12.0,1.0,0.0,1.0,8.0,1.0,166.0,1.0,7.0,1.0,1.0,44.0,2.0,36.0,4.0,14.0,49.0,0.0,0.0,21.0,112.0,1.0,1.0,1.0,19.0,44.0,1.0,134.0,1.0,5308.0,16
41.0,3.0,61.0,21.0,21.0,1.0,4.0,14.0,4.0,1.0,0.0,1.0,4.0,15.0,23.0,45.0,6.0,33.0,20.0,9.0,4.0,12.0,1.0,0.0,1.0,8.0,0.0,61.0,0.0,6.0,1.0,1.0,46.0,2.0,36.0,5.0,14.0,49.0,1.0,0.0,3.0,112.0,1.0,0.0,1.0,23.0,46.0,1.0,0.0,1.0,5308.0,16
41.0,3.0,44.0,21.0,36.0,1.0,4.0,37.0,8.0,1.0,0.0,1.0,4.0,38.0,13.0,45.0,0.0,33.0,8.0,9.0,1.0,12.0,1.0,0.0,1.0,8.0,1.0,44.0,0.0,2.0,0.0,1.0,40.0,2.0,36.0,5.0,37.0,49.0,1.0,0.0,2.0,60.0,1.0,1.0,0.0,38.0,40.0,1.0,12.0,1.0,5308.0,16
41.0,3.0,138.0,21.0,11.0,1.0,4.0,12.0,0.0,1.0,1.0,1.0,4.0,15.0,13.0,45.0,15.0,33.0,20.0,9.0,9.0,12.0,1.0,0.0,1.0,8.0,0.0,136.0,0.0,9.0,0.0,1.0,48.0,2.0,36.0,5.0,14.0,49.0,1.0,0.0,16.0,76.0,1.0,1.0,1.0,13.0,40.0,1.0,28.0,1.0,5308.0,16
41.0,3.0,12.0,21.0,13.0,1.0,4.0,14.0,2.0,1.0,0.0,1.0,4.0,15.0,13.0,45.0,0.0,33.0,8.0,9.0,1.0,12.0,1.0,0.0,1.0,8.0,1.0,12.0,0.0,2.0,0.0,1.0,40.0,2.0,36.0,5.0,14.0,49.0,1.0,0.0,2.0,12.0,1.0,0.0,0.0,15.0,40.0,1.0,95.0,1.0,5308.0,16
41.0,3.0,120.0,21.0,8.0,1.0,4.0,9.0,10.0,1.0,1.0,1.0,4.0,15.0,10.0,45.0,15.0,33.0,20.0,9.0,9.0,9.0,1.0,0.0,1.0,8.0,0.0,118.0,0.0,9.0,0.0,1.0,48.0,2.0,36.0,5.0,14.0,49.0,1.0,0.0,16.0,42.0,1.0,1.0,1.0,10.0,40.0,1.0,125.0,1.0,5308.0,16
41.0,3.0,171.0,9.0,13.0,1.0,4.0,14.0,11.0,1.0,1.0,1.0,2.0,15.0,13.0,45.0,16.0,30.0,20.0,9.0,3.0,12.0,1.0,4.0,1.0,8.0,1.0,167.0,1.0,10.0,1.0,1.0,40.0,1.0,34.0,5.0,14.0,49.0,0.0,1.0,26.0,112.0,0.0,1.0,1.0,14.0,40.0,1.0,134.0,1.0,5308.0,16
34.0,1.0,97.0,3.0,13.0,1.0,4.0,14.0,11.0,1.0,1.0,1.0,1.0,15.0,13.0,45.0,10.0,33.0,20.0,9.0,1.0,12.0,0.0,4.0,1.0,8.0,1.0,167.0,1.0,3.0,1.0,1.0,34.0,2.0,36.0,2.0,14.0,49.0,0.0,1.0,12.0,112.0,1.0,1.0,1.0,14.0,40.0,0.0,134.0,1.0,5308.0,16
41.0,3.0,155.0,21.0,21.0,1.0,4.0,22.0,4.0,1.0,1.0,1.0,4.0,15.0,23.0,45.0,15.0,33.0,20.0,9.0,9.0,22.0,1.0,0.0,1.0,8.0,0.0,153.0,0.0,9.0,0.0,1.0,46.0,2.0,36.0,5.0,14.0,47.0,1.0,0.0,16.0,102.0,1.0,2.0,1.0,23.0,40.0,1.0,0.0,1.0,5308.0,16
41.0,1.0,92.0,1.0,13.0,1.0,4.0,14.0,11.0,1.0,0.0,1.0,1.0,1.0,13.0,45.0,3.0,33.0,28.0,9.0,5.0,12.0,1.0,0.0,1.0,8.0,1.0,92.0,1.0,5.0,1.0,1.0,40.0,2.0,36.0,5.0,14.0,49.0,0.0,0.0,5.0,112.0,1.0,1.0,1.0,1.0,40.0,1.0,134.0,1.0,5308.0,16
41.0,3.0,171.0,7.0,13.0,1.0,4.0,14.0,11.0,1.0,1.0,1.0,2.0,15.0,13.0,45.0,16.0,22.0,20.0,9.0,3.0,12.0,1.0,4.0,1.0,8.0,1.0,167.0,1.0,10.0,1.0,1.0,40.0,1.0,14.0,5.0,14.0,49.0,0.0,1.0,26.0,112.0,0.0,1.0,1.0,14.0,40.0,1.0,134.0,1.0,5308.0,16
34.0,1.0,97.0,3.0,13.0,1.0,4.0,14.0,11.0,1.0,1.0,1.0,1.0,15.0,13.0,45.0,10.0,33.0,20.0,9.0,1.0,12.0,0.0,4.0,1.0,8.0,1.0,167.0,1.0,3.0,1.0,1.0,34.0,2.0,36.0,2.0,14.0,49.0,0.0,1.0,12.0,112.0,1.0,1.0,1.0,14.0,40.0,0.0,134.0,1.0,5308.0,16
34.0,3.0,0.0,21.0,13.0,1.0,4.0,14.0,11.0,1.0,1.0,1.0,4.0,15.0,13.0,45.0,9.0,33.0,20.0,9.0,0.0,12.0,0.0,3.0,1.0,8.0,1.0,0.0,1.0,0.0,1.0,1.0,34.0,2.0,36.0,0.0,14.0,49.0,1.0,0.0,1.0,112.0,1.0,1.0,1.0,32.0,40.0,1.0,134.0,1.0,5308.0,16
41.0,4.0,99.0,12.0,13.0,1.0,4.0,14.0,11.0,1.0,1.0,1.0,3.0,15.0,13.0,45.0,4.0,33.0,20.0,9.0,1.0,12.0,1.0,1.0,1.0,0.0,1.0,97.0,1.0,10.0,1.0,1.0,35.0,0.0,36.0,5.0,14.0,49.0,0.0,0.0,14.0,112.0,1.0,1.0,1.0,6.0,40.0,1.0,134.0,1.0,5308.0,16
46.0,3.0,168.0,4.0,13.0,0.0,2.0,14.0,11.0,1.0,0.0,1.0,2.0,15.0,13.0,45.0,5.0,33.0,60.0,9.0,3.0,12.0,1.0,0.0,1.0,8.0,1.0,166.0,1.0,7.0,1.0,1.0,44.0,2.0,36.0,4.0,14.0,49.0,0.0,0.0,21.0,112.0,1.0,1.0,1.0,19.0,44.0,1.0,134.0,1.0,5308.0,16
41.0,3.0,61.0,21.0,21.0,1.0,4.0,14.0,4.0,1.0,0.0,1.0,4.0,15.0,23.0,45.0,6.0,33.0,20.0,9.0,4.0,12.0,1.0,0.0,1.0,8.0,0.0,61.0,0.0,6.0,1.0,1.0,46.0,2.0,36.0,5.0,14.0,49.0,1.0,0.0,3.0,112.0,1.0,0.0,1.0,23.0,46.0,1.0,0.0,1.0,5308.0,16
41.0,3.0,48.0,21.0,36.0,1.0,4.0,37.0,8.0,1.0,0.0,1.0,4.0,38.0,13.0,45.0,0.0,33.0,8.0,9.0,1.0,12.0,1.0,0.0,1.0,8.0,1.0,48.0,0.0,2.0,0.0,1.0,40.0,2.0,36.0,5.0,37.0,49.0,1.0,0.0,2.0,64.0,1.0,1.0,0.0,38.0,40.0,1.0,16.0,1.0,5308.0,16
41.0,3.0,143.0,21.0,11.0,1.0,4.0,12.0,0.0,1.0,1.0,1.0,4.0,15.0,13.0,45.0,15.0,33.0,20.0,9.0,9.0,12.0,1.0,0.0,1.0,8.0,0.0,141.0,0.0,9.0,0.0,1.0,48.0,2.0,36.0,5.0,14.0,49.0,1.0,0.0,16.0,81.0,1.0,1.0,1.0,13.0,40.0,1.0,33.0,1.0,5308.0,16
41.0,3.0,32.0,21.0,13.0,1.0,4.0,14.0,2.0,1.0,0.0,1.0,4.0,15.0,13.0,45.0,0.0,33.0,8.0,9.0,1.0,12.0,1.0,0.0,1.0,8.0,1.0,32.0,0.0,2.0,0.0,1.0,40.0,2.0,36.0,5.0,14.0,49.0,1.0,0.0,2.0,32.0,1.0,0.0,0.0,15.0,40.0,1.0,115.0,1.0,5308.0,16
41.0,3.0,124.0,21.0,8.0,1.0,4.0,9.0,10.0,1.0,1.0,1.0,4.0,15.0,10.0,45.0,15.0,33.0,20.0,9.0,9.0,9.0,1.0,0.0,1.0,8.0,0.0,122.0,0.0,9.0,0.0,1.0,48.0,2.0,36.0,5.0,14.0,49.0,1.0,0.0,16.0,46.0,1.0,1.0,1.0,10.0,40.0,1.0,129.0,1.0,5308.0,16
41.0,1.0,92.0,1.0,13.0,1.0,4.0,14.0,11.0,1.0,0.0,1.0,1.0,1.0,13.0,45.0,3.0,33.0,28.0,9.0,5.0,12.0,1.0,0.0,1.0,8.0,1.0,92.0,1.0,5.0,1.0,1.0,40.0,2.0,36.0,5.0,14.0,49.0,0.0,0.0,5.0,112.0,1.0,1.0,1.0,1.0,40.0,1.0,134.0,1.0,5308.0,16
41.0,3.0,169.0,21.0,13.0,1.0,4.0,14.0,11.0,1.0,1.0,1.0,4.0,15.0,13.0,45.0,16.0,33.0,20.0,9.0,3.0,12.0,1.0,4.0,1.0,8.0,1.0,167.0,1.0,10.0,1.0,1.0,34.0,2.0,36.0,5.0,14.0,49.0,1.0,1.0,24.0,112.0,1.0,1.0,1.0,14.0,40.0,1.0,134.0,1.0,5308.0,0
41.0,3.0,171.0,9.0,13.0,1.0,4.0,14.0,11.0,1.0,1.0,1.0,2.0,15.0,13.0,45.0,16.0,19.0,20.0,9.0,3.0,12.0,1.0,4.0,1.0,8.0,1.0,167.0,1.0,10.0,1.0,1.0,40.0,1.0,29.0,5.0,14.0,49.0,0.0,1.0,26.0,112.0,0.0,1.0,1.0,14.0,40.0,1.0,134.0,1.0,5308.0,0
34.0,1.0,97.0,3.0,13.0,1.0,4.0,14.0,11.0,1.0,1.0,1.0,1.0,15.0,13.0,45.0,10.0,33.0,20.0,9.0,1.0,12.0,0.0,4.0,1.0,8.0,1.0,167.0,1.0,3.0,1.0,1.0,34.0,2.0,36.0,2.0,14.0,49.0,0.0,1.0,12.0,112.0,1.0,1.0,1.0,14.0,40.0,0.0,134.0,1.0,5308.0,0
34.0,3.0,0.0,21.0,13.0,1.0,4.0,14.0,11.0,1.0,1.0,1.0,4.0,15.0,13.0,45.0,9.0,33.0,20.0,9.0,0.0,12.0,0.0,3.0,1.0,8.0,1.0,0.0,1.0,0.0,1.0,1.0,34.0,2.0,36.0,0.0,14.0,49.0,1.0,0.0,1.0,112.0,1.0,1.0,1.0,32.0,40.0,1.0,134.0,1.0,5308.0,0
41.0,4.0,99.0,12.0,13.0,1.0,4.0,14.0,11.0,1.0,1.0,1.0,3.0,15.0,13.0,45.0,4.0,33.0,20.0,9.0,1.0,12.0,1.0,1.0,1.0,0.0,1.0,97.0,1.0,10.0,1.0,1.0,35.0,0.0,36.0,5.0,14.0,49.0,0.0,0.0,14.0,112.0,1.0,1.0,1.0,6.0,40.0,1.0,134.0,1.0,5308.0,0
46.0,3.0,168.0,4.0,13.0,0.0,2.0,14.0,11.0,1.0,0.0,1.0,2.0,15.0,13.0,45.0,5.0,33.0,60.0,9.0,3.0,12.0,1.0,0.0,1.0,8.0,1.0,166.0,1.0,7.0,1.0,1.0,44.0,2.0,36.0,4.0,14.0,49.0,0.0,0.0,21.0,112.0,1.0,1.0,1.0,19.0,44.0,1.0,134.0,1.0,5308.0,0
41.0,3.0,61.0,21.0,21.0,1.0,4.0,14.0,4.0,1.0,0.0,1.0,4.0,15.0,23.0,45.0,6.0,33.0,20.0,9.0,4.0,12.0,1.0,0.0,1.0,8.0,0.0,61.0,0.0,6.0,1.0,1.0,46.0,2.0,36.0,5.0,14.0,49.0,1.0,0.0,3.0,112.0,1.0,0.0,1.0,23.0,46.0,1.0,0.0,1.0,5308.0,0
41.0,3.0,43.0,21.0,36.0,1.0,4.0,37.0,8.0,1.0,0.0,1.0,4.0,38.0,13.0,45.0,0.0,33.0,8.0,9.0,1.0,12.0,1.0,0.0,1.0,8.0,1.0,43.0,0.0,2.0,0.0,1.0,40.0,2.0,36.0,5.0,37.0,49.0,1.0,0.0,2.0,59.0,1.0,1.0,0.0,38.0,40.0,1.0,11.0,1.0,5308.0,0
41.0,3.0,141.0,21.0,11.0,1.0,4.0,12.0,0.0,1.0,1.0,1.0,4.0,15.0,13.0,45.0,15.0,33.0,20.0,9.0,9.0,12.0,1.0,0.0,1.0,8.0,0.0,139.0,0.0,9.0,0.0,1.0,48.0,2.0,36.0,5.0,14.0,49.0,1.0,0.0,16.0,79.0,1.0,1.0,1.0,13.0,40.0,1.0,31.0,1.0,5308.0,0
41.0,3.0,10.0,21.0,13.0,1.0,4.0,14.0,2.0,1.0,0.0,1.0,4.0,15.0,13.0,45.0,0.0,33.0,8.0,9.0,1.0,12.0,1.0,0.0,1.0,8.0,1.0,10.0,0.0,2.0,0.0,1.0,40.0,2.0,36.0,5.0,14.0,49.0,1.0,0.0,2.0,10.0,1.0,0.0,0.0,15.0,40.0,1.0,93.0,1.0,5308.0,0
41.0,3.0,114.0,21.0,8.0,1.0,4.0,9.0,10.0,1.0,1.0,1.0,4.0,15.0,10.0,45.0,15.0,33.0,20.0,9.0,9.0,9.0,1.0,0.0,1.0,8.0,0.0,112.0,0.0,9.0,0.0,1.0,48.0,2.0,36.0,5.0,14.0,49.0,1.0,0.0,16.0,36.0,1.0,1.0,1.0,10.0,40.0,1.0,119.0,1.0,5308.0,0
41.0,0.0,93.0,0.0,13.0,0.0,1.0,14.0,11.0,0.0,0.0,1.0,0.0,2.0,13.0,41.0,7.0,33.0,30.0,9.0,6.0,12.0,1.0,0.0,1.0,8.0,1.0,93.0,1.0,2.0,1.0,1.0,40.0,2.0,36.0,5.0,14.0,49.0,0.0,0.0,7.0,112.0,1.0,1.0,1.0,2.0,40.0,1.0,134.0,0.0,5308.0,0
41.0,3.0,92.0,21.0,13.0,1.0,4.0,14.0,11.0,1.0,0.0,0.0,4.0,15.0,1.0,45.0,8.0,33.0,28.0,9.0,5.0,12.0,1.0,2.0,1.0,8.0,0.0,92.0,1.0,9.0,1.0,1.0,50.0,2.0,36.0,5.0,14.0,49.0,1.0,0.0,5.0,112.0,1.0,1.0,1.0,1.0,50.0,1.0,134.0,1.0,5308.0,0
45.0,3.0,94.0,21.0,13.0,1.0,4.0,14.0,11.0,1.0,0.0,1.0,4.0,2.0,13.0,45.0,11.0,33.0,38.0,9.0,7.0,12.0,1.0,0.0,1.0,8.0,1.0,94.0,1.0,2.0,1.0,0.0,44.0,2.0,36.0,0.0,14.0,49.0,1.0,0.0,9.0,112.0,1.0,1.0,1.0,2.0,44.0,1.0,134.0,1.0,5308.0,0
49.0,3.0,95.0,21.0,13.0,1.0,4.0,14.0,11.0,1.0,0.0,1.0,4.0,15.0,14.0,45.0,12.0,33.0,38.0,9.0,7.0,12.0,1.0,0.0,0.0,8.0,0.0,95.0,1.0,0.0,1.0,1.0,48.0,2.0,36.0,1.0,14.0,49.0,1.0,0.0,9.0,112.0,1.0,1.0,1.0,14.0,48.0,1.0,134.0,1.0,5308.0,0
43.0,4.0,90.0,17.0,13.0,0.0,3.0,14.0,11.0,1.0,0.0,1.0,3.0,106.0,13.0,42.0,2.0,33.0,20.0,7.0,4.0,12.0,1.0,0.0,1.0,8.0,1.0,90.0,1.0,1.0,1.0,1.0,40.0,2.0,36.0,3.0,14.0,49.0,0.0,0.0,3.0,112.0,1.0,1.0,1.0,106.0,40.0,1.0,134.0,1.0,5308.0,0
41.0,3.0,152.0,21.0,13.0,1.0,4.0,14.0,2.0,1.0,1.0,1.0,4.0,15.0,15.0,45.0,15.0,33.0,20.0,9.0,9.0,14.0,1.0,0.0,1.0,8.0,0.0,150.0,0.0,9.0,0.0,1.0,61.0,2.0,36.0,5.0,14.0,62.0,1.0,0.0,16.0,99.0,1.0,1.0,1.0,15.0,40.0,1.0,79.0,1.0,5308.0,0
41.0,3.0,52.0,21.0,51.0,1.0,4.0,52.0,9.0,1.0,0.0,1.0,4.0,53.0,13.0,45.0,0.0,33.0,8.0,9.0,1.0,12.0,1.0,0.0,1.0,8.0,1.0,52.0,0.0,2.0,0.0,1.0,40.0,2.0,36.0,5.0,52.0,49.0,1.0,0.0,2.0,85.0,1.0,1.0,0.0,53.0,40.0,1.0,76.0,1.0,5308.0,0
41.0,1.0,92.0,1.0,13.0,1.0,4.0,14.0,11.0,1.0,0.0,1.0,1.0,1.0,13.0,45.0,3.0,33.0,28.0,9.0,5.0,12.0,1.0,0.0,1.0,8.0,1.0,92.0,1.0,5.0,1.0,1.0,40.0,2.0,36.0,5.0,14.0,49.0,0.0,0.0,5.0,112.0,1.0,1.0,1.0,1.0,40.0,1.0,134.0,1.0,5308.0,0
41.0,3.0,100.0,13.0,13.0,1.0,4.0,14.0,11.0,1.0,1.0,1.0,2.0,15.0,13.0,45.0,4.0,33.0,20.0,9.0,1.0,12.0,1.0,1.0,1.0,0.0,1.0,98.0,1.0,10.0,1.0,1.0,35.0,0.0,36.0,5.0,14.0,49.0,0.0,0.0,14.0,112.0,1.0,1.0,1.0,6.0,40.0,1.0,134.0,1.0,5308.0,0
46.0,3.0,168.0,4.0,13.0,0.0,2.0,14.0,11.0,1.0,0.0,1.0,2.0,15.0,13.0,45.0,5.0,33.0,60.0,9.0,3.0,12.0,1.0,0.0,1.0,8.0,1.0,166.0,1.0,7.0,1.0,1.0,44.0,2.0,36.0,4.0,14.0,49.0,0.0,0.0,21.0,112.0,1.0,1.0,1.0,19.0,44.0,1.0,134.0,1.0,5308.0,0
41.0,3.0,62.0,21.0,21.0,1.0,4.0,14.0,4.0,1.0,0.0,1.0,4.0,15.0,23.0,45.0,6.0,33.0,20.0,9.0,4.0,12.0,1.0,0.0,1.0,8.0,0.0,62.0,0.0,6.0,1.0,1.0,46.0,2.0,36.0,5.0,14.0,49.0,1.0,0.0,3.0,112.0,1.0,0.0,1.0,23.0,46.0,1.0,55.0,1.0,5308.0,0
41.0,3.0,171.0,7.0,13.0,1.0,4.0,14.0,11.0,1.0,1.0,1.0,2.0,15.0,13.0,45.0,16.0,27.0,20.0,9.0,3.0,12.0,1.0,4.0,1.0,8.0,1.0,167.0,1.0,10.0,1.0,1.0,40.0,1.0,16.0,5.0,14.0,49.0,0.0,1.0,26.0,112.0,0.0,1.0,1.0,14.0,40.0,1.0,134.0,1.0,5308.0,0
34.0,1.0,97.0,3.0,13.0,1.0,4.0,14.0,11.0,1.0,1.0,1.0,1.0,15.0,13.0,45.0,10.0,33.0,20.0,9.0,1.0,12.0,0.0,4.0,1.0,8.0,1.0,167.0,1.0,3.0,1.0,1.0,34.0,2.0,36.0,2.0,14.0,49.0,0.0,1.0,12.0,112.0,1.0,1.0,1.0,14.0,40.0,0.0,134.0,1.0,5308.0,0
34.0,3.0,0.0,21.0,13.0,1.0,4.0,14.0,11.0,1.0,1.0,1.0,4.0,15.0,13.0,45.0,9.0,33.0,20.0,9.0,0.0,12.0,0.0,3.0,1.0,8.0,1.0,0.0,1.0,0.0,1.0,1.0,34.0,2.0,36.0,0.0,14.0,49.0,1.0,0.0,1.0,112.0,1.0,1.0,1.0,32.0,40.0,1.0,134.0,1.0,5308.0,0
41.0,4.0,167.0,16.0,13.0,1.0,4.0,14.0,11.0,1.0,1.0,1.0,3.0,15.0,13.0,45.0,4.0,33.0,20.0,9.0,1.0,12.0,1.0,1.0,1.0,7.0,1.0,165.0,1.0,10.0,1.0,1.0,35.0,0.0,36.0,5.0,14.0,49.0,0.0,0.0,20.0,112.0,1.0,1.0,1.0,6.0,40.0,1.0,134.0,1.0,5308.0,0
46.0,3.0,168.0,4.0,13.0,0.0,2.0,14.0,11.0,1.0,0.0,1.0,2.0,15.0,13.0,45.0,5.0,33.0,60.0,9.0,3.0,12.0,1.0,0.0,1.0,8.0,1.0,166.0,1.0,7.0,1.0,1.0,44.0,2.0,36.0,4.0,14.0,49.0,0.0,0.0,21.0,112.0,1.0,1.0,1.0,19.0,44.0,1.0,134.0,1.0,5308.0,0
41.0,3.0,61.0,21.0,21.0,1.0,4.0,14.0,4.0,1.0,0.0,1.0,4.0,15.0,23.0,45.0,6.0,33.0,20.0,9.0,4.0,12.0,1.0,0.0,1.0,8.0,0.0,61.0,0.0,6.0,1.0,1.0,46.0,2.0,36.0,5.0,14.0,49.0,1.0,0.0,3.0,112.0,1.0,0.0,1.0,23.0,46.0,1.0,0.0,1.0,5308.0,0
41.0,3.0,41.0,21.0,36.0,1.0,4.0,37.0,8.0,1.0,0.0,1.0,4.0,38.0,13.0,45.0,0.0,33.0,8.0,9.0,1.0,12.0,1.0,0.0,1.0,8.0,1.0,41.0,0.0,2.0,0.0,1.0,40.0,2.0,36.0,5.0,37.0,49.0,1.0,0.0,2.0,57.0,1.0,1.0,0.0,38.0,40.0,1.0,9.0,1.0,5308.0,0
41.0,3.0,132.0,21.0,11.0,1.0,4.0,12.0,0.0,1.0,1.0,1.0,4.0,15.0,13.0,45.0,15.0,33.0,20.0,9.0,9.0,12.0,1.0,0.0,1.0,8.0,0.0,130.0,0.0,9.0,0.0,1.0,48.0,2.0,36.0,5.0,14.0,49.0,1.0,0.0,16.0,70.0,1.0,1.0,1.0,13.0,40.0,1.0,22.0,1.0,5308.0,0
41.0,3.0,16.0,21.0,13.0,1.0,4.0,14.0,2.0,1.0,0.0,1.0,4.0,15.0,13.0,45.0,0.0,33.0,8.0,9.0,1.0,12.0,1.0,0.0,1.0,8.0,1.0,16.0,0.0,2.0,0.0,1.0,40.0,2.0,36.0,5.0,14.0,49.0,1.0,0.0,2.0,16.0,1.0,0.0,0.0,15.0,40.0,1.0,99.0,1.0,5308.0,0
41.0,3.0,117.0,21.0,8.0,1.0,4.0,9.0,10.0,1.0,1.0,1.0,4.0,15.0,10.0,45.0,15.0,33.0,20.0,9.0,9.0,9.0,1.0,0.0,1.0,8.0,0.0,115.0,0.0,9.0,0.0,1.0,48.0,2.0,36.0,5.0,14.0,49.0,1.0,0.0,16.0,39.0,1.0,1.0,1.0,10.0,40.0,1.0,122.0,1.0,5308.0,0
41.0,0.0,93.0,0.0,13.0,0.0,1.0,14.0,11.0,0.0,0.0,1.0,0.0,2.0,13.0,41.0,7.0,33.0,30.0,9.0,6.0,12.0,1.0,0.0,1.0,8.0,1.0,93.0,1.0,2.0,1.0,1.0,40.0,2.0,36.0,5.0,14.0,49.0,0.0,0.0,7.0,112.0,1.0,1.0,1.0,2.0,40.0,1.0,134.0,0.0,5308.0,0
41.0,3.0,92.0,21.0,13.0,1.0,4.0,14.0,11.0,1.0,0.0,0.0,4.0,15.0,1.0,45.0,8.0,33.0,28.0,9.0,5.0,12.0,1.0,2.0,1.0,8.0,0.0,92.0,1.0,9.0,1.0,1.0,50.0,2.0,36.0,5.0,14.0,49.0,1.0,0.0,5.0,112.0,1.0,1.0,1.0,1.0,50.0,1.0,134.0,1.0,5308.0,0
45.0,3.0,94.0,21.0,13.0,1.0,4.0,14.0,11.0,1.0,0.0,1.0,4.0,2.0,13.0,45.0,11.0,33.0,38.0,9.0,7.0,12.0,1.0,0.0,1.0,8.0,1.0,94.0,1.0,2.0,1.0,0.0,44.0,2.0,36.0,0.0,14.0,49.0,1.0,0.0,9.0,112.0,1.0,1.0,1.0,2.0,44.0,1.0,134.0,1.0,5308.0,0
49.0,3.0,95.0,21.0,13.0,1.0,4.0,14.0,11.0,1.0,0.0,1.0,4.0,15.0,14.0,45.0,12.0,33.0,38.0,9.0,7.0,12.0,1.0,0.0,0.0,8.0,0.0,95.0,1.0,0.0,1.0,1.0,48.0,2.0,36.0,1.0,14.0,49.0,1.0,0.0,9.0,112.0,1.0,1.0,1.0,14.0,48.0,1.0,134.0,1.0,5308.0,0
43.0,4.0,91.0,17.0,13.0,0.0,3.0,14.0,11.0,1.0,0.0,1.0,3.0,106.0,13.0,42.0,2.0,33.0,20.0,8.0,4.0,12.0,1.0,0.0,1.0,8.0,1.0,91.0,1.0,1.0,1.0,1.0,40.0,2.0,36.0,3.0,14.0,49.0,0.0,0.0,3.0,112.0,1.0,1.0,1.0,106.0,40.0,1.0,134.0,1.0,5308.0,0
41.0,3.0,147.0,21.0,13.0,1.0,4.0,14.0,2.0,1.0,1.0,1.0,4.0,15.0,15.0,45.0,15.0,33.0,20.0,9.0,9.0,14.0,1.0,0.0,1.0,8.0,0.0,145.0,0.0,9.0,0.0,1.0,61.0,2.0,36.0,5.0,14.0,62.0,1.0,0.0,16.0,94.0,1.0,1.0,1.0,15.0,40.0,1.0,70.0,1.0,5308.0,0
41.0,3.0,57.0,21.0,51.0,1.0,4.0,52.0,9.0,1.0,0.0,1.0,4.0,53.0,13.0,45.0,0.0,33.0,8.0,9.0,1.0,12.0,1.0,0.0,1.0,8.0,1.0,57.0,0.0,2.0,0.0,1.0,40.0,2.0,36.0,5.0,52.0,49.0,1.0,0.0,2.0,90.0,1.0,1.0,0.0,53.0,40.0,1.0,83.0,1.0,5308.0,0
41.0,1.0,92.0,1.0,13.0,1.0,4.0,14.0,11.0,1.0,0.0,1.0,1.0,1.0,13.0,45.0,3.0,33.0,28.0,9.0,5.0,12.0,1.0,0.0,1.0,8.0,1.0,92.0,1.0,5.0,1.0,1.0,40.0,2.0,36.0,5.0,14.0,49.0,0.0,0.0,5.0,112.0,1.0,1.0,1.0,1.0,40.0,1.0,134.0,1.0,5308.0,0
41.0,4.0,102.0,18.0,13.0,1.0,4.0,14.0,11.0,1.0,1.0,1.0,3.0,15.0,13.0,45.0,4.0,33.0,20.0,9.0,1.0,12.0,1.0,1.0,1.0,2.0,1.0,100.0,1.0,10.0,1.0,1.0,35.0,0.0,36.0,5.0,14.0,49.0,0.0,0.0,14.0,112.0,1.0,1.0,1.0,6.0,40.0,1.0,134.0,1.0,5308.0,0
46.0,3.0,168.0,4.0,13.0,0.0,2.0,14.0,11.0,1.0,0.0,1.0,2.0,15.0,13.0,45.0,5.0,33.0,60.0,9.0,3.0,12.0,1.0,0.0,1.0,8.0,1.0,166.0,1.0,7.0,1.0,1.0,44.0,2.0,36.0,4.0,14.0,49.0,0.0,0.0,21.0,112.0,1.0,1.0,1.0,19.0,44.0,1.0,134.0,1.0,5308.0,18
41.0,3.0,69.0,21.0,28.0,1.0,4.0,14.0,5.0,1.0,0.0,1.0,4.0,15.0,30.0,45.0,6.0,33.0,20.0,9.0,4.0,12.0,1.0,0.0,1.0,8.0,0.0,69.0,0.0,6.0,1.0,1.0,46.0,2.0,36.0,5.0,14.0,49.0,1.0,0.0,3.0,112.0,1.0,0.0,1.0,30.0,46.0,1.0,65.0,1.0,5308.0,18
41.0,3.0,1.0,21.0,2.0,1.0,4.0,3.0,3.0,1.0,0.0,1.0,4.0,4.0,13.0,45.0,0.0,33.0,8.0,9.0,1.0,12.0,1.0,0.0,1.0,8.0,1.0,1.0,0.0,2.0,0.0,1.0,40.0,2.0,36.0,5.0,3.0,49.0,1.0,0.0,2.0,0.0,1.0,0.0,0.0,4.0,40.0,1.0,35.0,1.0,5308.0,18
41.0,3.0,1.0,21.0,2.0,1.0,4.0,3.0,3.0,1.0,0.0,1.0,4.0,4.0,13.0,45.0,0.0,33.0,8.0,9.0,1.0,12.0,1.0,0.0,1.0,8.0,1.0,1.0,0.0,2.0,0.0,1.0,40.0,2.0,36.0,5.0,3.0,49.0,1.0,0.0,2.0,0.0,1.0,0.0,0.0,4.0,40.0,1.0,35.0,1.0,5308.0,18
41.0,3.0,1.0,21.0,2.0,1.0,4.0,3.0,3.0,1.0,0.0,1.0,4.0,4.0,13.0,45.0,0.0,33.0,8.0,9.0,1.0,12.0,1.0,0.0,1.0,8.0,1.0,1.0,0.0,2.0,0.0,1.0,40.0,2.0,36.0,5.0,3.0,49.0,1.0,0.0,2.0,0.0,1.0,0.0,0.0,4.0,40.0,1.0,35.0,1.0,5308.0,18
41.0,3.0,1.0,21.0,2.0,1.0,4.0,3.0,3.0,1.0,0.0,1.0,4.0,4.0,13.0,45.0,0.0,33.0,8.0,9.0,1.0,12.0,1.0,0.0,1.0,8.0,1.0,1.0,0.0,2.0,0.0,1.0,40.0,2.0,36.0,5.0,3.0,49.0,1.0,0.0,2.0,0.0,1.0,0.0,0.0,4.0,40.0,1.0,35.0,1.0,5308.0,18
41.0,3.0,171.0,9.0,13.0,1.0,4.0,14.0,11.0,1.0,1.0,1.0,2.0,15.0,13.0,45.0,16.0,26.0,20.0,9.0,3.0,12.0,1.0,4.0,1.0,8.0,1.0,167.0,1.0,10.0,1.0,1.0,40.0,1.0,31.0,5.0,14.0,49.0,0.0,1.0,26.0,112.0,0.0,1.0,1.0,14.0,40.0,1.0,134.0,1.0,5308.0,18
34.0,1.0,97.0,3.0,13.0,1.0,4.0,14.0,11.0,1.0,1.0,1.0,1.0,15.0,13.0,45.0,10.0,33.0,20.0,9.0,1.0,12.0,0.0,4.0,1.0,8.0,1.0,167.0,1.0,3.0,1.0,1.0,34.0,2.0,36.0,2.0,14.0,49.0,0.0,1.0,12.0,112.0,1.0,1.0,1.0,14.0,40.0,0.0,134.0,1.0,5308.0,18
41.0,3.0,171.0,7.0,13.0,1.0,4.0,14.0,11.0,1.0,1.0,1.0,2.0,15.0,13.0,45.0,16.0,18.0,20.0,9.0,3.0,12.0,1.0,4.0,1.0,8.0,1.0,167.0,1.0,10.0,1.0,1.0,40.0,1.0,12.0,5.0,14.0,49.0,0.0,1.0,26.0,112.0,0.0,1.0,1.0,14.0,40.0,1.0,134.0,1.0,5308.0,18
34.0,1.0,97.0,3.0,13.0,1.0,4.0,14.0,11.0,1.0,1.0,1.0,1.0,15.0,13.0,45.0,10.0,33.0,20.0,9.0,1.0,12.0,0.0,4.0,1.0,8.0,1.0,167.0,1.0,3.0,1.0,1.0,34.0,2.0,36.0,2.0,14.0,49.0,0.0,1.0,12.0,112.0,1.0,1.0,1.0,14.0,40.0,0.0,134.0,1.0,5308.0,18
41.0,3.0,171.0,9.0,13.0,1.0,4.0,14.0,11.0,1.0,1.0,1.0,2.0,15.0,13.0,45.0,16.0,15.0,20.0,9.0,3.0,12.0,1.0,4.0,1.0,8.0,1.0,167.0,1.0,10.0,1.0,1.0,40.0,1.0,28.0,5.0,14.0,49.0,0.0,1.0,26.0,112.0,0.0,1.0,1.0,14.0,40.0,1.0,134.0,1.0,5308.0,18
34.0,1.0,97.0,3.0,13.0,1.0,4.0,14.0,11.0,1.0,1.0,1.0,1.0,15.0,13.0,45.0,10.0,33.0,20.0,9.0,1.0,12.0,0.0,4.0,1.0,8.0,1.0,167.0,1.0,3.0,1.0,1.0,34.0,2.0,36.0,2.0,14.0,49.0,0.0,1.0,12.0,112.0,1.0,1.0,1.0,14.0,40.0,0.0,134.0,1.0,5308.0,18
41.0,3.0,171.0,7.0,13.0,1.0,4.0,14.0,11.0,1.0,1.0,1.0,2.0,15.0,13.0,45.0,16.0,8.0,20.0,9.0,3.0,12.0,1.0,4.0,1.0,8.0,1.0,167.0,1.0,10.0,1.0,1.0,40.0,1.0,8.0,5.0,14.0,49.0,0.0,1.0,26.0,112.0,0.0,1.0,1.0,14.0,40.0,1.0,134.0,1.0,5308.0,18
34.0,1.0,97.0,3.0,13.0,1.0,4.0,14.0,11.0,1.0,1.0,1.0,1.0,15.0,13.0,45.0,10.0,33.0,20.0,9.0,1.0,12.0,0.0,4.0,1.0,8.0,1.0,167.0,1.0,3.0,1.0,1.0,34.0,2.0,36.0,2.0,14.0,49.0,0.0,1.0,12.0,112.0,1.0,1.0,1.0,14.0,40.0,0.0,134.0,1.0,5308.0,18
41.0,3.0,171.0,9.0,13.0,1.0,4.0,14.0,11.0,1.0,1.0,1.0,2.0,15.0,13.0,45.0,16.0,2.0,20.0,9.0,3.0,12.0,1.0,4.0,1.0,8.0,1.0,167.0,1.0,10.0,1.0,1.0,40.0,1.0,25.0,5.0,14.0,49.0,0.0,1.0,26.0,112.0,0.0,1.0,1.0,14.0,40.0,1.0,134.0,1.0,5308.0,18
34.0,1.0,97.0,3.0,13.0,1.0,4.0,14.0,11.0,1.0,1.0,1.0,1.0,15.0,13.0,45.0,10.0,33.0,20.0,9.0,1.0,12.0,0.0,4.0,1.0,8.0,1.0,167.0,1.0,3.0,1.0,1.0,34.0,2.0,36.0,2.0,14.0,49.0,0.0,1.0,12.0,112.0,1.0,1.0,1.0,14.0,40.0,0.0,134.0,1.0,5308.0,18
41.0,3.0,171.0,8.0,13.0,1.0,4.0,14.0,11.0,1.0,1.0,1.0,2.0,15.0,13.0,45.0,16.0,25.0,20.0,9.0,3.0,12.0,1.0,4.0,1.0,8.0,1.0,167.0,1.0,10.0,1.0,1.0,40.0,1.0,23.0,5.0,14.0,49.0,0.0,1.0,26.0,112.0,0.0,1.0,1.0,14.0,40.0,1.0,134.0,1.0,5308.0,18
34.0,1.0,97.0,3.0,13.0,1.0,4.0,14.0,11.0,1.0,1.0,1.0,1.0,15.0,13.0,45.0,10.0,33.0,20.0,9.0,1.0,12.0,0.0,4.0,1.0,8.0,1.0,167.0,1.0,3.0,1.0,1.0,34.0,2.0,36.0,2.0,14.0,49.0,0.0,1.0,12.0,112.0,1.0,1.0,1.0,14.0,40.0,0.0,134.0,1.0,5308.0,18
34.0,3.0,0.0,21.0,13.0,1.0,4.0,14.0,11.0,1.0,1.0,1.0,4.0,15.0,13.0,45.0,9.0,33.0,20.0,9.0,0.0,12.0,0.0,3.0,1.0,8.0,1.0,0.0,1.0,0.0,1.0,1.0,34.0,2.0,36.0,0.0,14.0,49.0,1.0,0.0,1.0,112.0,1.0,1.0,1.0,32.0,40.0,1.0,134.0,1.0,5308.0,18
41.0,4.0,102.0,18.0,13.0,1.0,4.0,14.0,11.0,1.0,1.0,1.0,3.0,15.0,13.0,45.0,4.0,33.0,20.0,9.0,1.0,12.0,1.0,1.0,1.0,2.0,1.0,100.0,1.0,10.0,1.0,1.0,35.0,0.0,36.0,5.0,14.0,49.0,0.0,0.0,14.0,112.0,1.0,1.0,1.0,6.0,40.0,1.0,134.0,1.0,5308.0,18
46.0,3.0,168.0,4.0,13.0,0.0,2.0,14.0,11.0,1.0,0.0,1.0,2.0,15.0,13.0,45.0,5.0,33.0,60.0,9.0,3.0,12.0,1.0,0.0,1.0,8.0,1.0,166.0,1.0,7.0,1.0,1.0,44.0,2.0,36.0,4.0,14.0,49.0,0.0,0.0,21.0,112.0,1.0,1.0,1.0,19.0,44.0,1.0,134.0,1.0,5308.0,0
41.0,0.0,81.0,21.0,21.0,1.0,4.0,14.0,4.0,1.0,0.0,1.0,0.0,15.0,24.0,45.0,6.0,33.0,20.0,9.0,4.0,12.0,1.0,0.0,1.0,8.0,0.0,81.0,0.0,6.0,1.0,1.0,46.0,2.0,36.0,5.0,14.0,49.0,0.0,0.0,3.0,112.0,1.0,10.0,1.0,24.0,46.0,1.0,0.0,1.0,5308.0,0
41.0,3.0,42.0,21.0,36.0,1.0,4.0,37.0,8.0,1.0,0.0,1.0,4.0,38.0,13.0,45.0,0.0,33.0,8.0,9.0,1.0,12.0,1.0,0.0,1.0,8.0,1.0,42.0,0.0,2.0,0.0,1.0,40.0,2.0,36.0,5.0,37.0,49.0,1.0,0.0,2.0,58.0,1.0,1.0,0.0,38.0,40.0,1.0,10.0,1.0,5308.0,0
41.0,3.0,133.0,21.0,11.0,1.0,4.0,12.0,0.0,1.0,1.0,1.0,4.0,15.0,13.0,45.0,15.0,33.0,20.0,9.0,9.0,12.0,1.0,0.0,1.0,8.0,0.0,131.0,0.0,9.0,0.0,1.0,48.0,2.0,36.0,5.0,14.0,49.0,1.0,0.0,16.0,71.0,1.0,1.0,1.0,13.0,40.0,1.0,23.0,1.0,5308.0,0
41.0,3.0,4.0,21.0,13.0,1.0,4.0,14.0,2.0,1.0,0.0,1.0,4.0,15.0,13.0,45.0,0.0,33.0,8.0,9.0,1.0,12.0,1.0,0.0,1.0,8.0,1.0,4.0,0.0,2.0,0.0,1.0,40.0,2.0,36.0,5.0,14.0,49.0,1.0,0.0,2.0,4.0,1.0,0.0,0.0,15.0,40.0,1.0,87.0,1.0,5308.0,0
41.0,3.0,119.0,21.0,8.0,1.0,4.0,9.0,10.0,1.0,1.0,1.0,4.0,15.0,10.0,45.0,15.0,33.0,20.0,9.0,9.0,9.0,1.0,0.0,1.0,8.0,0.0,117.0,0.0,9.0,0.0,1.0,48.0,2.0,36.0,5.0,14.0,49.0,1.0,0.0,16.0,41.0,1.0,1.0,1.0,10.0,40.0,1.0,124.0,1.0,5308.0,0
41.0,0.0,93.0,0.0,13.0,0.0,1.0,14.0,11.0,0.0,0.0,1.0,0.0,2.0,13.0,41.0,7.0,33.0,30.0,9.0,6.0,12.0,1.0,0.0,1.0,8.0,1.0,93.0,1.0,2.0,1.0,1.0,40.0,2.0,36.0,5.0,14.0,49.0,0.0,0.0,7.0,112.0,1.0,1.0,1.0,2.0,40.0,1.0,134.0,0.0,5308.0,0
41.0,3.0,92.0,21.0,13.0,1.0,4.0,14.0,11.0,1.0,0.0,0.0,4.0,15.0,1.0,45.0,8.0,33.0,28.0,9.0,5.0,12.0,1.0,2.0,1.0,8.0,0.0,92.0,1.0,9.0,1.0,1.0,50.0,2.0,36.0,5.0,14.0,49.0,1.0,0.0,5.0,112.0,1.0,1.0,1.0,1.0,50.0,1.0,134.0,1.0,5308.0,0
41.0,3.0,94.0,21.0,13.0,1.0,4.0,14.0,11.0,1.0,0.0,1.0,4.0,2.0,13.0,45.0,11.0,33.0,38.0,9.0,7.0,12.0,1.0,0.0,1.0,8.0,1.0,94.0,1.0,2.0,1.0,0.0,40.0,2.0,36.0,0.0,14.0,49.0,1.0,0.0,9.0,112.0,1.0,1.0,1.0,2.0,40.0,1.0,134.0,1.0,5308.0,0
49.0,3.0,95.0,21.0,13.0,1.0,4.0,14.0,11.0,1.0,0.0,1.0,4.0,15.0,14.0,45.0,12.0,33.0,38.0,9.0,7.0,12.0,1.0,0.0,0.0,8.0,0.0,95.0,1.0,0.0,1.0,1.0,48.0,2.0,36.0,1.0,14.0,49.0,1.0,0.0,9.0,112.0,1.0,1.0,1.0,14.0,48.0,1.0,134.0,1.0,5308.0,0
43.0,4.0,87.0,17.0,13.0,0.0,3.0,14.0,11.0,1.0,0.0,1.0,3.0,106.0,13.0,42.0,2.0,33.0,20.0,4.0,4.0,12.0,1.0,0.0,1.0,8.0,1.0,87.0,1.0,1.0,1.0,1.0,40.0,2.0,36.0,3.0,14.0,49.0,0.0,0.0,3.0,112.0,1.0,1.0,1.0,106.0,40.0,1.0,134.0,1.0,5308.0,0
41.0,3.0,149.0,21.0,13.0,1.0,4.0,14.0,2.0,1.0,1.0,1.0,4.0,15.0,15.0,45.0,15.0,33.0,20.0,9.0,9.0,14.0,1.0,0.0,1.0,8.0,0.0,147.0,0.0,9.0,0.0,1.0,61.0,2.0,36.0,5.0,14.0,62.0,1.0,0.0,16.0,96.0,1.0,1.0,1.0,15.0,40.0,1.0,72.0,1.0,5308.0,0
41.0,3.0,111.0,21.0,13.0,1.0,4.0,14.0,11.0,1.0,0.0,1.0,4.0,1.0,13.0,45.0,13.0,33.0,48.0,9.0,9.0,12.0,1.0,0.0,1.0,8.0,1.0,109.0,1.0,2.0,1.0,1.0,46.0,2.0,36.0,5.0,14.0,49.0,1.0,0.0,16.0,112.0,1.0,1.0,1.0,1.0,46.0,1.0,134.0,1.0,5308.0,0
56.0,0.0,165.0,2.0,13.0,0.0,0.0,14.0,11.0,0.0,0.0,1.0,0.0,15.0,13.0,49.0,14.0,33.0,58.0,9.0,11.0,12.0,1.0,0.0,1.0,8.0,0.0,163.0,1.0,4.0,1.0,1.0,48.0,2.0,36.0,3.0,14.0,49.0,0.0,0.0,18.0,112.0,1.0,1.0,1.0,13.0,48.0,1.0,134.0,1.0,9808.0,0
41.0,3.0,58.0,21.0,51.0,1.0,4.0,52.0,9.0,1.0,0.0,1.0,4.0,53.0,13.0,45.0,0.0,33.0,8.0,9.0,1.0,12.0,1.0,0.0,1.0,8.0,1.0,58.0,0.0,2.0,0.0,1.0,40.0,2.0,36.0,5.0,52.0,49.0,1.0,0.0,2.0,91.0,1.0,1.0,0.0,53.0,40.0,1.0,84.0,1.0,5308.0,0
41.0,1.0,92.0,1.0,13.0,1.0,4.0,14.0,11.0,1.0,0.0,1.0,1.0,1.0,13.0,45.0,3.0,33.0,28.0,9.0,5.0,12.0,1.0,0.0,1.0,8.0,1.0,92.0,1.0,5.0,1.0,1.0,40.0,2.0,36.0,5.0,14.0,49.0,0.0,0.0,5.0,112.0,1.0,1.0,1.0,1.0,40.0,1.0,134.0,1.0,5308.0,0
41.0,3.0,103.0,19.0,13.0,1.0,4.0,14.0,11.0,1.0,1.0,1.0,2.0,15.0,13.0,45.0,4.0,33.0,20.0,9.0,1.0,12.0,1.0,1.0,1.0,2.0,1.0,101.0,1.0,10.0,1.0,1.0,35.0,0.0,36.0,5.0,14.0,49.0,0.0,0.0,14.0,112.0,1.0,1.0,1.0,6.0,40.0,1.0,134.0,1.0,5308.0,0
46.0,3.0,168.0,4.0,13.0,0.0,2.0,14.0,11.0,1.0,0.0,1.0,2.0,15.0,13.0,45.0,5.0,33.0,60.0,9.0,3.0,12.0,1.0,0.0,1.0,8.0,1.0,166.0,1.0,7.0,1.0,1.0,44.0,2.0,36.0,4.0,14.0,49.0,0.0,0.0,21.0,112.0,1.0,1.0,1.0,19.0,44.0,1.0,134.0,1.0,5308.0,0
41.0,3.0,63.0,21.0,21.0,1.0,4.0,14.0,4.0,1.0,0.0,1.0,4.0,15.0,23.0,45.0,6.0,33.0,20.0,9.0,4.0,12.0,1.0,0.0,1.0,8.0,0.0,63.0,0.0,6.0,1.0,1.0,46.0,2.0,36.0,5.0,14.0,49.0,1.0,0.0,3.0,112.0,1.0,0.0,1.0,23.0,46.0,1.0,63.0,1.0,5308.0,0
41.0,3.0,171.0,6.0,13.0,1.0,4.0,14.0,11.0,1.0,1.0,1.0,2.0,15.0,13.0,45.0,16.0,0.0,20.0,9.0,3.0,12.0,1.0,4.0,1.0,8.0,1.0,167.0,1.0,10.0,1.0,1.0,40.0,1.0,0.0,5.0,14.0,49.0,0.0,1.0,26.0,112.0,0.0,1.0,1.0,14.0,40.0,1.0,134.0,1.0,5308.0,0
34.0,1.0,97.0,3.0,13.0,1.0,4.0,14.0,11.0,1.0,1.0,1.0,1.0,15.0,13.0,45.0,10.0,33.0,20.0,9.0,1.0,12.0,0.0,4.0,1.0,8.0,1.0,167.0,1.0,3.0,1.0,1.0,34.0,2.0,36.0,2.0,14.0,49.0,0.0,1.0,13.0,112.0,1.0,1.0,1.0,14.0,40.0,0.0,134.0,1.0,5308.0,0
34.0,3.0,0.0,21.0,13.0,1.0,4.0,14.0,11.0,1.0,1.0,1.0,4.0,15.0,13.0,45.0,9.0,33.0,20.0,9.0,0.0,12.0,0.0,3.0,1.0,8.0,1.0,0.0,1.0,0.0,1.0,1.0,34.0,2.0,36.0,0.0,14.0,49.0,1.0,0.0,0.0,112.0,1.0,1.0,1.0,32.0,40.0,1.0,134.0,1.0,5308.0,0
41.0,4.0,108.0,20.0,13.0,1.0,4.0,14.0,11.0,1.0,1.0,1.0,3.0,15.0,13.0,45.0,4.0,33.0,20.0,9.0,1.0,12.0,1.0,1.0,1.0,5.0,1.0,106.0,1.0,10.0,1.0,1.0,35.0,0.0,36.0,5.0,14.0,49.0,0.0,0.0,15.0,112.0,1.0,1.0,1.0,6.0,40.0,1.0,134.0,1.0,5308.0,0
46.0,3.0,168.0,4.0,13.0,0.0,2.0,14.0,11.0,1.0,0.0,1.0,2.0,15.0,13.0,45.0,5.0,33.0,60.0,9.0,3.0,12.0,1.0,0.0,1.0,8.0,1.0,166.0,1.0,7.0,1.0,1.0,44.0,2.0,36.0,4.0,14.0,49.0,0.0,0.0,22.0,112.0,1.0,1.0,1.0,19.0,44.0,1.0,134.0,1.0,5308.0,0
41.0,3.0,75.0,21.0,32.0,1.0,4.0,14.0,7.0,1.0,0.0,1.0,4.0,15.0,34.0,45.0,6.0,33.0,20.0,9.0,4.0,12.0,1.0,0.0,1.0,8.0,0.0,75.0,0.0,6.0,1.0,1.0,46.0,2.0,36.0,5.0,14.0,49.0,1.0,0.0,4.0,112.0,1.0,0.0,1.0,34.0,46.0,1.0,52.0,1.0,5308.0,0
41.0,3.0,3.0,21.0,3.0,1.0,4.0,4.0,6.0,1.0,0.0,1.0,4.0,5.0,13.0,45.0,0.0,33.0,8.0,9.0,1.0,12.0,1.0,0.0,1.0,8.0,1.0,3.0,0.0,2.0,0.0,1.0,40.0,2.0,36.0,5.0,4.0,49.0,1.0,0.0,23.0,2.0,1.0,0.0,0.0,5.0,40.0,1.0,36.0,1.0,5308.0,0
41.0,3.0,145.0,21.0,11.0,1.0,4.0,12.0,0.0,1.0,1.0,1.0,4.0,15.0,13.0,45.0,15.0,33.0,20.0,9.0,9.0,12.0,1.0,0.0,1.0,8.0,0.0,143.0,0.0,9.0,0.0,1.0,48.0,2.0,36.0,5.0,14.0,49.0,1.0,0.0,17.0,83.0,1.0,1.0,1.0,13.0,40.0,1.0,37.0,1.0,5308.0,0
41.0,3.0,49.0,21.0,36.0,1.0,4.0,37.0,8.0,1.0,0.0,1.0,4.0,38.0,13.0,45.0,0.0,33.0,8.0,9.0,1.0,12.0,1.0,0.0,1.0,8.0,1.0,49.0,0.0,2.0,0.0,1.0,40.0,2.0,36.0,5.0,37.0,49.0,1.0,0.0,23.0,65.0,1.0,1.0,0.0,38.0,40.0,1.0,17.0,1.0,5308.0,0
41.0,3.0,131.0,21.0,11.0,1.0,4.0,12.0,0.0,1.0,1.0,1.0,4.0,15.0,13.0,45.0,15.0,33.0,20.0,9.0,9.0,12.0,1.0,0.0,1.0,8.0,0.0,129.0,0.0,9.0,0.0,1.0,48.0,2.0,36.0,5.0,14.0,49.0,1.0,0.0,17.0,69.0,1.0,1.0,1.0,13.0,40.0,1.0,21.0,1.0,5308.0,0
41.0,3.0,11.0,21.0,13.0,1.0,4.0,14.0,2.0,1.0,0.0,1.0,4.0,15.0,13.0,45.0,0.0,33.0,8.0,9.0,1.0,12.0,1.0,0.0,1.0,8.0,1.0,11.0,0.0,2.0,0.0,1.0,40.0,2.0,36.0,5.0,14.0,49.0,1.0,0.0,23.0,11.0,1.0,0.0,0.0,15.0,40.0,1.0,94.0,1.0,5308.0,0
41.0,3.0,115.0,21.0,8.0,1.0,4.0,9.0,10.0,1.0,1.0,1.0,4.0,15.0,10.0,45.0,15.0,33.0,20.0,9.0,9.0,9.0,1.0,0.0,1.0,8.0,0.0,113.0,0.0,9.0,0.0,1.0,50.0,2.0,36.0,5.0,14.0,51.0,1.0,0.0,17.0,37.0,1.0,1.0,1.0,10.0,40.0,1.0,120.0,1.0,5308.0,0
41.0,0.0,93.0,0.0,13.0,0.0,1.0,14.0,11.0,0.0,0.0,1.0,0.0,2.0,13.0,41.0,7.0,33.0,30.0,9.0,6.0,12.0,1.0,0.0,1.0,8.0,1.0,93.0,1.0,2.0,1.0,1.0,40.0,2.0,36.0,5.0,14.0,49.0,0.0,0.0,8.0,112.0,1.0,1.0,1.0,2.0,40.0,1.0,134.0,0.0,5308.0,0
41.0,3.0,92.0,21.0,13.0,1.0,4.0,14.0,11.0,1.0,0.0,0.0,4.0,15.0,1.0,45.0,8.0,33.0,28.0,9.0,5.0,12.0,1.0,2.0,1.0,8.0,0.0,92.0,1.0,9.0,1.0,1.0,48.0,2.0,36.0,5.0,14.0,49.0,1.0,0.0,6.0,112.0,1.0,1.0,1.0,1.0,48.0,1.0,134.0,1.0,5308.0,0
41.0,3.0,94.0,21.0,13.0,1.0,4.0,14.0,11.0,1.0,0.0,1.0,4.0,2.0,13.0,45.0,11.0,33.0,38.0,9.0,7.0,12.0,1.0,0.0,1.0,8.0,1.0,94.0,1.0,2.0,1.0,0.0,40.0,2.0,36.0,0.0,14.0,49.0,1.0,0.0,10.0,112.0,1.0,1.0,1.0,2.0,40.0,1.0,134.0,1.0,5308.0,0
49.0,3.0,95.0,21.0,13.0,1.0,4.0,14.0,11.0,1.0,0.0,1.0,4.0,15.0,14.0,45.0,12.0,33.0,38.0,9.0,7.0,12.0,1.0,0.0,0.0,8.0,0.0,95.0,1.0,0.0,1.0,1.0,48.0,2.0,36.0,1.0,14.0,49.0,1.0,0.0,10.0,112.0,1.0,1.0,1.0,14.0,48.0,1.0,134.0,1.0,5308.0,0
43.0,4.0,89.0,17.0,13.0,0.0,3.0,14.0,11.0,1.0,0.0,1.0,3.0,106.0,13.0,42.0,2.0,33.0,20.0,6.0,4.0,12.0,1.0,0.0,1.0,8.0,1.0,89.0,1.0,1.0,1.0,1.0,40.0,2.0,36.0,3.0,14.0,49.0,0.0,0.0,4.0,112.0,1.0,1.0,1.0,106.0,40.0,1.0,134.0,1.0,5308.0,0
41.0,3.0,151.0,21.0,13.0,1.0,4.0,14.0,2.0,1.0,1.0,1.0,4.0,15.0,15.0,45.0,15.0,33.0,20.0,9.0,9.0,14.0,1.0,0.0,1.0,8.0,0.0,149.0,0.0,9.0,0.0,1.0,61.0,2.0,36.0,5.0,14.0,62.0,1.0,0.0,17.0,98.0,1.0,1.0,1.0,15.0,40.0,1.0,75.0,1.0,5308.0,0
41.0,3.0,51.0,21.0,51.0,1.0,4.0,52.0,9.0,1.0,0.0,1.0,4.0,53.0,13.0,45.0,0.0,33.0,8.0,9.0,1.0,12.0,1.0,0.0,1.0,8.0,1.0,51.0,0.0,2.0,0.0,1.0,40.0,2.0,36.0,5.0,52.0,49.0,1.0,0.0,23.0,84.0,1.0,1.0,0.0,53.0,40.0,1.0,73.0,1.0,5308.0,0
41.0,1.0,92.0,1.0,13.0,1.0,4.0,14.0,11.0,1.0,0.0,1.0,1.0,1.0,13.0,45.0,3.0,33.0,28.0,9.0,5.0,12.0,1.0,0.0,1.0,8.0,1.0,92.0,1.0,5.0,1.0,1.0,40.0,2.0,36.0,5.0,14.0,49.0,0.0,0.0,6.0,112.0,1.0,1.0,1.0,1.0,40.0,1.0,134.0,1.0,5308.0,0
41.0,4.0,104.0,5.0,13.0,1.0,4.0,14.0,11.0,1.0,1.0,1.0,3.0,15.0,13.0,45.0,4.0,33.0,20.0,9.0,1.0,12.0,1.0,1.0,1.0,3.0,1.0,102.0,1.0,10.0,1.0,1.0,35.0,0.0,36.0,5.0,14.0,49.0,0.0,0.0,15.0,112.0,1.0,1.0,1.0,6.0,40.0,1.0,134.0,1.0,5308.0,19
46.0,3.0,168.0,4.0,13.0,0.0,2.0,14.0,11.0,1.0,0.0,1.0,2.0,15.0,13.0,45.0,5.0,33.0,60.0,9.0,3.0,12.0,1.0,0.0,1.0,8.0,1.0,166.0,1.0,7.0,1.0,1.0,44.0,2.0,36.0,4.0,14.0,49.0,0.0,0.0,22.0,112.0,1.0,1.0,1.0,19.0,44.0,1.0,134.0,1.0,5308.0,19
41.0,3.0,67.0,21.0,28.0,1.0,4.0,14.0,5.0,1.0,0.0,1.0,4.0,15.0,30.0,45.0,6.0,33.0,20.0,9.0,4.0,12.0,1.0,0.0,1.0,8.0,0.0,67.0,0.0,6.0,1.0,1.0,46.0,2.0,36.0,5.0,14.0,49.0,1.0,0.0,4.0,112.0,1.0,0.0,1.0,30.0,46.0,1.0,62.0,1.0,5308.0,19
41.0,3.0,2.0,21.0,3.0,1.0,4.0,4.0,6.0,1.0,0.0,1.0,4.0,5.0,13.0,45.0,0.0,33.0,8.0,9.0,1.0,12.0,1.0,0.0,1.0,8.0,1.0,2.0,0.0,2.0,0.0,1.0,40.0,2.0,36.0,5.0,4.0,49.0,1.0,0.0,23.0,1.0,1.0,0.0,0.0,5.0,40.0,1.0,2.0,1.0,5308.0,19
41.0,3.0,171.0,6.0,13.0,1.0,4.0,14.0,11.0,1.0,1.0,1.0,2.0,15.0,13.0,45.0,16.0,20.0,20.0,9.0,3.0,12.0,1.0,4.0,1.0,8.0,1.0,167.0,1.0,10.0,1.0,1.0,40.0,1.0,4.0,5.0,14.0,49.0,0.0,1.0,26.0,112.0,0.0,1.0,1.0,14.0,40.0,1.0,134.0,1.0,5308.0,19
34.0,1.0,97.0,3.0,13.0,1.0,4.0,14.0,11.0,1.0,1.0,1.0,1.0,15.0,13.0,45.0,10.0,33.0,20.0,9.0,1.0,12.0,0.0,4.0,1.0,8.0,1.0,167.0,1.0,3.0,1.0,1.0,34.0,2.0,36.0,2.0,14.0,49.0,0.0,1.0,13.0,112.0,1.0,1.0,1.0,14.0,40.0,0.0,134.0,1.0,5308.0,19
41.0,3.0,164.0,21.0,32.0,1.0,4.0,33.0,7.0,1.0,1.0,1.0,4.0,15.0,34.0,45.0,15.0,33.0,20.0,9.0,9.0,33.0,1.0,0.0,1.0,8.0,0.0,162.0,0.0,9.0,0.0,1.0,46.0,2.0,36.0,5.0,14.0,47.0,1.0,0.0,17.0,111.0,1.0,4.0,1.0,34.0,40.0,1.0,68.0,1.0,5308.0,19
41.0,3.0,171.0,7.0,13.0,1.0,4.0,14.0,11.0,1.0,1.0,1.0,2.0,15.0,13.0,45.0,16.0,31.0,20.0,9.0,3.0,12.0,1.0,4.0,1.0,8.0,1.0,167.0,1.0,10.0,1.0,1.0,40.0,1.0,17.0,5.0,14.0,49.0,0.0,1.0,26.0,112.0,0.0,1.0,1.0,14.0,40.0,1.0,134.0,1.0,5308.0,0
34.0,1.0,97.0,3.0,13.0,1.0,4.0,14.0,11.0,1.0,1.0,1.0,1.0,15.0,13.0,45.0,10.0,33.0,20.0,9.0,1.0,12.0,0.0,4.0,1.0,8.0,1.0,167.0,1.0,3.0,1.0,1.0,34.0,2.0,36.0,2.0,14.0,49.0,0.0,1.0,13.0,112.0,1.0,1.0,1.0,14.0,40.0,0.0,134.0,1.0,5308.0,0
34.0,3.0,0.0,21.0,13.0,1.0,4.0,14.0,11.0,1.0,1.0,1.0,4.0,15.0,13.0,45.0,9.0,33.0,20.0,9.0,0.0,12.0,0.0,3.0,1.0,8.0,1.0,0.0,1.0,0.0,1.0,1.0,34.0,2.0,36.0,0.0,14.0,49.0,1.0,0.0,0.0,112.0,1.0,1.0,1.0,32.0,40.0,1.0,134.0,1.0,5308.0,0
41.0,4.0,104.0,5.0,13.0,1.0,4.0,14.0,11.0,1.0,1.0,1.0,3.0,15.0,13.0,45.0,4.0,33.0,20.0,9.0,1.0,12.0,1.0,1.0,1.0,3.0,1.0,102.0,1.0,10.0,1.0,1.0,35.0,0.0,36.0,5.0,14.0,49.0,0.0,0.0,15.0,112.0,1.0,1.0,1.0,6.0,40.0,1.0,134.0,1.0,5308.0,0
46.0,3.0,168.0,4.0,13.0,0.0,2.0,14.0,11.0,1.0,0.0,1.0,2.0,15.0,13.0,45.0,5.0,33.0,60.0,9.0,3.0,12.0,1.0,0.0,1.0,8.0,1.0,166.0,1.0,7.0,1.0,1.0,44.0,2.0,36.0,4.0,14.0,49.0,0.0,0.0,22.0,112.0,1.0,1.0,1.0,19.0,44.0,1.0,134.0,1.0,5308.0,0
41.0,0.0,82.0,21.0,32.0,1.0,4.0,14.0,7.0,1.0,0.0,1.0,0.0,15.0,35.0,45.0,6.0,33.0,20.0,9.0,4.0,12.0,1.0,0.0,1.0,8.0,0.0,82.0,0.0,6.0,1.0,1.0,46.0,2.0,36.0,5.0,14.0,49.0,0.0,0.0,4.0,112.0,1.0,10.0,1.0,35.0,46.0,1.0,54.0,1.0,5308.0,0
41.0,3.0,35.0,21.0,36.0,1.0,4.0,37.0,8.0,1.0,0.0,1.0,4.0,38.0,13.0,45.0,0.0,33.0,8.0,9.0,1.0,12.0,1.0,0.0,1.0,8.0,1.0,35.0,0.0,2.0,0.0,1.0,40.0,2.0,36.0,5.0,37.0,49.0,1.0,0.0,23.0,51.0,1.0,1.0,0.0,38.0,40.0,1.0,3.0,1.0,5308.0,0
41.0,3.0,142.0,21.0,11.0,1.0,4.0,12.0,0.0,1.0,1.0,1.0,4.0,15.0,13.0,45.0,15.0,33.0,20.0,9.0,9.0,12.0,1.0,0.0,1.0,8.0,0.0,140.0,0.0,9.0,0.0,1.0,48.0,2.0,36.0,5.0,14.0,49.0,1.0,0.0,17.0,80.0,1.0,1.0,1.0,13.0,40.0,1.0,32.0,1.0,5308.0,0
41.0,3.0,29.0,21.0,13.0,1.0,4.0,14.0,2.0,1.0,0.0,1.0,4.0,15.0,13.0,45.0,0.0,33.0,8.0,9.0,1.0,12.0,1.0,0.0,1.0,8.0,1.0,29.0,0.0,2.0,0.0,1.0,40.0,2.0,36.0,5.0,14.0,49.0,1.0,0.0,23.0,29.0,1.0,0.0,0.0,15.0,40.0,1.0,112.0,1.0,5308.0,0
41.0,3.0,125.0,21.0,8.0,1.0,4.0,9.0,10.0,1.0,1.0,1.0,4.0,15.0,10.0,45.0,15.0,33.0,20.0,9.0,9.0,9.0,1.0,0.0,1.0,8.0,0.0,123.0,0.0,9.0,0.0,1.0,48.0,2.0,36.0,5.0,14.0,49.0,1.0,0.0,17.0,47.0,1.0,1.0,1.0,10.0,40.0,1.0,130.0,1.0,5308.0,0
41.0,0.0,93.0,0.0,13.0,0.0,1.0,14.0,11.0,0.0,0.0,1.0,0.0,2.0,13.0,41.0,7.0,33.0,30.0,9.0,6.0,12.0,1.0,0.0,1.0,8.0,1.0,93.0,1.0,2.0,1.0,1.0,40.0,2.0,36.0,5.0,14.0,49.0,0.0,0.0,8.0,112.0,1.0,1.0,1.0,2.0,40.0,1.0,134.0,0.0,5308.0,0
41.0,3.0,92.0,21.0,13.0,1.0,4.0,14.0,11.0,1.0,0.0,0.0,4.0,15.0,1.0,45.0,8.0,33.0,28.0,9.0,5.0,12.0,1.0,2.0,1.0,8.0,0.0,92.0,1.0,9.0,1.0,1.0,50.0,2.0,36.0,5.0,14.0,49.0,1.0,0.0,6.0,112.0,1.0,1.0,1.0,1.0,50.0,1.0,134.0,1.0,5308.0,0
41.0,3.0,94.0,21.0,13.0,1.0,4.0,14.0,11.0,1.0,0.0,1.0,4.0,2.0,13.0,45.0,11.0,33.0,38.0,9.0,7.0,12.0,1.0,0.0,1.0,8.0,1.0,94.0,1.0,2.0,1.0,0.0,40.0,2.0,36.0,0.0,14.0,49.0,1.0,0.0,10.0,112.0,1.0,1.0,1.0,2.0,40.0,1.0,134.0,1.0,5308.0,0
49.0,3.0,95.0,21.0,13.0,1.0,4.0,14.0,11.0,1.0,0.0,1.0,4.0,15.0,14.0,45.0,12.0,33.0,38.0,9.0,7.0,12.0,1.0,0.0,0.0,8.0,0.0,95.0,1.0,0.0,1.0,1.0,48.0,2.0,36.0,1.0,14.0,49.0,1.0,0.0,10.0,112.0,1.0,1.0,1.0,14.0,48.0,1.0,134.0,1.0,5308.0,0
43.0,4.0,85.0,17.0,13.0,0.0,3.0,14.0,11.0,1.0,0.0,1.0,3.0,106.0,13.0,42.0,2.0,33.0,20.0,2.0,4.0,12.0,1.0,0.0,1.0,8.0,1.0,85.0,1.0,1.0,1.0,1.0,40.0,2.0,36.0,3.0,14.0,49.0,0.0,0.0,4.0,112.0,1.0,1.0,1.0,106.0,40.0,1.0,134.0,1.0,5308.0,0
41.0,3.0,148.0,21.0,13.0,1.0,4.0,14.0,2.0,1.0,1.0,1.0,4.0,15.0,15.0,45.0,15.0,33.0,20.0,9.0,9.0,14.0,1.0,0.0,1.0,8.0,0.0,146.0,0.0,9.0,0.0,1.0,61.0,2.0,36.0,5.0,14.0,62.0,1.0,0.0,17.0,95.0,1.0,1.0,1.0,15.0,40.0,1.0,71.0,1.0,5308.0,0
41.0,3.0,111.0,21.0,13.0,1.0,4.0,14.0,11.0,1.0,0.0,1.0,4.0,1.0,13.0,45.0,13.0,33.0,48.0,9.0,9.0,12.0,1.0,0.0,1.0,8.0,1.0,109.0,1.0,2.0,1.0,1.0,44.0,2.0,36.0,5.0,14.0,49.0,1.0,0.0,17.0,112.0,1.0,1.0,1.0,1.0,44.0,1.0,134.0,1.0,5308.0,0
43.0,4.0,85.0,17.0,13.0,0.0,3.0,14.0,11.0,1.0,0.0,1.0,3.0,106.0,13.0,42.0,2.0,33.0,20.0,2.0,4.0,12.0,1.0,0.0,1.0,8.0,1.0,85.0,1.0,1.0,1.0,1.0,40.0,2.0,36.0,3.0,14.0,49.0,0.0,0.0,4.0,112.0,1.0,1.0,1.0,106.0,40.0,1.0,134.0,1.0,5308.0,0
56.0,0.0,166.0,2.0,13.0,0.0,0.0,14.0,11.0,0.0,0.0,1.0,0.0,15.0,13.0,49.0,14.0,33.0,58.0,9.0,11.0,12.0,1.0,0.0,1.0,8.0,0.0,164.0,1.0,4.0,1.0,1.0,48.0,2.0,36.0,3.0,14.0,49.0,0.0,0.0,19.0,112.0,1.0,1.0,1.0,13.0,48.0,1.0,134.0,1.0,808.0,0
41.0,3.0,53.0,21.0,51.0,1.0,4.0,52.0,9.0,1.0,0.0,1.0,4.0,53.0,13.0,45.0,0.0,33.0,8.0,9.0,1.0,12.0,1.0,0.0,1.0,8.0,1.0,53.0,0.0,2.0,0.0,1.0,40.0,2.0,36.0,5.0,52.0,49.0,1.0,0.0,23.0,86.0,1.0,1.0,0.0,53.0,40.0,1.0,77.0,1.0,5308.0,0
41.0,1.0,92.0,1.0,13.0,1.0,4.0,14.0,11.0,1.0,0.0,1.0,1.0,1.0,13.0,45.0,3.0,33.0,28.0,9.0,5.0,12.0,1.0,0.0,1.0,8.0,1.0,92.0,1.0,5.0,1.0,1.0,40.0,2.0,36.0,5.0,14.0,49.0,0.0,0.0,6.0,112.0,1.0,1.0,1.0,1.0,40.0,1.0,134.0,1.0,5308.0,19
41.0,4.0,106.0,11.0,13.0,1.0,4.0,14.0,11.0,1.0,1.0,1.0,3.0,15.0,13.0,45.0,4.0,33.0,20.0,9.0,1.0,12.0,1.0,1.0,1.0,3.0,1.0,104.0,1.0,10.0,1.0,1.0,35.0,0.0,36.0,5.0,14.0,49.0,0.0,0.0,15.0,112.0,1.0,1.0,1.0,6.0,40.0,1.0,134.0,1.0,5308.0,19
46.0,3.0,168.0,4.0,13.0,0.0,2.0,14.0,11.0,1.0,0.0,1.0,2.0,15.0,13.0,45.0,5.0,33.0,60.0,9.0,3.0,12.0,1.0,0.0,1.0,8.0,1.0,166.0,1.0,7.0,1.0,1.0,44.0,2.0,36.0,4.0,14.0,49.0,0.0,0.0,22.0,112.0,1.0,1.0,1.0,19.0,44.0,1.0,134.0,1.0,5308.0,19
41.0,3.0,66.0,21.0,28.0,1.0,4.0,14.0,5.0,1.0,0.0,1.0,4.0,15.0,30.0,45.0,6.0,33.0,20.0,9.0,4.0,12.0,1.0,0.0,1.0,8.0,0.0,66.0,0.0,6.0,1.0,1.0,46.0,2.0,36.0,5.0,14.0,49.0,1.0,0.0,4.0,112.0,1.0,0.0,1.0,30.0,46.0,1.0,59.0,1.0,5308.0,19
41.0,3.0,2.0,21.0,3.0,1.0,4.0,4.0,6.0,1.0,0.0,1.0,4.0,5.0,13.0,45.0,0.0,33.0,8.0,9.0,1.0,12.0,1.0,0.0,1.0,8.0,1.0,2.0,0.0,2.0,0.0,1.0,40.0,2.0,36.0,5.0,4.0,49.0,1.0,0.0,23.0,1.0,1.0,0.0,0.0,5.0,40.0,1.0,2.0,1.0,5308.0,19
41.0,3.0,171.0,6.0,13.0,1.0,4.0,14.0,11.0,1.0,1.0,1.0,2.0,15.0,13.0,45.0,16.0,30.0,20.0,9.0,3.0,12.0,1.0,4.0,1.0,8.0,1.0,167.0,1.0,10.0,1.0,1.0,40.0,1.0,5.0,5.0,14.0,49.0,0.0,1.0,26.0,112.0,0.0,1.0,1.0,14.0,40.0,1.0,134.0,1.0,5308.0,19
34.0,1.0,97.0,3.0,13.0,1.0,4.0,14.0,11.0,1.0,1.0,1.0,1.0,15.0,13.0,45.0,10.0,33.0,20.0,9.0,1.0,12.0,0.0,4.0,1.0,8.0,1.0,167.0,1.0,3.0,1.0,1.0,34.0,2.0,36.0,2.0,14.0,49.0,0.0,1.0,13.0,112.0,1.0,1.0,1.0,14.0,40.0,0.0,134.0,1.0,5308.0,19
41.0,3.0,156.0,21.0,32.0,1.0,4.0,33.0,7.0,1.0,1.0,1.0,4.0,15.0,34.0,45.0,15.0,33.0,20.0,9.0,9.0,33.0,1.0,0.0,1.0,8.0,0.0,154.0,0.0,9.0,0.0,1.0,46.0,2.0,36.0,5.0,14.0,47.0,1.0,0.0,17.0,103.0,1.0,4.0,1.0,34.0,40.0,1.0,40.0,1.0,5308.0,19
41.0,1.0,92.0,1.0,13.0,1.0,4.0,14.0,11.0,1.0,0.0,1.0,1.0,1.0,13.0,45.0,3.0,33.0,28.0,9.0,5.0,12.0,1.0,0.0,1.0,8.0,1.0,92.0,1.0,5.0,1.0,1.0,40.0,2.0,36.0,5.0,14.0,49.0,0.0,0.0,6.0,112.0,1.0,1.0,1.0,1.0,40.0,1.0,134.0,1.0,5308.0,19
41.0,3.0,171.0,9.0,13.0,1.0,4.0,14.0,11.0,1.0,1.0,1.0,2.0,15.0,13.0,45.0,16.0,11.0,20.0,9.0,3.0,12.0,1.0,4.0,1.0,8.0,1.0,167.0,1.0,10.0,1.0,1.0,40.0,1.0,26.0,5.0,14.0,49.0,0.0,1.0,26.0,112.0,0.0,1.0,1.0,14.0,40.0,1.0,134.0,1.0,5308.0,19
34.0,1.0,97.0,3.0,13.0,1.0,4.0,14.0,11.0,1.0,1.0,1.0,1.0,15.0,13.0,45.0,10.0,33.0,20.0,9.0,1.0,12.0,0.0,4.0,1.0,8.0,1.0,167.0,1.0,3.0,1.0,1.0,34.0,2.0,36.0,2.0,14.0,49.0,0.0,1.0,13.0,112.0,1.0,1.0,1.0,14.0,40.0,0.0,134.0,1.0,5308.0,19
34.0,3.0,0.0,21.0,13.0,1.0,4.0,14.0,11.0,1.0,1.0,1.0,4.0,15.0,13.0,45.0,9.0,33.0,20.0,9.0,0.0,12.0,0.0,3.0,1.0,8.0,1.0,0.0,1.0,0.0,1.0,1.0,34.0,2.0,36.0,0.0,14.0,49.0,1.0,0.0,0.0,112.0,1.0,1.0,1.0,32.0,40.0,1.0,134.0,1.0,5308.0,19
41.0,4.0,106.0,11.0,13.0,1.0,4.0,14.0,11.0,1.0,1.0,1.0,3.0,15.0,13.0,45.0,4.0,33.0,20.0,9.0,1.0,12.0,1.0,1.0,1.0,3.0,1.0,104.0,1.0,10.0,1.0,1.0,35.0,0.0,36.0,5.0,14.0,49.0,0.0,0.0,15.0,112.0,1.0,1.0,1.0,6.0,40.0,1.0,134.0,1.0,5308.0,19
46.0,3.0,168.0,4.0,13.0,0.0,2.0,14.0,11.0,1.0,0.0,1.0,2.0,15.0,13.0,45.0,5.0,33.0,60.0,9.0,3.0,12.0,1.0,0.0,1.0,8.0,1.0,166.0,1.0,7.0,1.0,1.0,44.0,2.0,36.0,4.0,14.0,49.0,0.0,0.0,22.0,112.0,1.0,1.0,1.0,19.0,44.0,1.0,134.0,1.0,5308.0,19
41.0,3.0,70.0,21.0,32.0,1.0,4.0,14.0,7.0,1.0,0.0,1.0,4.0,15.0,34.0,45.0,6.0,33.0,20.0,9.0,4.0,12.0,1.0,0.0,1.0,8.0,0.0,70.0,0.0,6.0,1.0,1.0,46.0,2.0,36.0,5.0,14.0,49.0,1.0,0.0,4.0,112.0,1.0,0.0,1.0,34.0,46.0,1.0,42.0,1.0,5308.0,19
41.0,3.0,3.0,21.0,3.0,1.0,4.0,4.0,6.0,1.0,0.0,1.0,4.0,5.0,13.0,45.0,0.0,33.0,8.0,9.0,1.0,12.0,1.0,0.0,1.0,8.0,1.0,3.0,0.0,2.0,0.0,1.0,40.0,2.0,36.0,5.0,4.0,49.0,1.0,0.0,23.0,2.0,1.0,0.0,0.0,5.0,40.0,1.0,36.0,1.0,5308.0,19
41.0,3.0,145.0,21.0,11.0,1.0,4.0,12.0,0.0,1.0,1.0,1.0,4.0,15.0,13.0,45.0,15.0,33.0,20.0,9.0,9.0,12.0,1.0,0.0,1.0,8.0,0.0,143.0,0.0,9.0,0.0,1.0,48.0,2.0,36.0,5.0,14.0,49.0,1.0,0.0,17.0,83.0,1.0,1.0,1.0,13.0,40.0,1.0,37.0,1.0,5308.0,19
41.0,3.0,171.0,7.0,13.0,1.0,4.0,14.0,11.0,1.0,1.0,1.0,2.0,15.0,13.0,45.0,16.0,5.0,20.0,9.0,3.0,12.0,1.0,4.0,1.0,8.0,1.0,167.0,1.0,10.0,1.0,1.0,40.0,1.0,6.0,5.0,14.0,49.0,0.0,1.0,26.0,112.0,0.0,1.0,1.0,14.0,40.0,1.0,134.0,1.0,5308.0,19
34.0,1.0,97.0,3.0,13.0,1.0,4.0,14.0,11.0,1.0,1.0,1.0,1.0,15.0,13.0,45.0,10.0,33.0,20.0,9.0,1.0,12.0,0.0,4.0,1.0,8.0,1.0,167.0,1.0,3.0,1.0,1.0,34.0,2.0,36.0,2.0,14.0,49.0,0.0,1.0,13.0,112.0,1.0,1.0,1.0,14.0,40.0,0.0,134.0,1.0,5308.0,19
41.0,3.0,160.0,21.0,32.0,1.0,4.0,33.0,7.0,1.0,1.0,1.0,4.0,15.0,34.0,45.0,15.0,33.0,20.0,9.0,9.0,33.0,1.0,0.0,1.0,8.0,0.0,158.0,0.0,9.0,0.0,1.0,46.0,2.0,36.0,5.0,14.0,47.0,1.0,0.0,17.0,107.0,1.0,4.0,1.0,34.0,40.0,1.0,50.0,1.0,5308.0,19
41.0,1.0,92.0,1.0,13.0,1.0,4.0,14.0,11.0,1.0,0.0,1.0,1.0,1.0,13.0,45.0,3.0,33.0,28.0,9.0,5.0,12.0,1.0,0.0,1.0,8.0,1.0,92.0,1.0,5.0,1.0,1.0,40.0,2.0,36.0,5.0,14.0,49.0,0.0,0.0,6.0,112.0,1.0,1.0,1.0,1.0,40.0,1.0,134.0,1.0,5308.0,19
41.0,3.0,171.0,8.0,13.0,1.0,4.0,14.0,11.0,1.0,1.0,1.0,2.0,15.0,13.0,45.0,16.0,31.0,20.0,9.0,3.0,12.0,1.0,4.0,1.0,8.0,1.0,167.0,1.0,10.0,1.0,1.0,40.0,1.0,24.0,5.0,14.0,49.0,0.0,1.0,26.0,112.0,0.0,1.0,1.0,14.0,40.0,1.0,134.0,1.0,5308.0,19
34.0,1.0,97.0,3.0,13.0,1.0,4.0,14.0,11.0,1.0,1.0,1.0,1.0,15.0,13.0,45.0,10.0,33.0,20.0,9.0,1.0,12.0,0.0,4.0,1.0,8.0,1.0,167.0,1.0,3.0,1.0,1.0,34.0,2.0,36.0,2.0,14.0,49.0,0.0,1.0,13.0,112.0,1.0,1.0,1.0,14.0,40.0,0.0,134.0,1.0,5308.0,19
34.0,3.0,0.0,21.0,13.0,1.0,4.0,14.0,11.0,1.0,1.0,1.0,4.0,15.0,13.0,45.0,9.0,33.0,20.0,9.0,0.0,12.0,0.0,3.0,1.0,8.0,1.0,0.0,1.0,0.0,1.0,1.0,34.0,2.0,36.0,0.0,14.0,49.0,1.0,0.0,0.0,112.0,1.0,1.0,1.0,32.0,40.0,1.0,134.0,1.0,5308.0,19
41.0,4.0,106.0,11.0,13.0,1.0,4.0,14.0,11.0,1.0,1.0,1.0,3.0,15.0,13.0,45.0,4.0,33.0,20.0,9.0,1.0,12.0,1.0,1.0,1.0,3.0,1.0,104.0,1.0,10.0,1.0,1.0,35.0,0.0,36.0,5.0,14.0,49.0,0.0,0.0,15.0,112.0,1.0,1.0,1.0,6.0,40.0,1.0,134.0,1.0,5308.0,19
46.0,3.0,168.0,4.0,13.0,0.0,2.0,14.0,11.0,1.0,0.0,1.0,2.0,15.0,13.0,45.0,5.0,33.0,60.0,9.0,3.0,12.0,1.0,0.0,1.0,8.0,1.0,166.0,1.0,7.0,1.0,1.0,44.0,2.0,36.0,4.0,14.0,49.0,0.0,0.0,22.0,112.0,1.0,1.0,1.0,19.0,44.0,1.0,134.0,1.0,5308.0,19
41.0,3.0,71.0,21.0,32.0,1.0,4.0,14.0,7.0,1.0,0.0,1.0,4.0,15.0,34.0,45.0,6.0,33.0,20.0,9.0,4.0,12.0,1.0,0.0,1.0,8.0,0.0,71.0,0.0,6.0,1.0,1.0,46.0,2.0,36.0,5.0,14.0,49.0,1.0,0.0,4.0,112.0,1.0,0.0,1.0,34.0,46.0,1.0,44.0,1.0,5308.0,19
41.0,3.0,3.0,21.0,3.0,1.0,4.0,4.0,6.0,1.0,0.0,1.0,4.0,5.0,13.0,45.0,0.0,33.0,8.0,9.0,1.0,12.0,1.0,0.0,1.0,8.0,1.0,3.0,0.0,2.0,0.0,1.0,40.0,2.0,36.0,5.0,4.0,49.0,1.0,0.0,23.0,2.0,1.0,0.0,0.0,5.0,40.0,1.0,36.0,1.0,5308.0,19
41.0,3.0,145.0,21.0,11.0,1.0,4.0,12.0,0.0,1.0,1.0,1.0,4.0,15.0,13.0,45.0,15.0,33.0,20.0,9.0,9.0,12.0,1.0,0.0,1.0,8.0,0.0,143.0,0.0,9.0,0.0,1.0,48.0,2.0,36.0,5.0,14.0,49.0,1.0,0.0,17.0,83.0,1.0,1.0,1.0,13.0,40.0,1.0,37.0,1.0,5308.0,19
41.0,1.0,92.0,1.0,13.0,1.0,4.0,14.0,11.0,1.0,0.0,1.0,1.0,1.0,13.0,45.0,3.0,33.0,28.0,9.0,5.0,12.0,1.0,0.0,1.0,8.0,1.0,92.0,1.0,5.0,1.0,1.0,40.0,2.0,36.0,5.0,14.0,49.0,0.0,0.0,6.0,112.0,1.0,1.0,1.0,1.0,40.0,1.0,134.0,1.0,5308.0,19
41.0,3.0,105.0,10.0,13.0,1.0,4.0,14.0,11.0,1.0,1.0,1.0,2.0,15.0,13.0,45.0,4.0,33.0,20.0,9.0,1.0,12.0,1.0,1.0,1.0,3.0,1.0,103.0,1.0,10.0,1.0,1.0,35.0,0.0,36.0,5.0,14.0,49.0,0.0,0.0,15.0,112.0,1.0,1.0,1.0,6.0,40.0,1.0,134.0,1.0,5308.0,0
46.0,3.0,168.0,4.0,13.0,0.0,2.0,14.0,11.0,1.0,0.0,1.0,2.0,15.0,13.0,45.0,5.0,33.0,60.0,9.0,3.0,12.0,1.0,0.0,1.0,8.0,1.0,166.0,1.0,7.0,1.0,1.0,44.0,2.0,36.0,4.0,14.0,49.0,0.0,0.0,22.0,112.0,1.0,1.0,1.0,19.0,44.0,1.0,134.0,1.0,5308.0,0
41.0,3.0,60.0,21.0,12.0,1.0,4.0,14.0,1.0,1.0,0.0,1.0,4.0,15.0,14.0,45.0,6.0,33.0,20.0,9.0,4.0,12.0,1.0,0.0,1.0,8.0,0.0,60.0,0.0,6.0,1.0,1.0,46.0,2.0,36.0,5.0,14.0,49.0,1.0,0.0,4.0,112.0,1.0,0.0,1.0,14.0,46.0,1.0,1.0,1.0,5308.0,0
41.0,3.0,171.0,7.0,13.0,1.0,4.0,14.0,11.0,1.0,1.0,1.0,2.0,15.0,13.0,45.0,16.0,13.0,20.0,9.0,3.0,12.0,1.0,4.0,1.0,8.0,1.0,167.0,1.0,10.0,1.0,1.0,40.0,1.0,10.0,5.0,14.0,49.0,0.0,1.0,26.0,112.0,0.0,1.0,1.0,14.0,40.0,1.0,134.0,1.0,5308.0,0
34.0,1.0,97.0,3.0,13.0,1.0,4.0,14.0,11.0,1.0,1.0,1.0,1.0,15.0,13.0,45.0,10.0,33.0,20.0,9.0,1.0,12.0,0.0,4.0,1.0,8.0,1.0,167.0,1.0,3.0,1.0,1.0,34.0,2.0,36.0,2.0,14.0,49.0,0.0,1.0,12.0,112.0,1.0,1.0,1.0,14.0,40.0,0.0,134.0,1.0,5308.0,0
34.0,3.0,0.0,21.0,13.0,1.0,4.0,14.0,11.0,1.0,1.0,1.0,4.0,15.0,13.0,45.0,9.0,33.0,20.0,9.0,0.0,12.0,0.0,3.0,1.0,8.0,1.0,0.0,1.0,0.0,1.0,1.0,34.0,2.0,36.0,0.0,14.0,49.0,1.0,0.0,1.0,112.0,1.0,1.0,1.0,32.0,40.0,1.0,134.0,1.0,5308.0,0
41.0,4.0,107.0,11.0,13.0,1.0,4.0,14.0,11.0,1.0,1.0,1.0,3.0,15.0,13.0,45.0,4.0,33.0,20.0,9.0,1.0,12.0,1.0,1.0,1.0,4.0,1.0,105.0,1.0,10.0,1.0,1.0,35.0,0.0,36.0,5.0,14.0,49.0,0.0,0.0,14.0,112.0,1.0,1.0,1.0,6.0,40.0,1.0,134.0,1.0,5308.0,0
46.0,3.0,168.0,4.0,13.0,0.0,2.0,14.0,11.0,1.0,0.0,1.0,2.0,15.0,13.0,45.0,5.0,33.0,60.0,9.0,3.0,12.0,1.0,0.0,1.0,8.0,1.0,166.0,1.0,7.0,1.0,1.0,44.0,2.0,36.0,4.0,14.0,49.0,0.0,0.0,21.0,112.0,1.0,1.0,1.0,19.0,44.0,1.0,134.0,1.0,5308.0,0
41.0,3.0,79.0,21.0,32.0,1.0,4.0,14.0,7.0,1.0,0.0,1.0,4.0,15.0,34.0,45.0,6.0,33.0,20.0,9.0,4.0,12.0,1.0,0.0,1.0,8.0,0.0,79.0,0.0,6.0,1.0,1.0,46.0,2.0,36.0,5.0,14.0,49.0,1.0,0.0,3.0,112.0,1.0,0.0,1.0,34.0,46.0,1.0,60.0,1.0,5308.0,0
41.0,3.0,3.0,21.0,3.0,1.0,4.0,4.0,6.0,1.0,0.0,1.0,4.0,5.0,13.0,45.0,0.0,33.0,8.0,9.0,1.0,12.0,1.0,0.0,1.0,8.0,1.0,3.0,0.0,2.0,0.0,1.0,40.0,2.0,36.0,5.0,4.0,49.0,1.0,0.0,2.0,2.0,1.0,0.0,0.0,5.0,40.0,1.0,36.0,1.0,5308.0,0
41.0,3.0,145.0,21.0,11.0,1.0,4.0,12.0,0.0,1.0,1.0,1.0,4.0,15.0,13.0,45.0,15.0,33.0,20.0,9.0,9.0,12.0,1.0,0.0,1.0,8.0,0.0,143.0,0.0,9.0,0.0,1.0,48.0,2.0,36.0,5.0,14.0,49.0,1.0,0.0,16.0,83.0,1.0,1.0,1.0,13.0,40.0,1.0,37.0,1.0,5308.0,0
41.0,3.0,46.0,21.0,36.0,1.0,4.0,37.0,8.0,1.0,0.0,1.0,4.0,38.0,13.0,45.0,0.0,33.0,8.0,9.0,1.0,12.0,1.0,0.0,1.0,8.0,1.0,46.0,0.0,2.0,0.0,1.0,40.0,2.0,36.0,5.0,37.0,49.0,1.0,0.0,2.0,62.0,1.0,1.0,0.0,38.0,40.0,1.0,14.0,1.0,5308.0,0
41.0,3.0,130.0,21.0,11.0,1.0,4.0,12.0,0.0,1.0,1.0,1.0,4.0,15.0,13.0,45.0,15.0,33.0,20.0,9.0,9.0,12.0,1.0,0.0,1.0,8.0,0.0,128.0,0.0,9.0,0.0,1.0,48.0,2.0,36.0,5.0,14.0,49.0,1.0,0.0,16.0,68.0,1.0,1.0,1.0,13.0,40.0,1.0,20.0,1.0,5308.0,0
41.0,3.0,33.0,21.0,13.0,1.0,4.0,14.0,2.0,1.0,0.0,1.0,4.0,15.0,13.0,45.0,0.0,33.0,8.0,9.0,1.0,12.0,1.0,0.0,1.0,8.0,1.0,33.0,0.0,2.0,0.0,1.0,40.0,2.0,36.0,5.0,14.0,49.0,1.0,0.0,2.0,33.0,1.0,0.0,0.0,15.0,40.0,1.0,116.0,1.0,5308.0,0
41.0,3.0,127.0,21.0,8.0,1.0,4.0,9.0,10.0,1.0,1.0,1.0,4.0,15.0,10.0,45.0,15.0,33.0,20.0,9.0,9.0,9.0,1.0,0.0,1.0,8.0,0.0,125.0,0.0,9.0,0.0,1.0,50.0,2.0,36.0,5.0,14.0,51.0,1.0,0.0,16.0,49.0,1.0,1.0,1.0,10.0,40.0,1.0,132.0,1.0,5308.0,0
41.0,0.0,93.0,0.0,13.0,0.0,1.0,14.0,11.0,0.0,0.0,1.0,0.0,2.0,13.0,41.0,7.0,33.0,30.0,9.0,6.0,12.0,1.0,0.0,1.0,8.0,1.0,93.0,1.0,2.0,1.0,1.0,40.0,2.0,36.0,5.0,14.0,49.0,0.0,0.0,7.0,112.0,1.0,1.0,1.0,2.0,40.0,1.0,134.0,0.0,5308.0,0
41.0,3.0,92.0,21.0,13.0,1.0,4.0,14.0,11.0,1.0,0.0,0.0,4.0,15.0,1.0,45.0,8.0,33.0,28.0,9.0,5.0,12.0,1.0,2.0,1.0,8.0,0.0,92.0,1.0,9.0,1.0,1.0,48.0,2.0,36.0,5.0,14.0,49.0,1.0,0.0,5.0,112.0,1.0,1.0,1.0,1.0,48.0,1.0,134.0,1.0,5308.0,0
41.0,3.0,94.0,21.0,13.0,1.0,4.0,14.0,11.0,1.0,0.0,1.0,4.0,2.0,13.0,45.0,11.0,33.0,38.0,9.0,7.0,12.0,1.0,0.0,1.0,8.0,1.0,94.0,1.0,2.0,1.0,0.0,40.0,2.0,36.0,0.0,14.0,49.0,1.0,0.0,9.0,112.0,1.0,1.0,1.0,2.0,40.0,1.0,134.0,1.0,5308.0,0
49.0,3.0,95.0,21.0,13.0,1.0,4.0,14.0,11.0,1.0,0.0,1.0,4.0,15.0,14.0,45.0,12.0,33.0,38.0,9.0,7.0,12.0,1.0,0.0,0.0,8.0,0.0,95.0,1.0,0.0,1.0,1.0,48.0,2.0,36.0,1.0,14.0,49.0,1.0,0.0,9.0,112.0,1.0,1.0,1.0,14.0,48.0,1.0,134.0,1.0,5308.0,0
43.0,4.0,83.0,17.0,13.0,0.0,3.0,14.0,11.0,1.0,0.0,1.0,3.0,106.0,13.0,42.0,2.0,33.0,20.0,0.0,4.0,12.0,1.0,0.0,1.0,8.0,1.0,83.0,1.0,1.0,1.0,1.0,40.0,2.0,36.0,3.0,14.0,49.0,0.0,0.0,3.0,112.0,1.0,1.0,1.0,106.0,40.0,1.0,134.0,1.0,5308.0,0
41.0,3.0,146.0,21.0,13.0,1.0,4.0,14.0,2.0,1.0,1.0,1.0,4.0,15.0,15.0,45.0,15.0,33.0,20.0,9.0,9.0,14.0,1.0,0.0,1.0,8.0,0.0,144.0,0.0,9.0,0.0,1.0,61.0,2.0,36.0,5.0,14.0,62.0,1.0,0.0,16.0,93.0,1.0,1.0,1.0,15.0,40.0,1.0,69.0,1.0,5308.0,0
41.0,3.0,56.0,21.0,51.0,1.0,4.0,52.0,9.0,1.0,0.0,1.0,4.0,53.0,13.0,45.0,0.0,33.0,8.0,9.0,1.0,12.0,1.0,0.0,1.0,8.0,1.0,56.0,0.0,2.0,0.0,1.0,40.0,2.0,36.0,5.0,52.0,49.0,1.0,0.0,2.0,89.0,1.0,1.0,0.0,53.0,40.0,1.0,82.0,1.0,5308.0,0
41.0,1.0,92.0,1.0,13.0,1.0,4.0,14.0,11.0,1.0,0.0,1.0,1.0,1.0,13.0,45.0,3.0,33.0,28.0,9.0,5.0,12.0,1.0,0.0,1.0,8.0,1.0,92.0,1.0,5.0,1.0,1.0,40.0,2.0,36.0,5.0,14.0,49.0,0.0,0.0,5.0,112.0,1.0,1.0,1.0,1.0,40.0,1.0,134.0,1.0,5308.0,0
41.0,4.0,109.0,14.0,13.0,1.0,4.0,14.0,11.0,1.0,1.0,1.0,3.0,15.0,13.0,45.0,4.0,33.0,20.0,9.0,1.0,12.0,1.0,1.0,1.0,6.0,1.0,107.0,1.0,10.0,1.0,1.0,35.0,0.0,36.0,5.0,14.0,49.0,0.0,0.0,14.0,112.0,1.0,1.0,1.0,6.0,40.0,1.0,134.0,1.0,5308.0,17
46.0,3.0,168.0,4.0,13.0,0.0,2.0,14.0,11.0,1.0,0.0,1.0,2.0,15.0,13.0,45.0,5.0,33.0,60.0,9.0,3.0,12.0,1.0,0.0,1.0,8.0,1.0,166.0,1.0,7.0,1.0,1.0,44.0,2.0,36.0,4.0,14.0,49.0,0.0,0.0,21.0,112.0,1.0,1.0,1.0,19.0,44.0,1.0,134.0,1.0,5308.0,17
41.0,3.0,65.0,21.0,28.0,1.0,4.0,14.0,5.0,1.0,0.0,1.0,4.0,15.0,30.0,45.0,6.0,33.0,20.0,9.0,4.0,12.0,1.0,0.0,1.0,8.0,0.0,65.0,0.0,6.0,1.0,1.0,46.0,2.0,36.0,5.0,14.0,49.0,1.0,0.0,3.0,112.0,1.0,0.0,1.0,30.0,46.0,1.0,46.0,1.0,5308.0,17
41.0,3.0,26.0,21.0,13.0,1.0,4.0,14.0,2.0,1.0,0.0,1.0,4.0,15.0,13.0,45.0,0.0,33.0,8.0,9.0,1.0,12.0,1.0,0.0,1.0,8.0,1.0,26.0,0.0,2.0,0.0,1.0,40.0,2.0,36.0,5.0,14.0,49.0,1.0,0.0,2.0,26.0,1.0,0.0,0.0,15.0,40.0,1.0,109.0,1.0,5308.0,17
41.0,3.0,112.0,21.0,3.0,1.0,4.0,4.0,6.0,1.0,1.0,1.0,4.0,15.0,5.0,45.0,15.0,33.0,20.0,9.0,9.0,4.0,1.0,0.0,1.0,8.0,0.0,110.0,0.0,9.0,0.0,1.0,48.0,2.0,36.0,5.0,14.0,49.0,1.0,0.0,16.0,3.0,1.0,0.0,1.0,5.0,40.0,1.0,39.0,1.0,5308.0,17
41.0,3.0,23.0,21.0,13.0,1.0,4.0,14.0,2.0,1.0,0.0,1.0,4.0,15.0,13.0,45.0,0.0,33.0,8.0,9.0,1.0,12.0,1.0,0.0,1.0,8.0,1.0,23.0,0.0,2.0,0.0,1.0,942.0,2.0,36.0,5.0,14.0,49.0,1.0,0.0,2.0,23.0,1.0,0.0,0.0,15.0,942.0,1.0,106.0,1.0,5308.0,17
41.0,3.0,30.0,21.0,13.0,1.0,4.0,14.0,2.0,1.0,0.0,1.0,4.0,15.0,13.0,45.0,0.0,33.0,8.0,9.0,1.0,12.0,1.0,0.0,1.0,8.0,1.0,30.0,0.0,2.0,0.0,1.0,1699.0,2.0,36.0,5.0,14.0,49.0,1.0,0.0,2.0,30.0,1.0,0.0,0.0,15.0,1699.0,1.0,113.0,1.0,5308.0,17
41.0,3.0,112.0,21.0,3.0,1.0,4.0,4.0,6.0,1.0,1.0,1.0,4.0,15.0,5.0,45.0,15.0,33.0,20.0,9.0,9.0,4.0,1.0,0.0,1.0,8.0,0.0,110.0,0.0,9.0,0.0,1.0,1483.0,2.0,36.0,5.0,14.0,1484.0,1.0,0.0,16.0,3.0,1.0,0.0,1.0,5.0,40.0,1.0,39.0,1.0,5308.0,17
41.0,3.0,28.0,21.0,13.0,1.0,4.0,14.0,2.0,1.0,0.0,1.0,4.0,15.0,13.0,45.0,0.0,33.0,8.0,9.0,1.0,12.0,1.0,0.0,1.0,8.0,1.0,28.0,0.0,2.0,0.0,1.0,2584.0,2.0,36.0,5.0,14.0,49.0,1.0,0.0,2.0,28.0,1.0,0.0,0.0,15.0,2584.0,1.0,111.0,1.0,5308.0,17
41.0,3.0,21.0,21.0,13.0,1.0,4.0,14.0,2.0,1.0,0.0,1.0,4.0,15.0,13.0,45.0,0.0,33.0,8.0,9.0,1.0,12.0,1.0,0.0,1.0,8.0,1.0,21.0,0.0,2.0,0.0,1.0,552.0,2.0,36.0,5.0,14.0,49.0,1.0,0.0,2.0,21.0,1.0,0.0,0.0,15.0,552.0,1.0,104.0,1.0,5308.0,17
41.0,3.0,112.0,21.0,3.0,1.0,4.0,4.0,6.0,1.0,1.0,1.0,4.0,15.0,5.0,45.0,15.0,33.0,20.0,9.0,9.0,4.0,1.0,0.0,1.0,8.0,0.0,110.0,0.0,9.0,0.0,1.0,1760.0,2.0,36.0,5.0,14.0,1761.0,1.0,0.0,16.0,3.0,1.0,0.0,1.0,5.0,40.0,1.0,39.0,1.0,5308.0,17
41.0,3.0,171.0,9.0,13.0,1.0,4.0,14.0,11.0,1.0,1.0,1.0,2.0,15.0,13.0,45.0,16.0,23.0,20.0,9.0,3.0,12.0,1.0,4.0,1.0,8.0,1.0,167.0,1.0,10.0,1.0,1.0,40.0,1.0,30.0,5.0,14.0,49.0,0.0,1.0,26.0,112.0,0.0,1.0,1.0,14.0,40.0,1.0,134.0,1.0,5308.0,17
34.0,1.0,97.0,3.0,13.0,1.0,4.0,14.0,11.0,1.0,1.0,1.0,1.0,15.0,13.0,45.0,10.0,33.0,20.0,9.0,1.0,12.0,0.0,4.0,1.0,8.0,1.0,167.0,1.0,3.0,1.0,1.0,34.0,2.0,36.0,2.0,14.0,49.0,0.0,1.0,12.0,112.0,1.0,1.0,1.0,14.0,40.0,0.0,134.0,1.0,5308.0,17
41.0,3.0,162.0,21.0,32.0,1.0,4.0,33.0,7.0,1.0,1.0,1.0,4.0,15.0,34.0,45.0,15.0,33.0,20.0,9.0,9.0,33.0,1.0,0.0,1.0,8.0,0.0,160.0,0.0,9.0,0.0,1.0,46.0,2.0,36.0,5.0,14.0,47.0,1.0,0.0,16.0,109.0,1.0,4.0,1.0,34.0,40.0,1.0,61.0,1.0,5308.0,17
41.0,1.0,92.0,1.0,13.0,1.0,4.0,14.0,11.0,1.0,0.0,1.0,1.0,1.0,13.0,45.0,3.0,33.0,28.0,9.0,5.0,12.0,1.0,0.0,1.0,8.0,1.0,92.0,1.0,5.0,1.0,1.0,40.0,2.0,36.0,5.0,14.0,49.0,0.0,0.0,5.0,112.0,1.0,1.0,1.0,1.0,40.0,1.0,134.0,1.0,5308.0,17
41.0,3.0,171.0,7.0,13.0,1.0,4.0,14.0,11.0,1.0,1.0,1.0,2.0,15.0,13.0,45.0,16.0,17.0,20.0,9.0,3.0,12.0,1.0,4.0,1.0,8.0,1.0,167.0,1.0,10.0,1.0,1.0,40.0,1.0,11.0,5.0,14.0,49.0,0.0,1.0,26.0,112.0,0.0,1.0,1.0,14.0,40.0,1.0,134.0,1.0,5308.0,17
34.0,1.0,97.0,3.0,13.0,1.0,4.0,14.0,11.0,1.0,1.0,1.0,1.0,15.0,13.0,45.0,10.0,33.0,20.0,9.0,1.0,12.0,0.0,4.0,1.0,8.0,1.0,167.0,1.0,3.0,1.0,1.0,34.0,2.0,36.0,2.0,14.0,49.0,0.0,1.0,12.0,112.0,1.0,1.0,1.0,14.0,40.0,0.0,134.0,1.0,5308.0,17
34.0,3.0,0.0,21.0,13.0,1.0,4.0,14.0,11.0,1.0,1.0,1.0,4.0,15.0,13.0,45.0,9.0,33.0,20.0,9.0,0.0,12.0,0.0,3.0,1.0,8.0,1.0,0.0,1.0,0.0,1.0,1.0,34.0,2.0,36.0,0.0,14.0,49.0,1.0,0.0,1.0,112.0,1.0,1.0,1.0,32.0,40.0,1.0,134.0,1.0,5308.0,17
41.0,4.0,109.0,14.0,13.0,1.0,4.0,14.0,11.0,1.0,1.0,1.0,3.0,15.0,13.0,45.0,4.0,33.0,20.0,9.0,1.0,12.0,1.0,1.0,1.0,6.0,1.0,107.0,1.0,10.0,1.0,1.0,35.0,0.0,36.0,5.0,14.0,49.0,0.0,0.0,14.0,112.0,1.0,1.0,1.0,6.0,40.0,1.0,134.0,1.0,5308.0,17
46.0,3.0,168.0,4.0,13.0,0.0,2.0,14.0,11.0,1.0,0.0,1.0,2.0,15.0,13.0,45.0,5.0,33.0,60.0,9.0,3.0,12.0,1.0,0.0,1.0,8.0,1.0,166.0,1.0,7.0,1.0,1.0,44.0,2.0,36.0,4.0,14.0,49.0,0.0,0.0,21.0,112.0,1.0,1.0,1.0,19.0,44.0,1.0,134.0,1.0,5308.0,17
41.0,3.0,74.0,21.0,32.0,1.0,4.0,14.0,7.0,1.0,0.0,1.0,4.0,15.0,34.0,45.0,6.0,33.0,20.0,9.0,4.0,12.0,1.0,0.0,1.0,8.0,0.0,74.0,0.0,6.0,1.0,1.0,46.0,2.0,36.0,5.0,14.0,49.0,1.0,0.0,3.0,112.0,1.0,0.0,1.0,34.0,46.0,1.0,51.0,1.0,5308.0,17
41.0,3.0,15.0,21.0,13.0,1.0,4.0,14.0,2.0,1.0,0.0,1.0,4.0,15.0,13.0,45.0,0.0,33.0,8.0,9.0,1.0,12.0,1.0,0.0,1.0,8.0,1.0,15.0,0.0,2.0,0.0,1.0,40.0,2.0,36.0,5.0,14.0,49.0,1.0,0.0,2.0,15.0,1.0,0.0,0.0,15.0,40.0,1.0,98.0,1.0,5308.0,17
41.0,3.0,112.0,21.0,3.0,1.0,4.0,4.0,6.0,1.0,1.0,1.0,4.0,15.0,5.0,45.0,15.0,33.0,20.0,9.0,9.0,4.0,1.0,0.0,1.0,8.0,0.0,110.0,0.0,9.0,0.0,1.0,48.0,2.0,36.0,5.0,14.0,49.0,1.0,0.0,16.0,3.0,1.0,0.0,1.0,5.0,40.0,1.0,38.0,1.0,5308.0,17
41.0,3.0,24.0,21.0,13.0,1.0,4.0,14.0,2.0,1.0,0.0,1.0,4.0,15.0,13.0,45.0,0.0,33.0,8.0,9.0,1.0,12.0,1.0,0.0,1.0,8.0,1.0,24.0,0.0,2.0,0.0,1.0,1391.0,2.0,36.0,5.0,14.0,49.0,1.0,0.0,2.0,24.0,1.0,0.0,0.0,15.0,1391.0,1.0,107.0,1.0,5308.0,17
41.0,3.0,25.0,21.0,13.0,1.0,4.0,14.0,2.0,1.0,0.0,1.0,4.0,15.0,13.0,45.0,0.0,33.0,8.0,9.0,1.0,12.0,1.0,0.0,1.0,8.0,1.0,25.0,0.0,2.0,0.0,1.0,1436.0,2.0,36.0,5.0,14.0,49.0,1.0,0.0,2.0,25.0,1.0,0.0,0.0,15.0,1436.0,1.0,108.0,1.0,5308.0,17
41.0,3.0,112.0,21.0,3.0,1.0,4.0,4.0,6.0,1.0,1.0,1.0,4.0,15.0,5.0,45.0,15.0,33.0,20.0,9.0,9.0,4.0,1.0,0.0,1.0,8.0,0.0,110.0,0.0,9.0,0.0,1.0,1583.0,2.0,36.0,5.0,14.0,1584.0,1.0,0.0,16.0,3.0,1.0,0.0,1.0,5.0,40.0,1.0,38.0,1.0,5308.0,17
41.0,3.0,20.0,21.0,13.0,1.0,4.0,14.0,2.0,1.0,0.0,1.0,4.0,15.0,13.0,45.0,0.0,33.0,8.0,9.0,1.0,12.0,1.0,0.0,1.0,8.0,1.0,20.0,0.0,2.0,0.0,1.0,2921.0,2.0,36.0,5.0,14.0,49.0,1.0,0.0,2.0,20.0,1.0,0.0,0.0,15.0,2921.0,1.0,103.0,1.0,5308.0,17
41.0,3.0,5.0,21.0,13.0,1.0,4.0,14.0,2.0,1.0,0.0,1.0,4.0,15.0,13.0,45.0,0.0,33.0,8.0,9.0,1.0,12.0,1.0,0.0,1.0,8.0,1.0,5.0,0.0,2.0,0.0,1.0,40.0,2.0,36.0,5.0,14.0,49.0,1.0,0.0,2.0,5.0,1.0,0.0,0.0,15.0,40.0,1.0,88.0,1.0,5308.0,17
41.0,3.0,20.0,21.0,13.0,1.0,4.0,14.0,2.0,1.0,0.0,1.0,4.0,15.0,13.0,45.0,0.0,33.0,8.0,9.0,1.0,12.0,1.0,0.0,1.0,8.0,1.0,20.0,0.0,2.0,0.0,1.0,2921.0,2.0,36.0,5.0,14.0,49.0,1.0,0.0,2.0,20.0,1.0,0.0,0.0,15.0,2921.0,1.0,103.0,1.0,5308.0,17
41.0,3.0,112.0,21.0,3.0,1.0,4.0,4.0,6.0,1.0,1.0,1.0,4.0,15.0,5.0,45.0,15.0,33.0,20.0,9.0,9.0,4.0,1.0,0.0,1.0,8.0,0.0,110.0,0.0,9.0,0.0,1.0,1664.0,2.0,36.0,5.0,14.0,1665.0,1.0,0.0,16.0,3.0,1.0,0.0,1.0,5.0,40.0,1.0,38.0,1.0,5308.0,17
41.0,3.0,171.0,9.0,13.0,1.0,4.0,14.0,11.0,1.0,1.0,1.0,2.0,15.0,13.0,45.0,16.0,13.0,20.0,9.0,3.0,12.0,1.0,4.0,1.0,8.0,1.0,167.0,1.0,10.0,1.0,1.0,40.0,1.0,27.0,5.0,14.0,49.0,0.0,1.0,26.0,112.0,0.0,1.0,1.0,14.0,40.0,1.0,134.0,1.0,5308.0,17
34.0,1.0,97.0,3.0,13.0,1.0,4.0,14.0,11.0,1.0,1.0,1.0,1.0,15.0,13.0,45.0,10.0,33.0,20.0,9.0,1.0,12.0,0.0,4.0,1.0,8.0,1.0,167.0,1.0,3.0,1.0,1.0,34.0,2.0,36.0,2.0,14.0,49.0,0.0,1.0,12.0,112.0,1.0,1.0,1.0,14.0,40.0,0.0,134.0,1.0,5308.0,17
41.0,3.0,157.0,21.0,32.0,1.0,4.0,33.0,7.0,1.0,1.0,1.0,4.0,15.0,34.0,45.0,15.0,33.0,20.0,9.0,9.0,33.0,1.0,0.0,1.0,8.0,0.0,155.0,0.0,9.0,0.0,1.0,46.0,2.0,36.0,5.0,14.0,47.0,1.0,0.0,16.0,104.0,1.0,4.0,1.0,34.0,40.0,1.0,41.0,1.0,5308.0,17
41.0,1.0,92.0,1.0,13.0,1.0,4.0,14.0,11.0,1.0,0.0,1.0,1.0,1.0,13.0,45.0,3.0,33.0,28.0,9.0,5.0,12.0,1.0,0.0,1.0,8.0,1.0,92.0,1.0,5.0,1.0,1.0,40.0,2.0,36.0,5.0,14.0,49.0,0.0,0.0,5.0,112.0,1.0,1.0,1.0,1.0,40.0,1.0,134.0,1.0,5308.0,17
41.0,3.0,171.0,7.0,13.0,1.0,4.0,14.0,11.0,1.0,1.0,1.0,2.0,15.0,13.0,45.0,16.0,6.0,20.0,9.0,3.0,12.0,1.0,4.0,1.0,8.0,1.0,167.0,1.0,10.0,1.0,1.0,40.0,1.0,7.0,5.0,14.0,49.0,0.0,1.0,26.0,112.0,0.0,1.0,1.0,14.0,40.0,1.0,134.0,1.0,5308.0,17
34.0,1.0,97.0,3.0,13.0,1.0,4.0,14.0,11.0,1.0,1.0,1.0,1.0,15.0,13.0,45.0,10.0,33.0,20.0,9.0,1.0,12.0,0.0,4.0,1.0,8.0,1.0,167.0,1.0,3.0,1.0,1.0,34.0,2.0,36.0,2.0,14.0,49.0,0.0,1.0,12.0,112.0,1.0,1.0,1.0,14.0,40.0,0.0,134.0,1.0,5308.0,17
34.0,3.0,0.0,21.0,13.0,1.0,4.0,14.0,11.0,1.0,1.0,1.0,4.0,15.0,13.0,45.0,9.0,33.0,20.0,9.0,0.0,12.0,0.0,3.0,1.0,8.0,1.0,0.0,1.0,0.0,1.0,1.0,34.0,2.0,36.0,0.0,14.0,49.0,1.0,0.0,1.0,112.0,1.0,1.0,1.0,32.0,40.0,1.0,134.0,1.0,5308.0,17
41.0,4.0,109.0,14.0,13.0,1.0,4.0,14.0,11.0,1.0,1.0,1.0,3.0,15.0,13.0,45.0,4.0,33.0,20.0,9.0,1.0,12.0,1.0,1.0,1.0,6.0,1.0,107.0,1.0,10.0,1.0,1.0,35.0,0.0,36.0,5.0,14.0,49.0,0.0,0.0,14.0,112.0,1.0,1.0,1.0,6.0,40.0,1.0,134.0,1.0,5308.0,17
46.0,3.0,168.0,4.0,13.0,0.0,2.0,14.0,11.0,1.0,0.0,1.0,2.0,15.0,13.0,45.0,5.0,33.0,60.0,9.0,3.0,12.0,1.0,0.0,1.0,8.0,1.0,166.0,1.0,7.0,1.0,1.0,44.0,2.0,36.0,4.0,14.0,49.0,0.0,0.0,21.0,112.0,1.0,1.0,1.0,19.0,44.0,1.0,134.0,1.0,5308.0,17
41.0,3.0,78.0,21.0,32.0,1.0,4.0,14.0,7.0,1.0,0.0,1.0,4.0,15.0,34.0,45.0,6.0,33.0,20.0,9.0,4.0,12.0,1.0,0.0,1.0,8.0,0.0,78.0,0.0,6.0,1.0,1.0,46.0,2.0,36.0,5.0,14.0,49.0,1.0,0.0,3.0,112.0,1.0,0.0,1.0,34.0,46.0,1.0,58.0,1.0,5308.0,17
41.0,3.0,34.0,21.0,13.0,1.0,4.0,14.0,2.0,1.0,0.0,1.0,4.0,15.0,13.0,45.0,0.0,33.0,8.0,9.0,1.0,12.0,1.0,0.0,1.0,8.0,1.0,34.0,0.0,2.0,0.0,1.0,40.0,2.0,36.0,5.0,14.0,49.0,1.0,0.0,2.0,34.0,1.0,0.0,0.0,15.0,40.0,1.0,117.0,1.0,5308.0,17
41.0,3.0,112.0,21.0,3.0,1.0,4.0,4.0,6.0,1.0,1.0,1.0,4.0,15.0,5.0,45.0,15.0,33.0,20.0,9.0,9.0,4.0,1.0,0.0,1.0,8.0,0.0,110.0,0.0,9.0,0.0,1.0,48.0,2.0,36.0,5.0,14.0,49.0,1.0,0.0,16.0,3.0,1.0,0.0,1.0,5.0,40.0,1.0,38.0,1.0,5308.0,17
41.0,3.0,13.0,21.0,13.0,1.0,4.0,14.0,2.0,1.0,0.0,1.0,4.0,15.0,13.0,45.0,0.0,33.0,8.0,9.0,1.0,12.0,1.0,0.0,1.0,8.0,1.0,13.0,0.0,2.0,0.0,1.0,784.0,2.0,36.0,5.0,14.0,49.0,1.0,0.0,2.0,13.0,1.0,0.0,0.0,15.0,784.0,1.0,96.0,1.0,5308.0,17
41.0,3.0,17.0,21.0,13.0,1.0,4.0,14.0,2.0,1.0,0.0,1.0,4.0,15.0,13.0,45.0,0.0,33.0,8.0,9.0,1.0,12.0,1.0,0.0,1.0,8.0,1.0,17.0,0.0,2.0,0.0,1.0,1751.0,2.0,36.0,5.0,14.0,49.0,1.0,0.0,2.0,17.0,1.0,0.0,0.0,15.0,1751.0,1.0,100.0,1.0,5308.0,17
41.0,3.0,112.0,21.0,3.0,1.0,4.0,4.0,6.0,1.0,1.0,1.0,4.0,15.0,5.0,45.0,15.0,33.0,20.0,9.0,9.0,4.0,1.0,0.0,1.0,8.0,0.0,110.0,0.0,9.0,0.0,1.0,1420.0,2.0,36.0,5.0,14.0,1421.0,1.0,0.0,16.0,3.0,1.0,0.0,1.0,5.0,40.0,1.0,38.0,1.0,5308.0,17
41.0,3.0,18.0,21.0,13.0,1.0,4.0,14.0,2.0,1.0,0.0,1.0,4.0,15.0,13.0,45.0,0.0,33.0,8.0,9.0,1.0,12.0,1.0,0.0,1.0,8.0,1.0,18.0,0.0,2.0,0.0,1.0,2921.0,2.0,36.0,5.0,14.0,49.0,1.0,0.0,2.0,18.0,1.0,0.0,0.0,15.0,2921.0,1.0,101.0,1.0,5308.0,17
41.0,3.0,27.0,21.0,13.0,1.0,4.0,14.0,2.0,1.0,0.0,1.0,4.0,15.0,13.0,45.0,0.0,33.0,8.0,9.0,1.0,12.0,1.0,0.0,1.0,8.0,1.0,27.0,0.0,2.0,0.0,1.0,334.0,2.0,36.0,5.0,14.0,49.0,1.0,0.0,2.0,27.0,1.0,0.0,0.0,15.0,334.0,1.0,110.0,1.0,5308.0,17
41.0,3.0,18.0,21.0,13.0,1.0,4.0,14.0,2.0,1.0,0.0,1.0,4.0,15.0,13.0,45.0,0.0,33.0,8.0,9.0,1.0,12.0,1.0,0.0,1.0,8.0,1.0,18.0,0.0,2.0,0.0,1.0,2921.0,2.0,36.0,5.0,14.0,49.0,1.0,0.0,2.0,18.0,1.0,0.0,0.0,15.0,2921.0,1.0,101.0,1.0,5308.0,17
41.0,3.0,112.0,21.0,3.0,1.0,4.0,4.0,6.0,1.0,1.0,1.0,4.0,15.0,5.0,45.0,15.0,33.0,20.0,9.0,9.0,4.0,1.0,0.0,1.0,8.0,0.0,110.0,0.0,9.0,0.0,1.0,1817.0,2.0,36.0,5.0,14.0,1818.0,1.0,0.0,16.0,3.0,1.0,0.0,1.0,5.0,40.0,1.0,38.0,1.0,5308.0,17
41.0,1.0,92.0,1.0,13.0,1.0,4.0,14.0,11.0,1.0,0.0,1.0,1.0,1.0,13.0,45.0,3.0,33.0,28.0,9.0,5.0,12.0,1.0,0.0,1.0,8.0,1.0,92.0,1.0,5.0,1.0,1.0,40.0,2.0,36.0,5.0,14.0,49.0,0.0,0.0,5.0,112.0,1.0,1.0,1.0,1.0,40.0,1.0,134.0,1.0,5308.0,17
41.0,0.0,96.0,21.0,13.0,1.0,4.0,14.0,11.0,1.0,1.0,1.0,0.0,15.0,13.0,45.0,1.0,33.0,20.0,9.0,0.0,12.0,1.0,4.0,1.0,8.0,1.0,167.0,1.0,8.0,1.0,1.0,34.0,2.0,36.0,5.0,14.0,49.0,0.0,1.0,11.0,112.0,1.0,1.0,1.0,1.0,40.0,1.0,134.0,1.0,5308.0,17
41.0,3.0,170.0,21.0,13.0,1.0,4.0,14.0,11.0,1.0,1.0,1.0,4.0,15.0,13.0,45.0,16.0,33.0,20.0,9.0,3.0,12.0,1.0,4.0,1.0,8.0,1.0,167.0,1.0,10.0,1.0,1.0,34.0,2.0,36.0,5.0,14.0,49.0,1.0,1.0,25.0,112.0,1.0,1.0,1.0,14.0,40.0,1.0,134.0,1.0,5308.0,0
41.0,3.0,171.0,7.0,13.0,1.0,4.0,14.0,11.0,1.0,1.0,1.0,2.0,15.0,13.0,45.0,16.0,12.0,20.0,9.0,3.0,12.0,1.0,4.0,1.0,8.0,1.0,167.0,1.0,10.0,1.0,1.0,40.0,1.0,9.0,5.0,14.0,49.0,0.0,1.0,26.0,112.0,0.0,1.0,1.0,14.0,40.0,1.0,134.0,1.0,5308.0,0
34.0,1.0,97.0,3.0,13.0,1.0,4.0,14.0,11.0,1.0,1.0,1.0,1.0,15.0,13.0,45.0,10.0,33.0,20.0,9.0,1.0,12.0,0.0,4.0,1.0,8.0,1.0,167.0,1.0,3.0,1.0,1.0,34.0,2.0,36.0,2.0,14.0,49.0,0.0,1.0,12.0,112.0,1.0,1.0,1.0,14.0,40.0,0.0,134.0,1.0,5308.0,0
34.0,3.0,0.0,21.0,13.0,1.0,4.0,14.0,11.0,1.0,1.0,1.0,4.0,15.0,13.0,45.0,9.0,33.0,20.0,9.0,0.0,12.0,0.0,3.0,1.0,8.0,1.0,0.0,1.0,0.0,1.0,1.0,34.0,2.0,36.0,0.0,14.0,49.0,1.0,0.0,1.0,112.0,1.0,1.0,1.0,32.0,40.0,1.0,134.0,1.0,5308.0,0
41.0,4.0,109.0,14.0,13.0,1.0,4.0,14.0,11.0,1.0,1.0,1.0,3.0,15.0,13.0,45.0,4.0,33.0,20.0,9.0,1.0,12.0,1.0,1.0,1.0,6.0,1.0,107.0,1.0,10.0,1.0,1.0,35.0,0.0,36.0,5.0,14.0,49.0,0.0,0.0,14.0,112.0,1.0,1.0,1.0,6.0,40.0,1.0,134.0,1.0,5308.0,0
46.0,3.0,168.0,4.0,13.0,0.0,2.0,14.0,11.0,1.0,0.0,1.0,2.0,15.0,13.0,45.0,5.0,33.0,60.0,9.0,3.0,12.0,1.0,0.0,1.0,8.0,1.0,166.0,1.0,7.0,1.0,1.0,44.0,2.0,36.0,4.0,14.0,49.0,0.0,0.0,21.0,112.0,1.0,1.0,1.0,19.0,44.0,1.0,134.0,1.0,5308.0,0
41.0,3.0,61.0,21.0,21.0,1.0,4.0,14.0,4.0,1.0,0.0,1.0,4.0,15.0,23.0,45.0,6.0,33.0,20.0,9.0,4.0,12.0,1.0,0.0,1.0,8.0,0.0,61.0,0.0,6.0,1.0,1.0,46.0,2.0,36.0,5.0,14.0,49.0,1.0,0.0,3.0,112.0,1.0,0.0,1.0,23.0,46.0,1.0,0.0,1.0,5308.0,0
41.0,3.0,36.0,21.0,36.0,1.0,4.0,37.0,8.0,1.0,0.0,1.0,4.0,38.0,13.0,45.0,0.0,33.0,8.0,9.0,1.0,12.0,1.0,0.0,1.0,8.0,1.0,36.0,0.0,2.0,0.0,1.0,40.0,2.0,36.0,5.0,37.0,49.0,1.0,0.0,2.0,52.0,1.0,1.0,0.0,38.0,40.0,1.0,4.0,1.0,5308.0,0
41.0,3.0,136.0,21.0,11.0,1.0,4.0,12.0,0.0,1.0,1.0,1.0,4.0,15.0,13.0,45.0,15.0,33.0,20.0,9.0,9.0,12.0,1.0,0.0,1.0,8.0,0.0,134.0,0.0,9.0,0.0,1.0,48.0,2.0,36.0,5.0,14.0,49.0,1.0,0.0,16.0,74.0,1.0,1.0,1.0,13.0,40.0,1.0,26.0,1.0,5308.0,0
41.0,3.0,31.0,21.0,13.0,1.0,4.0,14.0,2.0,1.0,0.0,1.0,4.0,15.0,13.0,45.0,0.0,33.0,8.0,9.0,1.0,12.0,1.0,0.0,1.0,8.0,1.0,31.0,0.0,2.0,0.0,1.0,40.0,2.0,36.0,5.0,14.0,49.0,1.0,0.0,2.0,31.0,1.0,0.0,0.0,15.0,40.0,1.0,114.0,1.0,5308.0,0
41.0,3.0,118.0,21.0,8.0,1.0,4.0,9.0,10.0,1.0,1.0,1.0,4.0,15.0,10.0,45.0,15.0,33.0,20.0,9.0,9.0,9.0,1.0,0.0,1.0,8.0,0.0,116.0,0.0,9.0,0.0,1.0,48.0,2.0,36.0,5.0,14.0,49.0,1.0,0.0,16.0,40.0,1.0,1.0,1.0,10.0,40.0,1.0,123.0,1.0,5308.0,0
41.0,0.0,93.0,0.0,13.0,0.0,1.0,14.0,11.0,0.0,0.0,1.0,0.0,2.0,13.0,41.0,7.0,33.0,30.0,9.0,6.0,12.0,1.0,0.0,1.0,8.0,1.0,93.0,1.0,2.0,1.0,1.0,40.0,2.0,36.0,5.0,14.0,49.0,0.0,0.0,7.0,112.0,1.0,1.0,1.0,2.0,40.0,1.0,134.0,0.0,5308.0,0
41.0,3.0,92.0,21.0,13.0,1.0,4.0,14.0,11.0,1.0,0.0,0.0,4.0,15.0,1.0,45.0,8.0,33.0,28.0,9.0,5.0,12.0,1.0,2.0,1.0,8.0,0.0,92.0,1.0,9.0,1.0,1.0,50.0,2.0,36.0,5.0,14.0,49.0,1.0,0.0,5.0,112.0,1.0,1.0,1.0,1.0,50.0,1.0,134.0,1.0,5308.0,0
41.0,3.0,94.0,21.0,13.0,1.0,4.0,14.0,11.0,1.0,0.0,1.0,4.0,2.0,13.0,45.0,11.0,33.0,38.0,9.0,7.0,12.0,1.0,0.0,1.0,8.0,1.0,94.0,1.0,2.0,1.0,0.0,40.0,2.0,36.0,0.0,14.0,49.0,1.0,0.0,9.0,112.0,1.0,1.0,1.0,2.0,40.0,1.0,134.0,1.0,5308.0,0
49.0,3.0,95.0,21.0,13.0,1.0,4.0,14.0,11.0,1.0,0.0,1.0,4.0,15.0,14.0,45.0,12.0,33.0,38.0,9.0,7.0,12.0,1.0,0.0,0.0,8.0,0.0,95.0,1.0,0.0,1.0,1.0,48.0,2.0,36.0,1.0,14.0,49.0,1.0,0.0,9.0,112.0,1.0,1.0,1.0,14.0,48.0,1.0,134.0,1.0,5308.0,0
43.0,4.0,84.0,17.0,13.0,0.0,3.0,14.0,11.0,1.0,0.0,1.0,3.0,106.0,13.0,42.0,2.0,33.0,20.0,1.0,4.0,12.0,1.0,0.0,1.0,8.0,1.0,84.0,1.0,1.0,1.0,1.0,40.0,2.0,36.0,3.0,14.0,49.0,0.0,0.0,3.0,112.0,1.0,1.0,1.0,106.0,40.0,1.0,134.0,1.0,5308.0,0
41.0,3.0,154.0,21.0,13.0,1.0,4.0,14.0,2.0,1.0,1.0,1.0,4.0,15.0,15.0,45.0,15.0,33.0,20.0,9.0,9.0,14.0,1.0,0.0,1.0,8.0,0.0,152.0,0.0,9.0,0.0,1.0,61.0,2.0,36.0,5.0,14.0,62.0,1.0,0.0,16.0,101.0,1.0,1.0,1.0,15.0,40.0,1.0,86.0,1.0,5308.0,0
41.0,3.0,54.0,21.0,51.0,1.0,4.0,52.0,9.0,1.0,0.0,1.0,4.0,53.0,13.0,45.0,0.0,33.0,8.0,9.0,1.0,12.0,1.0,0.0,1.0,8.0,1.0,54.0,0.0,2.0,0.0,1.0,40.0,2.0,36.0,5.0,52.0,49.0,1.0,0.0,2.0,87.0,1.0,1.0,0.0,53.0,40.0,1.0,78.0,1.0,5308.0,0
41.0,1.0,92.0,1.0,13.0,1.0,4.0,14.0,11.0,1.0,0.0,1.0,1.0,1.0,13.0,45.0,3.0,33.0,28.0,9.0,5.0,12.0,1.0,0.0,1.0,8.0,1.0,92.0,1.0,5.0,1.0,1.0,40.0,2.0,36.0,5.0,14.0,49.0,0.0,0.0,5.0,112.0,1.0,1.0,1.0,1.0,40.0,1.0,134.0,1.0,5308.0,0
41.0,3.0,110.0,15.0,13.0,1.0,4.0,14.0,11.0,1.0,1.0,1.0,2.0,15.0,13.0,45.0,4.0,33.0,20.0,9.0,1.0,12.0,1.0,1.0,1.0,6.0,1.0,108.0,1.0,10.0,1.0,1.0,35.0,0.0,36.0,5.0,14.0,49.0,0.0,0.0,14.0,112.0,1.0,1.0,1.0,6.0,40.0,1.0,134.0,1.0,5308.0,0
46.0,3.0,168.0,4.0,13.0,0.0,2.0,14.0,11.0,1.0,0.0,1.0,2.0,15.0,13.0,45.0,5.0,33.0,60.0,9.0,3.0,12.0,1.0,0.0,1.0,8.0,1.0,166.0,1.0,7.0,1.0,1.0,44.0,2.0,36.0,4.0,14.0,49.0,0.0,0.0,21.0,112.0,1.0,1.0,1.0,19.0,44.0,1.0,134.0,1.0,5308.0,0
